

Microchip MPLAB XC8 Assembler V3.00 build 20241204225717 
                                                                                               Wed Dec 03 21:32:45 2025

Microchip MPLAB XC8 C Compiler v3.00 (Free license) build 20241204225717 Og1 
     1                           	processor	18F4520
     2                           	fnconf	rparam,??,?,0
     3                           	pagewidth 120
     4                           	opt	flic
     5                           	psect	idataCOMRAM,global,class=CODE,space=0,delta=1,noexec
     6                           	psect	idataBANK0,global,class=CODE,space=0,delta=1,noexec
     7                           	psect	smallconst,global,reloc=2,class=SMALLCONST,space=0,delta=1,noexec
     8                           	psect	cinit,global,reloc=2,class=CODE,space=0,delta=1
     9                           	psect	bssCOMRAM,global,class=COMRAM,space=1,delta=1,lowdata,noexec
    10                           	psect	dataCOMRAM,global,class=COMRAM,space=1,delta=1,lowdata,noexec
    11                           	psect	bssBANK0,global,class=BANK0,space=1,delta=1,lowdata,noexec
    12                           	psect	dataBANK0,global,class=BANK0,space=1,delta=1,lowdata,noexec
    13                           	psect	cstackBANK1,global,class=BANK1,space=1,delta=1,lowdata,noexec
    14                           	psect	cstackBANK0,global,class=BANK0,space=1,delta=1,lowdata,noexec
    15                           	psect	cstackCOMRAM,global,class=COMRAM,space=1,delta=1,lowdata,noexec
    16                           	psect	text0,global,reloc=2,class=CODE,space=0,delta=1
    17                           	psect	text1,global,reloc=2,class=CODE,space=0,delta=1
    18                           	psect	text2,global,reloc=2,class=CODE,space=0,delta=1
    19                           	psect	text3,global,reloc=2,class=CODE,space=0,delta=1
    20                           	psect	text4,global,reloc=2,class=CODE,space=0,delta=1,group=1
    21                           	psect	text5,global,reloc=2,class=CODE,space=0,delta=1,group=1
    22                           	psect	text6,global,reloc=2,class=CODE,space=0,delta=1
    23                           	psect	text7,global,reloc=2,class=CODE,space=0,delta=1
    24                           	psect	text8,global,reloc=2,class=CODE,space=0,delta=1
    25                           	psect	text9,global,reloc=2,class=CODE,space=0,delta=1
    26                           	psect	text10,global,reloc=2,class=CODE,space=0,delta=1
    27                           	psect	text11,global,reloc=2,class=CODE,space=0,delta=1
    28                           	psect	text12,global,reloc=2,class=CODE,space=0,delta=1
    29                           	psect	text13,global,reloc=2,class=CODE,space=0,delta=1
    30                           	psect	text14,global,reloc=2,class=CODE,space=0,delta=1
    31                           	psect	text15,global,reloc=2,class=CODE,space=0,delta=1
    32                           	psect	text16,global,reloc=2,class=CODE,space=0,delta=1
    33                           	psect	text17,global,reloc=2,class=CODE,space=0,delta=1
    34                           	psect	intcodelo,global,reloc=2,class=CODE,space=0,delta=1
    35                           	psect	text19,global,reloc=2,class=CODE,space=0,delta=1
    36                           	psect	text20,global,reloc=2,class=CODE,space=0,delta=1
    37                           	psect	text21,global,reloc=2,class=CODE,space=0,delta=1
    38                           	psect	text22,global,reloc=2,class=CODE,space=0,delta=1
    39                           	psect	text23,global,reloc=2,class=CODE,space=0,delta=1
    40                           	psect	text24,global,reloc=2,class=CODE,space=0,delta=1,group=2
    41                           	psect	text25,global,reloc=2,class=CODE,space=0,delta=1
    42                           	psect	text26,global,reloc=2,class=CODE,space=0,delta=1,group=1
    43                           	psect	text27,global,reloc=2,class=CODE,space=0,delta=1,group=1
    44                           	psect	text28,global,reloc=2,class=CODE,space=0,delta=1
    45                           	psect	text29,global,reloc=2,class=CODE,space=0,delta=1
    46                           	psect	intcode,global,reloc=2,class=CODE,space=0,delta=1
    47                           	psect	intcode_body,global,reloc=2,class=CODE,space=0,delta=1
    48                           	psect	text31,global,reloc=2,class=CODE,space=0,delta=1
    49                           	psect	text32,global,reloc=2,class=CODE,space=0,delta=1
    50                           	psect	text33,global,reloc=2,class=CODE,space=0,delta=1
    51                           	psect	text34,global,reloc=2,class=CODE,space=0,delta=1
    52                           	psect	text35,global,reloc=2,class=CODE,space=0,delta=1
    53                           	psect	text36,global,reloc=2,class=CODE,space=0,delta=1,group=2
    54                           	psect	text37,global,reloc=2,class=CODE,space=0,delta=1
    55                           	psect	text38,global,reloc=2,class=CODE,space=0,delta=1,group=2
    56                           	psect	text39,global,reloc=2,class=CODE,space=0,delta=1,group=2
    57                           	psect	text40,global,reloc=2,class=CODE,space=0,delta=1,group=2
    58                           	psect	text41,global,reloc=2,class=CODE,space=0,delta=1,group=2
    59                           	psect	text42,global,reloc=2,class=CODE,space=0,delta=1,group=1
    60                           	psect	text43,global,reloc=2,class=CODE,space=0,delta=1,group=1
    61                           	psect	text44,global,reloc=2,class=CODE,space=0,delta=1,group=1
    62                           	psect	text45,global,reloc=2,class=CODE,space=0,delta=1,group=1
    63                           	psect	text46,global,reloc=2,class=CODE,space=0,delta=1,group=1
    64                           	psect	text47,global,reloc=2,class=CODE,space=0,delta=1,group=1
    65                           	psect	text48,global,reloc=2,class=CODE,space=0,delta=1,group=1
    66                           	psect	text49,global,reloc=2,class=CODE,space=0,delta=1,group=2
    67                           	psect	text50,global,reloc=2,class=CODE,space=0,delta=1,group=2
    68                           	psect	text51,global,reloc=2,class=CODE,space=0,delta=1,group=1
    69                           	psect	text52,global,reloc=2,class=CODE,space=0,delta=1
    70                           	psect	text53,global,reloc=2,class=CODE,space=0,delta=1
    71                           	psect	text54,global,reloc=2,class=CODE,space=0,delta=1
    72                           	psect	intsave_regs,global,class=BIGRAM,space=1,delta=1,noexec
    73                           	psect	rparam,global,class=COMRAM,space=1,delta=1,noexec
    74                           	psect	temp,global,ovrld,common,class=COMRAM,space=1,delta=1,lowdata
    75                           	psect	idloc,global,abs,ovrld,class=IDLOC,space=5,delta=1,noexec
    76                           	psect	config,global,abs,ovrld,class=CONFIG,space=4,delta=1,noexec
    77   000000                     
    78                           ; Generated 05/12/2024 GMT
    79                           ; 
    80                           ; Copyright © 2024, Microchip Technology Inc. and its subsidiaries ("Microchip")
    81                           ; All rights reserved.
    82                           ; 
    83                           ; This software is developed by Microchip Technology Inc. and its subsidiaries ("Microch
      +                          ip").
    84                           ; 
    85                           ; Redistribution and use in source and binary forms, with or without modification, are
    86                           ; permitted provided that the following conditions are met:
    87                           ; 
    88                           ;     1. Redistributions of source code must retain the above copyright notice, this lis
      +                          t of
    89                           ;        conditions and the following disclaimer.
    90                           ; 
    91                           ;     2. Redistributions in binary form must reproduce the above copyright notice, this 
      +                          list
    92                           ;        of conditions and the following disclaimer in the documentation and/or other
    93                           ;        materials provided with the distribution. Publication is not required when
    94                           ;        this file is used in an embedded application.
    95                           ; 
    96                           ;     3. Microchip's name may not be used to endorse or promote products derived from th
      +                          is
    97                           ;        software without specific prior written permission.
    98                           ; 
    99                           ; THIS SOFTWARE IS PROVIDED BY MICROCHIP "AS IS" AND ANY EXPRESS OR IMPLIED WARRANTIES,
   100                           ; INCLUDING, BUT NOT LIMITED TO, THE IMPLIED WARRANTIES OF MERCHANTABILITY AND FITNESS F
      +                          OR
   101                           ; PURPOSE ARE DISCLAIMED.  IN NO EVENT SHALL MICROCHIP BE LIABLE FOR ANY DIRECT, INDIREC
      +                          T,
   102                           ; INCIDENTAL, SPECIAL, EXEMPLARY, OR CONSEQUENTIAL DAMAGES (INCLUDING BUT NOT LIMITED TO
   103                           ; PROCUREMENT OF SUBSTITUTE GOODS OR SERVICES; LOSS OF USE, DATA OR PROFITS; OR BUSINESS
   104                           ; INTERRUPTION) HOWSOEVER CAUSED AND ON ANY THEORY OF LIABILITY, WHETHER IN CONTRACT, ST
      +                          RICT
   105                           ; LIABILITY, OR TORT (INCLUDING NEGLIGENCE OR OTHERWISE) ARISING IN ANY WAY OUT OF THE U
      +                          SE OF
   106                           ; THIS SOFTWARE, EVEN IF ADVISED OF THE POSSIBILITY OF SUCH DAMAGE.
   107                           ; 
   108                           ; 
   109                           ; Code-generator required, PIC18F4520 Definitions
   110                           ; 
   111                           ; SFR Addresses
   112   000FE0                     bsr             equ	4064
   113   000FE9                     fsr0            equ	4073
   114   000FEA                     fsr0h           equ	4074
   115   000FE9                     fsr0l           equ	4073
   116   000FE1                     fsr1            equ	4065
   117   000FE2                     fsr1h           equ	4066
   118   000FE1                     fsr1l           equ	4065
   119   000FD9                     fsr2            equ	4057
   120   000FDA                     fsr2h           equ	4058
   121   000FD9                     fsr2l           equ	4057
   122   000FEF                     indf0           equ	4079
   123   000FE7                     indf1           equ	4071
   124   000FDF                     indf2           equ	4063
   125   000FF2                     intcon          equ	4082
   126   000000                     nvmcon          equ	0
   127   000FF9                     pcl             equ	4089
   128   000FFA                     pclath          equ	4090
   129   000FFB                     pclatu          equ	4091
   130   000FEB                     plusw0          equ	4075
   131   000FE3                     plusw1          equ	4067
   132   000FDB                     plusw2          equ	4059
   133   000FED                     postdec0        equ	4077
   134   000FE5                     postdec1        equ	4069
   135   000FDD                     postdec2        equ	4061
   136   000FEE                     postinc0        equ	4078
   137   000FE6                     postinc1        equ	4070
   138   000FDE                     postinc2        equ	4062
   139   000FEC                     preinc0         equ	4076
   140   000FE4                     preinc1         equ	4068
   141   000FDC                     preinc2         equ	4060
   142   000FF3                     prod            equ	4083
   143   000FF4                     prodh           equ	4084
   144   000FF3                     prodl           equ	4083
   145   000FD8                     status          equ	4056
   146   000FF5                     tablat          equ	4085
   147   000FF6                     tblptr          equ	4086
   148   000FF7                     tblptrh         equ	4087
   149   000FF6                     tblptrl         equ	4086
   150   000FF8                     tblptru         equ	4088
   151   000FFD                     tosl            equ	4093
   152   000FE8                     wreg            equ	4072
   153   000F80                     PORTA           equ	3968	;# 
   154   000F81                     PORTB           equ	3969	;# 
   155   000F82                     PORTC           equ	3970	;# 
   156   000F83                     PORTD           equ	3971	;# 
   157   000F84                     PORTE           equ	3972	;# 
   158   000F89                     LATA            equ	3977	;# 
   159   000F8A                     LATB            equ	3978	;# 
   160   000F8B                     LATC            equ	3979	;# 
   161   000F8C                     LATD            equ	3980	;# 
   162   000F8D                     LATE            equ	3981	;# 
   163   000F92                     TRISA           equ	3986	;# 
   164   000F92                     DDRA            equ	3986	;# 
   165   000F93                     TRISB           equ	3987	;# 
   166   000F93                     DDRB            equ	3987	;# 
   167   000F94                     TRISC           equ	3988	;# 
   168   000F94                     DDRC            equ	3988	;# 
   169   000F95                     TRISD           equ	3989	;# 
   170   000F95                     DDRD            equ	3989	;# 
   171   000F96                     TRISE           equ	3990	;# 
   172   000F96                     DDRE            equ	3990	;# 
   173   000F9B                     OSCTUNE         equ	3995	;# 
   174   000F9D                     PIE1            equ	3997	;# 
   175   000F9E                     PIR1            equ	3998	;# 
   176   000F9F                     IPR1            equ	3999	;# 
   177   000FA0                     PIE2            equ	4000	;# 
   178   000FA1                     PIR2            equ	4001	;# 
   179   000FA2                     IPR2            equ	4002	;# 
   180   000FA6                     EECON1          equ	4006	;# 
   181   000FA7                     EECON2          equ	4007	;# 
   182   000FA8                     EEDATA          equ	4008	;# 
   183   000FA9                     EEADR           equ	4009	;# 
   184   000FAB                     RCSTA           equ	4011	;# 
   185   000FAB                     RCSTA1          equ	4011	;# 
   186   000FAC                     TXSTA           equ	4012	;# 
   187   000FAC                     TXSTA1          equ	4012	;# 
   188   000FAD                     TXREG           equ	4013	;# 
   189   000FAD                     TXREG1          equ	4013	;# 
   190   000FAE                     RCREG           equ	4014	;# 
   191   000FAE                     RCREG1          equ	4014	;# 
   192   000FAF                     SPBRG           equ	4015	;# 
   193   000FAF                     SPBRG1          equ	4015	;# 
   194   000FB0                     SPBRGH          equ	4016	;# 
   195   000FB1                     T3CON           equ	4017	;# 
   196   000FB2                     TMR3            equ	4018	;# 
   197   000FB2                     TMR3L           equ	4018	;# 
   198   000FB3                     TMR3H           equ	4019	;# 
   199   000FB4                     CMCON           equ	4020	;# 
   200   000FB5                     CVRCON          equ	4021	;# 
   201   000FB6                     ECCP1AS         equ	4022	;# 
   202   000FB6                     ECCPAS          equ	4022	;# 
   203   000FB7                     PWM1CON         equ	4023	;# 
   204   000FB7                     ECCP1DEL        equ	4023	;# 
   205   000FB8                     BAUDCON         equ	4024	;# 
   206   000FB8                     BAUDCTL         equ	4024	;# 
   207   000FBA                     CCP2CON         equ	4026	;# 
   208   000FBB                     CCPR2           equ	4027	;# 
   209   000FBB                     CCPR2L          equ	4027	;# 
   210   000FBC                     CCPR2H          equ	4028	;# 
   211   000FBD                     CCP1CON         equ	4029	;# 
   212   000FBE                     CCPR1           equ	4030	;# 
   213   000FBE                     CCPR1L          equ	4030	;# 
   214   000FBF                     CCPR1H          equ	4031	;# 
   215   000FC0                     ADCON2          equ	4032	;# 
   216   000FC1                     ADCON1          equ	4033	;# 
   217   000FC2                     ADCON0          equ	4034	;# 
   218   000FC3                     ADRES           equ	4035	;# 
   219   000FC3                     ADRESL          equ	4035	;# 
   220   000FC4                     ADRESH          equ	4036	;# 
   221   000FC5                     SSPCON2         equ	4037	;# 
   222   000FC6                     SSPCON1         equ	4038	;# 
   223   000FC7                     SSPSTAT         equ	4039	;# 
   224   000FC8                     SSPADD          equ	4040	;# 
   225   000FC9                     SSPBUF          equ	4041	;# 
   226   000FCA                     T2CON           equ	4042	;# 
   227   000FCB                     PR2             equ	4043	;# 
   228   000FCB                     MEMCON          equ	4043	;# 
   229   000FCC                     TMR2            equ	4044	;# 
   230   000FCD                     T1CON           equ	4045	;# 
   231   000FCE                     TMR1            equ	4046	;# 
   232   000FCE                     TMR1L           equ	4046	;# 
   233   000FCF                     TMR1H           equ	4047	;# 
   234   000FD0                     RCON            equ	4048	;# 
   235   000FD1                     WDTCON          equ	4049	;# 
   236   000FD2                     HLVDCON         equ	4050	;# 
   237   000FD2                     LVDCON          equ	4050	;# 
   238   000FD3                     OSCCON          equ	4051	;# 
   239   000FD5                     T0CON           equ	4053	;# 
   240   000FD6                     TMR0            equ	4054	;# 
   241   000FD6                     TMR0L           equ	4054	;# 
   242   000FD7                     TMR0H           equ	4055	;# 
   243   000FD8                     STATUS          equ	4056	;# 
   244   000FD9                     FSR2            equ	4057	;# 
   245   000FD9                     FSR2L           equ	4057	;# 
   246   000FDA                     FSR2H           equ	4058	;# 
   247   000FDB                     PLUSW2          equ	4059	;# 
   248   000FDC                     PREINC2         equ	4060	;# 
   249   000FDD                     POSTDEC2        equ	4061	;# 
   250   000FDE                     POSTINC2        equ	4062	;# 
   251   000FDF                     INDF2           equ	4063	;# 
   252   000FE0                     BSR             equ	4064	;# 
   253   000FE1                     FSR1            equ	4065	;# 
   254   000FE1                     FSR1L           equ	4065	;# 
   255   000FE2                     FSR1H           equ	4066	;# 
   256   000FE3                     PLUSW1          equ	4067	;# 
   257   000FE4                     PREINC1         equ	4068	;# 
   258   000FE5                     POSTDEC1        equ	4069	;# 
   259   000FE6                     POSTINC1        equ	4070	;# 
   260   000FE7                     INDF1           equ	4071	;# 
   261   000FE8                     WREG            equ	4072	;# 
   262   000FE9                     FSR0            equ	4073	;# 
   263   000FE9                     FSR0L           equ	4073	;# 
   264   000FEA                     FSR0H           equ	4074	;# 
   265   000FEB                     PLUSW0          equ	4075	;# 
   266   000FEC                     PREINC0         equ	4076	;# 
   267   000FED                     POSTDEC0        equ	4077	;# 
   268   000FEE                     POSTINC0        equ	4078	;# 
   269   000FEF                     INDF0           equ	4079	;# 
   270   000FF0                     INTCON3         equ	4080	;# 
   271   000FF1                     INTCON2         equ	4081	;# 
   272   000FF2                     INTCON          equ	4082	;# 
   273   000FF3                     PROD            equ	4083	;# 
   274   000FF3                     PRODL           equ	4083	;# 
   275   000FF4                     PRODH           equ	4084	;# 
   276   000FF5                     TABLAT          equ	4085	;# 
   277   000FF6                     TBLPTR          equ	4086	;# 
   278   000FF6                     TBLPTRL         equ	4086	;# 
   279   000FF7                     TBLPTRH         equ	4087	;# 
   280   000FF8                     TBLPTRU         equ	4088	;# 
   281   000FF9                     PCLAT           equ	4089	;# 
   282   000FF9                     PC              equ	4089	;# 
   283   000FF9                     PCL             equ	4089	;# 
   284   000FFA                     PCLATH          equ	4090	;# 
   285   000FFB                     PCLATU          equ	4091	;# 
   286   000FFC                     STKPTR          equ	4092	;# 
   287   000FFD                     TOS             equ	4093	;# 
   288   000FFD                     TOSL            equ	4093	;# 
   289   000FFE                     TOSH            equ	4094	;# 
   290   000FFF                     TOSU            equ	4095	;# 
   291   000F80                     PORTA           equ	3968	;# 
   292   000F81                     PORTB           equ	3969	;# 
   293   000F82                     PORTC           equ	3970	;# 
   294   000F83                     PORTD           equ	3971	;# 
   295   000F84                     PORTE           equ	3972	;# 
   296   000F89                     LATA            equ	3977	;# 
   297   000F8A                     LATB            equ	3978	;# 
   298   000F8B                     LATC            equ	3979	;# 
   299   000F8C                     LATD            equ	3980	;# 
   300   000F8D                     LATE            equ	3981	;# 
   301   000F92                     TRISA           equ	3986	;# 
   302   000F92                     DDRA            equ	3986	;# 
   303   000F93                     TRISB           equ	3987	;# 
   304   000F93                     DDRB            equ	3987	;# 
   305   000F94                     TRISC           equ	3988	;# 
   306   000F94                     DDRC            equ	3988	;# 
   307   000F95                     TRISD           equ	3989	;# 
   308   000F95                     DDRD            equ	3989	;# 
   309   000F96                     TRISE           equ	3990	;# 
   310   000F96                     DDRE            equ	3990	;# 
   311   000F9B                     OSCTUNE         equ	3995	;# 
   312   000F9D                     PIE1            equ	3997	;# 
   313   000F9E                     PIR1            equ	3998	;# 
   314   000F9F                     IPR1            equ	3999	;# 
   315   000FA0                     PIE2            equ	4000	;# 
   316   000FA1                     PIR2            equ	4001	;# 
   317   000FA2                     IPR2            equ	4002	;# 
   318   000FA6                     EECON1          equ	4006	;# 
   319   000FA7                     EECON2          equ	4007	;# 
   320   000FA8                     EEDATA          equ	4008	;# 
   321   000FA9                     EEADR           equ	4009	;# 
   322   000FAB                     RCSTA           equ	4011	;# 
   323   000FAB                     RCSTA1          equ	4011	;# 
   324   000FAC                     TXSTA           equ	4012	;# 
   325   000FAC                     TXSTA1          equ	4012	;# 
   326   000FAD                     TXREG           equ	4013	;# 
   327   000FAD                     TXREG1          equ	4013	;# 
   328   000FAE                     RCREG           equ	4014	;# 
   329   000FAE                     RCREG1          equ	4014	;# 
   330   000FAF                     SPBRG           equ	4015	;# 
   331   000FAF                     SPBRG1          equ	4015	;# 
   332   000FB0                     SPBRGH          equ	4016	;# 
   333   000FB1                     T3CON           equ	4017	;# 
   334   000FB2                     TMR3            equ	4018	;# 
   335   000FB2                     TMR3L           equ	4018	;# 
   336   000FB3                     TMR3H           equ	4019	;# 
   337   000FB4                     CMCON           equ	4020	;# 
   338   000FB5                     CVRCON          equ	4021	;# 
   339   000FB6                     ECCP1AS         equ	4022	;# 
   340   000FB6                     ECCPAS          equ	4022	;# 
   341   000FB7                     PWM1CON         equ	4023	;# 
   342   000FB7                     ECCP1DEL        equ	4023	;# 
   343   000FB8                     BAUDCON         equ	4024	;# 
   344   000FB8                     BAUDCTL         equ	4024	;# 
   345   000FBA                     CCP2CON         equ	4026	;# 
   346   000FBB                     CCPR2           equ	4027	;# 
   347   000FBB                     CCPR2L          equ	4027	;# 
   348   000FBC                     CCPR2H          equ	4028	;# 
   349   000FBD                     CCP1CON         equ	4029	;# 
   350   000FBE                     CCPR1           equ	4030	;# 
   351   000FBE                     CCPR1L          equ	4030	;# 
   352   000FBF                     CCPR1H          equ	4031	;# 
   353   000FC0                     ADCON2          equ	4032	;# 
   354   000FC1                     ADCON1          equ	4033	;# 
   355   000FC2                     ADCON0          equ	4034	;# 
   356   000FC3                     ADRES           equ	4035	;# 
   357   000FC3                     ADRESL          equ	4035	;# 
   358   000FC4                     ADRESH          equ	4036	;# 
   359   000FC5                     SSPCON2         equ	4037	;# 
   360   000FC6                     SSPCON1         equ	4038	;# 
   361   000FC7                     SSPSTAT         equ	4039	;# 
   362   000FC8                     SSPADD          equ	4040	;# 
   363   000FC9                     SSPBUF          equ	4041	;# 
   364   000FCA                     T2CON           equ	4042	;# 
   365   000FCB                     PR2             equ	4043	;# 
   366   000FCB                     MEMCON          equ	4043	;# 
   367   000FCC                     TMR2            equ	4044	;# 
   368   000FCD                     T1CON           equ	4045	;# 
   369   000FCE                     TMR1            equ	4046	;# 
   370   000FCE                     TMR1L           equ	4046	;# 
   371   000FCF                     TMR1H           equ	4047	;# 
   372   000FD0                     RCON            equ	4048	;# 
   373   000FD1                     WDTCON          equ	4049	;# 
   374   000FD2                     HLVDCON         equ	4050	;# 
   375   000FD2                     LVDCON          equ	4050	;# 
   376   000FD3                     OSCCON          equ	4051	;# 
   377   000FD5                     T0CON           equ	4053	;# 
   378   000FD6                     TMR0            equ	4054	;# 
   379   000FD6                     TMR0L           equ	4054	;# 
   380   000FD7                     TMR0H           equ	4055	;# 
   381   000FD8                     STATUS          equ	4056	;# 
   382   000FD9                     FSR2            equ	4057	;# 
   383   000FD9                     FSR2L           equ	4057	;# 
   384   000FDA                     FSR2H           equ	4058	;# 
   385   000FDB                     PLUSW2          equ	4059	;# 
   386   000FDC                     PREINC2         equ	4060	;# 
   387   000FDD                     POSTDEC2        equ	4061	;# 
   388   000FDE                     POSTINC2        equ	4062	;# 
   389   000FDF                     INDF2           equ	4063	;# 
   390   000FE0                     BSR             equ	4064	;# 
   391   000FE1                     FSR1            equ	4065	;# 
   392   000FE1                     FSR1L           equ	4065	;# 
   393   000FE2                     FSR1H           equ	4066	;# 
   394   000FE3                     PLUSW1          equ	4067	;# 
   395   000FE4                     PREINC1         equ	4068	;# 
   396   000FE5                     POSTDEC1        equ	4069	;# 
   397   000FE6                     POSTINC1        equ	4070	;# 
   398   000FE7                     INDF1           equ	4071	;# 
   399   000FE8                     WREG            equ	4072	;# 
   400   000FE9                     FSR0            equ	4073	;# 
   401   000FE9                     FSR0L           equ	4073	;# 
   402   000FEA                     FSR0H           equ	4074	;# 
   403   000FEB                     PLUSW0          equ	4075	;# 
   404   000FEC                     PREINC0         equ	4076	;# 
   405   000FED                     POSTDEC0        equ	4077	;# 
   406   000FEE                     POSTINC0        equ	4078	;# 
   407   000FEF                     INDF0           equ	4079	;# 
   408   000FF0                     INTCON3         equ	4080	;# 
   409   000FF1                     INTCON2         equ	4081	;# 
   410   000FF2                     INTCON          equ	4082	;# 
   411   000FF3                     PROD            equ	4083	;# 
   412   000FF3                     PRODL           equ	4083	;# 
   413   000FF4                     PRODH           equ	4084	;# 
   414   000FF5                     TABLAT          equ	4085	;# 
   415   000FF6                     TBLPTR          equ	4086	;# 
   416   000FF6                     TBLPTRL         equ	4086	;# 
   417   000FF7                     TBLPTRH         equ	4087	;# 
   418   000FF8                     TBLPTRU         equ	4088	;# 
   419   000FF9                     PCLAT           equ	4089	;# 
   420   000FF9                     PC              equ	4089	;# 
   421   000FF9                     PCL             equ	4089	;# 
   422   000FFA                     PCLATH          equ	4090	;# 
   423   000FFB                     PCLATU          equ	4091	;# 
   424   000FFC                     STKPTR          equ	4092	;# 
   425   000FFD                     TOS             equ	4093	;# 
   426   000FFD                     TOSL            equ	4093	;# 
   427   000FFE                     TOSH            equ	4094	;# 
   428   000FFF                     TOSU            equ	4095	;# 
   429   000F80                     PORTA           equ	3968	;# 
   430   000F81                     PORTB           equ	3969	;# 
   431   000F82                     PORTC           equ	3970	;# 
   432   000F83                     PORTD           equ	3971	;# 
   433   000F84                     PORTE           equ	3972	;# 
   434   000F89                     LATA            equ	3977	;# 
   435   000F8A                     LATB            equ	3978	;# 
   436   000F8B                     LATC            equ	3979	;# 
   437   000F8C                     LATD            equ	3980	;# 
   438   000F8D                     LATE            equ	3981	;# 
   439   000F92                     TRISA           equ	3986	;# 
   440   000F92                     DDRA            equ	3986	;# 
   441   000F93                     TRISB           equ	3987	;# 
   442   000F93                     DDRB            equ	3987	;# 
   443   000F94                     TRISC           equ	3988	;# 
   444   000F94                     DDRC            equ	3988	;# 
   445   000F95                     TRISD           equ	3989	;# 
   446   000F95                     DDRD            equ	3989	;# 
   447   000F96                     TRISE           equ	3990	;# 
   448   000F96                     DDRE            equ	3990	;# 
   449   000F9B                     OSCTUNE         equ	3995	;# 
   450   000F9D                     PIE1            equ	3997	;# 
   451   000F9E                     PIR1            equ	3998	;# 
   452   000F9F                     IPR1            equ	3999	;# 
   453   000FA0                     PIE2            equ	4000	;# 
   454   000FA1                     PIR2            equ	4001	;# 
   455   000FA2                     IPR2            equ	4002	;# 
   456   000FA6                     EECON1          equ	4006	;# 
   457   000FA7                     EECON2          equ	4007	;# 
   458   000FA8                     EEDATA          equ	4008	;# 
   459   000FA9                     EEADR           equ	4009	;# 
   460   000FAB                     RCSTA           equ	4011	;# 
   461   000FAB                     RCSTA1          equ	4011	;# 
   462   000FAC                     TXSTA           equ	4012	;# 
   463   000FAC                     TXSTA1          equ	4012	;# 
   464   000FAD                     TXREG           equ	4013	;# 
   465   000FAD                     TXREG1          equ	4013	;# 
   466   000FAE                     RCREG           equ	4014	;# 
   467   000FAE                     RCREG1          equ	4014	;# 
   468   000FAF                     SPBRG           equ	4015	;# 
   469   000FAF                     SPBRG1          equ	4015	;# 
   470   000FB0                     SPBRGH          equ	4016	;# 
   471   000FB1                     T3CON           equ	4017	;# 
   472   000FB2                     TMR3            equ	4018	;# 
   473   000FB2                     TMR3L           equ	4018	;# 
   474   000FB3                     TMR3H           equ	4019	;# 
   475   000FB4                     CMCON           equ	4020	;# 
   476   000FB5                     CVRCON          equ	4021	;# 
   477   000FB6                     ECCP1AS         equ	4022	;# 
   478   000FB6                     ECCPAS          equ	4022	;# 
   479   000FB7                     PWM1CON         equ	4023	;# 
   480   000FB7                     ECCP1DEL        equ	4023	;# 
   481   000FB8                     BAUDCON         equ	4024	;# 
   482   000FB8                     BAUDCTL         equ	4024	;# 
   483   000FBA                     CCP2CON         equ	4026	;# 
   484   000FBB                     CCPR2           equ	4027	;# 
   485   000FBB                     CCPR2L          equ	4027	;# 
   486   000FBC                     CCPR2H          equ	4028	;# 
   487   000FBD                     CCP1CON         equ	4029	;# 
   488   000FBE                     CCPR1           equ	4030	;# 
   489   000FBE                     CCPR1L          equ	4030	;# 
   490   000FBF                     CCPR1H          equ	4031	;# 
   491   000FC0                     ADCON2          equ	4032	;# 
   492   000FC1                     ADCON1          equ	4033	;# 
   493   000FC2                     ADCON0          equ	4034	;# 
   494   000FC3                     ADRES           equ	4035	;# 
   495   000FC3                     ADRESL          equ	4035	;# 
   496   000FC4                     ADRESH          equ	4036	;# 
   497   000FC5                     SSPCON2         equ	4037	;# 
   498   000FC6                     SSPCON1         equ	4038	;# 
   499   000FC7                     SSPSTAT         equ	4039	;# 
   500   000FC8                     SSPADD          equ	4040	;# 
   501   000FC9                     SSPBUF          equ	4041	;# 
   502   000FCA                     T2CON           equ	4042	;# 
   503   000FCB                     PR2             equ	4043	;# 
   504   000FCB                     MEMCON          equ	4043	;# 
   505   000FCC                     TMR2            equ	4044	;# 
   506   000FCD                     T1CON           equ	4045	;# 
   507   000FCE                     TMR1            equ	4046	;# 
   508   000FCE                     TMR1L           equ	4046	;# 
   509   000FCF                     TMR1H           equ	4047	;# 
   510   000FD0                     RCON            equ	4048	;# 
   511   000FD1                     WDTCON          equ	4049	;# 
   512   000FD2                     HLVDCON         equ	4050	;# 
   513   000FD2                     LVDCON          equ	4050	;# 
   514   000FD3                     OSCCON          equ	4051	;# 
   515   000FD5                     T0CON           equ	4053	;# 
   516   000FD6                     TMR0            equ	4054	;# 
   517   000FD6                     TMR0L           equ	4054	;# 
   518   000FD7                     TMR0H           equ	4055	;# 
   519   000FD8                     STATUS          equ	4056	;# 
   520   000FD9                     FSR2            equ	4057	;# 
   521   000FD9                     FSR2L           equ	4057	;# 
   522   000FDA                     FSR2H           equ	4058	;# 
   523   000FDB                     PLUSW2          equ	4059	;# 
   524   000FDC                     PREINC2         equ	4060	;# 
   525   000FDD                     POSTDEC2        equ	4061	;# 
   526   000FDE                     POSTINC2        equ	4062	;# 
   527   000FDF                     INDF2           equ	4063	;# 
   528   000FE0                     BSR             equ	4064	;# 
   529   000FE1                     FSR1            equ	4065	;# 
   530   000FE1                     FSR1L           equ	4065	;# 
   531   000FE2                     FSR1H           equ	4066	;# 
   532   000FE3                     PLUSW1          equ	4067	;# 
   533   000FE4                     PREINC1         equ	4068	;# 
   534   000FE5                     POSTDEC1        equ	4069	;# 
   535   000FE6                     POSTINC1        equ	4070	;# 
   536   000FE7                     INDF1           equ	4071	;# 
   537   000FE8                     WREG            equ	4072	;# 
   538   000FE9                     FSR0            equ	4073	;# 
   539   000FE9                     FSR0L           equ	4073	;# 
   540   000FEA                     FSR0H           equ	4074	;# 
   541   000FEB                     PLUSW0          equ	4075	;# 
   542   000FEC                     PREINC0         equ	4076	;# 
   543   000FED                     POSTDEC0        equ	4077	;# 
   544   000FEE                     POSTINC0        equ	4078	;# 
   545   000FEF                     INDF0           equ	4079	;# 
   546   000FF0                     INTCON3         equ	4080	;# 
   547   000FF1                     INTCON2         equ	4081	;# 
   548   000FF2                     INTCON          equ	4082	;# 
   549   000FF3                     PROD            equ	4083	;# 
   550   000FF3                     PRODL           equ	4083	;# 
   551   000FF4                     PRODH           equ	4084	;# 
   552   000FF5                     TABLAT          equ	4085	;# 
   553   000FF6                     TBLPTR          equ	4086	;# 
   554   000FF6                     TBLPTRL         equ	4086	;# 
   555   000FF7                     TBLPTRH         equ	4087	;# 
   556   000FF8                     TBLPTRU         equ	4088	;# 
   557   000FF9                     PCLAT           equ	4089	;# 
   558   000FF9                     PC              equ	4089	;# 
   559   000FF9                     PCL             equ	4089	;# 
   560   000FFA                     PCLATH          equ	4090	;# 
   561   000FFB                     PCLATU          equ	4091	;# 
   562   000FFC                     STKPTR          equ	4092	;# 
   563   000FFD                     TOS             equ	4093	;# 
   564   000FFD                     TOSL            equ	4093	;# 
   565   000FFE                     TOSH            equ	4094	;# 
   566   000FFF                     TOSU            equ	4095	;# 
   567   000F80                     PORTA           equ	3968	;# 
   568   000F81                     PORTB           equ	3969	;# 
   569   000F82                     PORTC           equ	3970	;# 
   570   000F83                     PORTD           equ	3971	;# 
   571   000F84                     PORTE           equ	3972	;# 
   572   000F89                     LATA            equ	3977	;# 
   573   000F8A                     LATB            equ	3978	;# 
   574   000F8B                     LATC            equ	3979	;# 
   575   000F8C                     LATD            equ	3980	;# 
   576   000F8D                     LATE            equ	3981	;# 
   577   000F92                     TRISA           equ	3986	;# 
   578   000F92                     DDRA            equ	3986	;# 
   579   000F93                     TRISB           equ	3987	;# 
   580   000F93                     DDRB            equ	3987	;# 
   581   000F94                     TRISC           equ	3988	;# 
   582   000F94                     DDRC            equ	3988	;# 
   583   000F95                     TRISD           equ	3989	;# 
   584   000F95                     DDRD            equ	3989	;# 
   585   000F96                     TRISE           equ	3990	;# 
   586   000F96                     DDRE            equ	3990	;# 
   587   000F9B                     OSCTUNE         equ	3995	;# 
   588   000F9D                     PIE1            equ	3997	;# 
   589   000F9E                     PIR1            equ	3998	;# 
   590   000F9F                     IPR1            equ	3999	;# 
   591   000FA0                     PIE2            equ	4000	;# 
   592   000FA1                     PIR2            equ	4001	;# 
   593   000FA2                     IPR2            equ	4002	;# 
   594   000FA6                     EECON1          equ	4006	;# 
   595   000FA7                     EECON2          equ	4007	;# 
   596   000FA8                     EEDATA          equ	4008	;# 
   597   000FA9                     EEADR           equ	4009	;# 
   598   000FAB                     RCSTA           equ	4011	;# 
   599   000FAB                     RCSTA1          equ	4011	;# 
   600   000FAC                     TXSTA           equ	4012	;# 
   601   000FAC                     TXSTA1          equ	4012	;# 
   602   000FAD                     TXREG           equ	4013	;# 
   603   000FAD                     TXREG1          equ	4013	;# 
   604   000FAE                     RCREG           equ	4014	;# 
   605   000FAE                     RCREG1          equ	4014	;# 
   606   000FAF                     SPBRG           equ	4015	;# 
   607   000FAF                     SPBRG1          equ	4015	;# 
   608   000FB0                     SPBRGH          equ	4016	;# 
   609   000FB1                     T3CON           equ	4017	;# 
   610   000FB2                     TMR3            equ	4018	;# 
   611   000FB2                     TMR3L           equ	4018	;# 
   612   000FB3                     TMR3H           equ	4019	;# 
   613   000FB4                     CMCON           equ	4020	;# 
   614   000FB5                     CVRCON          equ	4021	;# 
   615   000FB6                     ECCP1AS         equ	4022	;# 
   616   000FB6                     ECCPAS          equ	4022	;# 
   617   000FB7                     PWM1CON         equ	4023	;# 
   618   000FB7                     ECCP1DEL        equ	4023	;# 
   619   000FB8                     BAUDCON         equ	4024	;# 
   620   000FB8                     BAUDCTL         equ	4024	;# 
   621   000FBA                     CCP2CON         equ	4026	;# 
   622   000FBB                     CCPR2           equ	4027	;# 
   623   000FBB                     CCPR2L          equ	4027	;# 
   624   000FBC                     CCPR2H          equ	4028	;# 
   625   000FBD                     CCP1CON         equ	4029	;# 
   626   000FBE                     CCPR1           equ	4030	;# 
   627   000FBE                     CCPR1L          equ	4030	;# 
   628   000FBF                     CCPR1H          equ	4031	;# 
   629   000FC0                     ADCON2          equ	4032	;# 
   630   000FC1                     ADCON1          equ	4033	;# 
   631   000FC2                     ADCON0          equ	4034	;# 
   632   000FC3                     ADRES           equ	4035	;# 
   633   000FC3                     ADRESL          equ	4035	;# 
   634   000FC4                     ADRESH          equ	4036	;# 
   635   000FC5                     SSPCON2         equ	4037	;# 
   636   000FC6                     SSPCON1         equ	4038	;# 
   637   000FC7                     SSPSTAT         equ	4039	;# 
   638   000FC8                     SSPADD          equ	4040	;# 
   639   000FC9                     SSPBUF          equ	4041	;# 
   640   000FCA                     T2CON           equ	4042	;# 
   641   000FCB                     PR2             equ	4043	;# 
   642   000FCB                     MEMCON          equ	4043	;# 
   643   000FCC                     TMR2            equ	4044	;# 
   644   000FCD                     T1CON           equ	4045	;# 
   645   000FCE                     TMR1            equ	4046	;# 
   646   000FCE                     TMR1L           equ	4046	;# 
   647   000FCF                     TMR1H           equ	4047	;# 
   648   000FD0                     RCON            equ	4048	;# 
   649   000FD1                     WDTCON          equ	4049	;# 
   650   000FD2                     HLVDCON         equ	4050	;# 
   651   000FD2                     LVDCON          equ	4050	;# 
   652   000FD3                     OSCCON          equ	4051	;# 
   653   000FD5                     T0CON           equ	4053	;# 
   654   000FD6                     TMR0            equ	4054	;# 
   655   000FD6                     TMR0L           equ	4054	;# 
   656   000FD7                     TMR0H           equ	4055	;# 
   657   000FD8                     STATUS          equ	4056	;# 
   658   000FD9                     FSR2            equ	4057	;# 
   659   000FD9                     FSR2L           equ	4057	;# 
   660   000FDA                     FSR2H           equ	4058	;# 
   661   000FDB                     PLUSW2          equ	4059	;# 
   662   000FDC                     PREINC2         equ	4060	;# 
   663   000FDD                     POSTDEC2        equ	4061	;# 
   664   000FDE                     POSTINC2        equ	4062	;# 
   665   000FDF                     INDF2           equ	4063	;# 
   666   000FE0                     BSR             equ	4064	;# 
   667   000FE1                     FSR1            equ	4065	;# 
   668   000FE1                     FSR1L           equ	4065	;# 
   669   000FE2                     FSR1H           equ	4066	;# 
   670   000FE3                     PLUSW1          equ	4067	;# 
   671   000FE4                     PREINC1         equ	4068	;# 
   672   000FE5                     POSTDEC1        equ	4069	;# 
   673   000FE6                     POSTINC1        equ	4070	;# 
   674   000FE7                     INDF1           equ	4071	;# 
   675   000FE8                     WREG            equ	4072	;# 
   676   000FE9                     FSR0            equ	4073	;# 
   677   000FE9                     FSR0L           equ	4073	;# 
   678   000FEA                     FSR0H           equ	4074	;# 
   679   000FEB                     PLUSW0          equ	4075	;# 
   680   000FEC                     PREINC0         equ	4076	;# 
   681   000FED                     POSTDEC0        equ	4077	;# 
   682   000FEE                     POSTINC0        equ	4078	;# 
   683   000FEF                     INDF0           equ	4079	;# 
   684   000FF0                     INTCON3         equ	4080	;# 
   685   000FF1                     INTCON2         equ	4081	;# 
   686   000FF2                     INTCON          equ	4082	;# 
   687   000FF3                     PROD            equ	4083	;# 
   688   000FF3                     PRODL           equ	4083	;# 
   689   000FF4                     PRODH           equ	4084	;# 
   690   000FF5                     TABLAT          equ	4085	;# 
   691   000FF6                     TBLPTR          equ	4086	;# 
   692   000FF6                     TBLPTRL         equ	4086	;# 
   693   000FF7                     TBLPTRH         equ	4087	;# 
   694   000FF8                     TBLPTRU         equ	4088	;# 
   695   000FF9                     PCLAT           equ	4089	;# 
   696   000FF9                     PC              equ	4089	;# 
   697   000FF9                     PCL             equ	4089	;# 
   698   000FFA                     PCLATH          equ	4090	;# 
   699   000FFB                     PCLATU          equ	4091	;# 
   700   000FFC                     STKPTR          equ	4092	;# 
   701   000FFD                     TOS             equ	4093	;# 
   702   000FFD                     TOSL            equ	4093	;# 
   703   000FFE                     TOSH            equ	4094	;# 
   704   000FFF                     TOSU            equ	4095	;# 
   705   000F80                     PORTA           equ	3968	;# 
   706   000F81                     PORTB           equ	3969	;# 
   707   000F82                     PORTC           equ	3970	;# 
   708   000F83                     PORTD           equ	3971	;# 
   709   000F84                     PORTE           equ	3972	;# 
   710   000F89                     LATA            equ	3977	;# 
   711   000F8A                     LATB            equ	3978	;# 
   712   000F8B                     LATC            equ	3979	;# 
   713   000F8C                     LATD            equ	3980	;# 
   714   000F8D                     LATE            equ	3981	;# 
   715   000F92                     TRISA           equ	3986	;# 
   716   000F92                     DDRA            equ	3986	;# 
   717   000F93                     TRISB           equ	3987	;# 
   718   000F93                     DDRB            equ	3987	;# 
   719   000F94                     TRISC           equ	3988	;# 
   720   000F94                     DDRC            equ	3988	;# 
   721   000F95                     TRISD           equ	3989	;# 
   722   000F95                     DDRD            equ	3989	;# 
   723   000F96                     TRISE           equ	3990	;# 
   724   000F96                     DDRE            equ	3990	;# 
   725   000F9B                     OSCTUNE         equ	3995	;# 
   726   000F9D                     PIE1            equ	3997	;# 
   727   000F9E                     PIR1            equ	3998	;# 
   728   000F9F                     IPR1            equ	3999	;# 
   729   000FA0                     PIE2            equ	4000	;# 
   730   000FA1                     PIR2            equ	4001	;# 
   731   000FA2                     IPR2            equ	4002	;# 
   732   000FA6                     EECON1          equ	4006	;# 
   733   000FA7                     EECON2          equ	4007	;# 
   734   000FA8                     EEDATA          equ	4008	;# 
   735   000FA9                     EEADR           equ	4009	;# 
   736   000FAB                     RCSTA           equ	4011	;# 
   737   000FAB                     RCSTA1          equ	4011	;# 
   738   000FAC                     TXSTA           equ	4012	;# 
   739   000FAC                     TXSTA1          equ	4012	;# 
   740   000FAD                     TXREG           equ	4013	;# 
   741   000FAD                     TXREG1          equ	4013	;# 
   742   000FAE                     RCREG           equ	4014	;# 
   743   000FAE                     RCREG1          equ	4014	;# 
   744   000FAF                     SPBRG           equ	4015	;# 
   745   000FAF                     SPBRG1          equ	4015	;# 
   746   000FB0                     SPBRGH          equ	4016	;# 
   747   000FB1                     T3CON           equ	4017	;# 
   748   000FB2                     TMR3            equ	4018	;# 
   749   000FB2                     TMR3L           equ	4018	;# 
   750   000FB3                     TMR3H           equ	4019	;# 
   751   000FB4                     CMCON           equ	4020	;# 
   752   000FB5                     CVRCON          equ	4021	;# 
   753   000FB6                     ECCP1AS         equ	4022	;# 
   754   000FB6                     ECCPAS          equ	4022	;# 
   755   000FB7                     PWM1CON         equ	4023	;# 
   756   000FB7                     ECCP1DEL        equ	4023	;# 
   757   000FB8                     BAUDCON         equ	4024	;# 
   758   000FB8                     BAUDCTL         equ	4024	;# 
   759   000FBA                     CCP2CON         equ	4026	;# 
   760   000FBB                     CCPR2           equ	4027	;# 
   761   000FBB                     CCPR2L          equ	4027	;# 
   762   000FBC                     CCPR2H          equ	4028	;# 
   763   000FBD                     CCP1CON         equ	4029	;# 
   764   000FBE                     CCPR1           equ	4030	;# 
   765   000FBE                     CCPR1L          equ	4030	;# 
   766   000FBF                     CCPR1H          equ	4031	;# 
   767   000FC0                     ADCON2          equ	4032	;# 
   768   000FC1                     ADCON1          equ	4033	;# 
   769   000FC2                     ADCON0          equ	4034	;# 
   770   000FC3                     ADRES           equ	4035	;# 
   771   000FC3                     ADRESL          equ	4035	;# 
   772   000FC4                     ADRESH          equ	4036	;# 
   773   000FC5                     SSPCON2         equ	4037	;# 
   774   000FC6                     SSPCON1         equ	4038	;# 
   775   000FC7                     SSPSTAT         equ	4039	;# 
   776   000FC8                     SSPADD          equ	4040	;# 
   777   000FC9                     SSPBUF          equ	4041	;# 
   778   000FCA                     T2CON           equ	4042	;# 
   779   000FCB                     PR2             equ	4043	;# 
   780   000FCB                     MEMCON          equ	4043	;# 
   781   000FCC                     TMR2            equ	4044	;# 
   782   000FCD                     T1CON           equ	4045	;# 
   783   000FCE                     TMR1            equ	4046	;# 
   784   000FCE                     TMR1L           equ	4046	;# 
   785   000FCF                     TMR1H           equ	4047	;# 
   786   000FD0                     RCON            equ	4048	;# 
   787   000FD1                     WDTCON          equ	4049	;# 
   788   000FD2                     HLVDCON         equ	4050	;# 
   789   000FD2                     LVDCON          equ	4050	;# 
   790   000FD3                     OSCCON          equ	4051	;# 
   791   000FD5                     T0CON           equ	4053	;# 
   792   000FD6                     TMR0            equ	4054	;# 
   793   000FD6                     TMR0L           equ	4054	;# 
   794   000FD7                     TMR0H           equ	4055	;# 
   795   000FD8                     STATUS          equ	4056	;# 
   796   000FD9                     FSR2            equ	4057	;# 
   797   000FD9                     FSR2L           equ	4057	;# 
   798   000FDA                     FSR2H           equ	4058	;# 
   799   000FDB                     PLUSW2          equ	4059	;# 
   800   000FDC                     PREINC2         equ	4060	;# 
   801   000FDD                     POSTDEC2        equ	4061	;# 
   802   000FDE                     POSTINC2        equ	4062	;# 
   803   000FDF                     INDF2           equ	4063	;# 
   804   000FE0                     BSR             equ	4064	;# 
   805   000FE1                     FSR1            equ	4065	;# 
   806   000FE1                     FSR1L           equ	4065	;# 
   807   000FE2                     FSR1H           equ	4066	;# 
   808   000FE3                     PLUSW1          equ	4067	;# 
   809   000FE4                     PREINC1         equ	4068	;# 
   810   000FE5                     POSTDEC1        equ	4069	;# 
   811   000FE6                     POSTINC1        equ	4070	;# 
   812   000FE7                     INDF1           equ	4071	;# 
   813   000FE8                     WREG            equ	4072	;# 
   814   000FE9                     FSR0            equ	4073	;# 
   815   000FE9                     FSR0L           equ	4073	;# 
   816   000FEA                     FSR0H           equ	4074	;# 
   817   000FEB                     PLUSW0          equ	4075	;# 
   818   000FEC                     PREINC0         equ	4076	;# 
   819   000FED                     POSTDEC0        equ	4077	;# 
   820   000FEE                     POSTINC0        equ	4078	;# 
   821   000FEF                     INDF0           equ	4079	;# 
   822   000FF0                     INTCON3         equ	4080	;# 
   823   000FF1                     INTCON2         equ	4081	;# 
   824   000FF2                     INTCON          equ	4082	;# 
   825   000FF3                     PROD            equ	4083	;# 
   826   000FF3                     PRODL           equ	4083	;# 
   827   000FF4                     PRODH           equ	4084	;# 
   828   000FF5                     TABLAT          equ	4085	;# 
   829   000FF6                     TBLPTR          equ	4086	;# 
   830   000FF6                     TBLPTRL         equ	4086	;# 
   831   000FF7                     TBLPTRH         equ	4087	;# 
   832   000FF8                     TBLPTRU         equ	4088	;# 
   833   000FF9                     PCLAT           equ	4089	;# 
   834   000FF9                     PC              equ	4089	;# 
   835   000FF9                     PCL             equ	4089	;# 
   836   000FFA                     PCLATH          equ	4090	;# 
   837   000FFB                     PCLATU          equ	4091	;# 
   838   000FFC                     STKPTR          equ	4092	;# 
   839   000FFD                     TOS             equ	4093	;# 
   840   000FFD                     TOSL            equ	4093	;# 
   841   000FFE                     TOSH            equ	4094	;# 
   842   000FFF                     TOSU            equ	4095	;# 
   843   000F80                     PORTA           equ	3968	;# 
   844   000F81                     PORTB           equ	3969	;# 
   845   000F82                     PORTC           equ	3970	;# 
   846   000F83                     PORTD           equ	3971	;# 
   847   000F84                     PORTE           equ	3972	;# 
   848   000F89                     LATA            equ	3977	;# 
   849   000F8A                     LATB            equ	3978	;# 
   850   000F8B                     LATC            equ	3979	;# 
   851   000F8C                     LATD            equ	3980	;# 
   852   000F8D                     LATE            equ	3981	;# 
   853   000F92                     TRISA           equ	3986	;# 
   854   000F92                     DDRA            equ	3986	;# 
   855   000F93                     TRISB           equ	3987	;# 
   856   000F93                     DDRB            equ	3987	;# 
   857   000F94                     TRISC           equ	3988	;# 
   858   000F94                     DDRC            equ	3988	;# 
   859   000F95                     TRISD           equ	3989	;# 
   860   000F95                     DDRD            equ	3989	;# 
   861   000F96                     TRISE           equ	3990	;# 
   862   000F96                     DDRE            equ	3990	;# 
   863   000F9B                     OSCTUNE         equ	3995	;# 
   864   000F9D                     PIE1            equ	3997	;# 
   865   000F9E                     PIR1            equ	3998	;# 
   866   000F9F                     IPR1            equ	3999	;# 
   867   000FA0                     PIE2            equ	4000	;# 
   868   000FA1                     PIR2            equ	4001	;# 
   869   000FA2                     IPR2            equ	4002	;# 
   870   000FA6                     EECON1          equ	4006	;# 
   871   000FA7                     EECON2          equ	4007	;# 
   872   000FA8                     EEDATA          equ	4008	;# 
   873   000FA9                     EEADR           equ	4009	;# 
   874   000FAB                     RCSTA           equ	4011	;# 
   875   000FAB                     RCSTA1          equ	4011	;# 
   876   000FAC                     TXSTA           equ	4012	;# 
   877   000FAC                     TXSTA1          equ	4012	;# 
   878   000FAD                     TXREG           equ	4013	;# 
   879   000FAD                     TXREG1          equ	4013	;# 
   880   000FAE                     RCREG           equ	4014	;# 
   881   000FAE                     RCREG1          equ	4014	;# 
   882   000FAF                     SPBRG           equ	4015	;# 
   883   000FAF                     SPBRG1          equ	4015	;# 
   884   000FB0                     SPBRGH          equ	4016	;# 
   885   000FB1                     T3CON           equ	4017	;# 
   886   000FB2                     TMR3            equ	4018	;# 
   887   000FB2                     TMR3L           equ	4018	;# 
   888   000FB3                     TMR3H           equ	4019	;# 
   889   000FB4                     CMCON           equ	4020	;# 
   890   000FB5                     CVRCON          equ	4021	;# 
   891   000FB6                     ECCP1AS         equ	4022	;# 
   892   000FB6                     ECCPAS          equ	4022	;# 
   893   000FB7                     PWM1CON         equ	4023	;# 
   894   000FB7                     ECCP1DEL        equ	4023	;# 
   895   000FB8                     BAUDCON         equ	4024	;# 
   896   000FB8                     BAUDCTL         equ	4024	;# 
   897   000FBA                     CCP2CON         equ	4026	;# 
   898   000FBB                     CCPR2           equ	4027	;# 
   899   000FBB                     CCPR2L          equ	4027	;# 
   900   000FBC                     CCPR2H          equ	4028	;# 
   901   000FBD                     CCP1CON         equ	4029	;# 
   902   000FBE                     CCPR1           equ	4030	;# 
   903   000FBE                     CCPR1L          equ	4030	;# 
   904   000FBF                     CCPR1H          equ	4031	;# 
   905   000FC0                     ADCON2          equ	4032	;# 
   906   000FC1                     ADCON1          equ	4033	;# 
   907   000FC2                     ADCON0          equ	4034	;# 
   908   000FC3                     ADRES           equ	4035	;# 
   909   000FC3                     ADRESL          equ	4035	;# 
   910   000FC4                     ADRESH          equ	4036	;# 
   911   000FC5                     SSPCON2         equ	4037	;# 
   912   000FC6                     SSPCON1         equ	4038	;# 
   913   000FC7                     SSPSTAT         equ	4039	;# 
   914   000FC8                     SSPADD          equ	4040	;# 
   915   000FC9                     SSPBUF          equ	4041	;# 
   916   000FCA                     T2CON           equ	4042	;# 
   917   000FCB                     PR2             equ	4043	;# 
   918   000FCB                     MEMCON          equ	4043	;# 
   919   000FCC                     TMR2            equ	4044	;# 
   920   000FCD                     T1CON           equ	4045	;# 
   921   000FCE                     TMR1            equ	4046	;# 
   922   000FCE                     TMR1L           equ	4046	;# 
   923   000FCF                     TMR1H           equ	4047	;# 
   924   000FD0                     RCON            equ	4048	;# 
   925   000FD1                     WDTCON          equ	4049	;# 
   926   000FD2                     HLVDCON         equ	4050	;# 
   927   000FD2                     LVDCON          equ	4050	;# 
   928   000FD3                     OSCCON          equ	4051	;# 
   929   000FD5                     T0CON           equ	4053	;# 
   930   000FD6                     TMR0            equ	4054	;# 
   931   000FD6                     TMR0L           equ	4054	;# 
   932   000FD7                     TMR0H           equ	4055	;# 
   933   000FD8                     STATUS          equ	4056	;# 
   934   000FD9                     FSR2            equ	4057	;# 
   935   000FD9                     FSR2L           equ	4057	;# 
   936   000FDA                     FSR2H           equ	4058	;# 
   937   000FDB                     PLUSW2          equ	4059	;# 
   938   000FDC                     PREINC2         equ	4060	;# 
   939   000FDD                     POSTDEC2        equ	4061	;# 
   940   000FDE                     POSTINC2        equ	4062	;# 
   941   000FDF                     INDF2           equ	4063	;# 
   942   000FE0                     BSR             equ	4064	;# 
   943   000FE1                     FSR1            equ	4065	;# 
   944   000FE1                     FSR1L           equ	4065	;# 
   945   000FE2                     FSR1H           equ	4066	;# 
   946   000FE3                     PLUSW1          equ	4067	;# 
   947   000FE4                     PREINC1         equ	4068	;# 
   948   000FE5                     POSTDEC1        equ	4069	;# 
   949   000FE6                     POSTINC1        equ	4070	;# 
   950   000FE7                     INDF1           equ	4071	;# 
   951   000FE8                     WREG            equ	4072	;# 
   952   000FE9                     FSR0            equ	4073	;# 
   953   000FE9                     FSR0L           equ	4073	;# 
   954   000FEA                     FSR0H           equ	4074	;# 
   955   000FEB                     PLUSW0          equ	4075	;# 
   956   000FEC                     PREINC0         equ	4076	;# 
   957   000FED                     POSTDEC0        equ	4077	;# 
   958   000FEE                     POSTINC0        equ	4078	;# 
   959   000FEF                     INDF0           equ	4079	;# 
   960   000FF0                     INTCON3         equ	4080	;# 
   961   000FF1                     INTCON2         equ	4081	;# 
   962   000FF2                     INTCON          equ	4082	;# 
   963   000FF3                     PROD            equ	4083	;# 
   964   000FF3                     PRODL           equ	4083	;# 
   965   000FF4                     PRODH           equ	4084	;# 
   966   000FF5                     TABLAT          equ	4085	;# 
   967   000FF6                     TBLPTR          equ	4086	;# 
   968   000FF6                     TBLPTRL         equ	4086	;# 
   969   000FF7                     TBLPTRH         equ	4087	;# 
   970   000FF8                     TBLPTRU         equ	4088	;# 
   971   000FF9                     PCLAT           equ	4089	;# 
   972   000FF9                     PC              equ	4089	;# 
   973   000FF9                     PCL             equ	4089	;# 
   974   000FFA                     PCLATH          equ	4090	;# 
   975   000FFB                     PCLATU          equ	4091	;# 
   976   000FFC                     STKPTR          equ	4092	;# 
   977   000FFD                     TOS             equ	4093	;# 
   978   000FFD                     TOSL            equ	4093	;# 
   979   000FFE                     TOSH            equ	4094	;# 
   980   000FFF                     TOSU            equ	4095	;# 
   981                           
   982                           	psect	idataCOMRAM
   983   00338A                     __pidataCOMRAM:
   984                           	callstack 0
   985                           
   986                           ;initializer for _lighttable
   987   00338A  70                 	db	112
   988   00338B  30                 	db	48
   989   00338C  10                 	db	16
   990   00338D  00                 	db	0
   991   00338E  40                 	db	64
   992   00338F  60                 	db	96
   993                           
   994                           ;initializer for _tick
   995   003390  0001               	dw	1
   996                           
   997                           ;initializer for _direction
   998   003392  0001               	dw	1
   999                           
  1000                           	psect	idataBANK0
  1001   00339C                     __pidataBANK0:
  1002                           	callstack 0
  1003                           
  1004                           ;initializer for _angel
  1005   00339C  FFA6               	dw	65446
  1006                           
  1007                           	psect	smallconst
  1008   000600                     __psmallconst:
  1009                           	callstack 0
  1010   000600  00                 	db	0
  1011   000601                     UART_PrintHex@F3388:
  1012                           	callstack 0
  1013   000601  30                 	db	48
  1014   000602  31                 	db	49
  1015   000603  32                 	db	50
  1016   000604  33                 	db	51
  1017   000605  34                 	db	52
  1018   000606  35                 	db	53
  1019   000607  36                 	db	54
  1020   000608  37                 	db	55
  1021   000609  38                 	db	56
  1022   00060A  39                 	db	57
  1023   00060B  41                 	db	65
  1024   00060C  42                 	db	66
  1025   00060D  43                 	db	67
  1026   00060E  44                 	db	68
  1027   00060F  45                 	db	69
  1028   000610  46                 	db	70
  1029   000611  00                 	db	0
  1030   000612                     __end_ofUART_PrintHex@F3388:
  1031                           	callstack 0
  1032   007E07                     _ADFM           set	32263
  1033   007D5C                     _CREN           set	32092
  1034   000F95                     _TRISD          set	3989
  1035   000F94                     _TRISCbits      set	3988
  1036   000F92                     _TRISA          set	3986
  1037   000F8C                     _LATD           set	3980
  1038   000FAE                     _RCREG          set	4014
  1039   000FAD                     _TXREG          set	4013
  1040   000FAF                     _SPBRG          set	4015
  1041   000FB8                     _BAUDCONbits    set	4024
  1042   000FAC                     _TXSTAbits      set	4012
  1043   000FC1                     _ADCON1bits     set	4033
  1044   000FCC                     _TMR2           set	4044
  1045   000FCA                     _T2CON          set	4042
  1046   000FCB                     _PR2            set	4043
  1047   000FCE                     _TMR1L          set	4046
  1048   000FCF                     _TMR1H          set	4047
  1049   000FCD                     _T1CONbits      set	4045
  1050   000FD3                     _OSCCONbits     set	4051
  1051   000F9D                     _PIE1bits       set	3997
  1052   000FD0                     _RCONbits       set	4048
  1053   000FA2                     _IPR2bits       set	4002
  1054   000FA1                     _PIR2bits       set	4001
  1055   000FBA                     _CCP2CON        set	4026
  1056   000FCA                     _T2CONbits      set	4042
  1057   000F9F                     _IPR1bits       set	3999
  1058   000FBD                     _CCP1CON        set	4029
  1059   000FBE                     _CCPR1L         set	4030
  1060   000FC0                     _ADCON2         set	4032
  1061   000FC2                     _ADCON0         set	4034
  1062   000FC0                     _ADCON2bits     set	4032
  1063   000FC1                     _ADCON1         set	4033
  1064   000FAB                     _RCSTAbits      set	4011
  1065   000FC2                     _ADCON0bits     set	4034
  1066   000FC3                     _ADRESL         set	4035
  1067   000FC4                     _ADRESH         set	4036
  1068   000F9E                     _PIR1bits       set	3998
  1069   000FD5                     _T0CONbits      set	4053
  1070   000FD6                     _TMR0L          set	4054
  1071   000FD7                     _TMR0H          set	4055
  1072   000FF1                     _INTCON2bits    set	4081
  1073   000FF2                     _INTCONbits     set	4082
  1074   000612                     STR_5:
  1075   000612  49                 	db	73	;'I'
  1076   000613  4E                 	db	78	;'N'
  1077   000614  46                 	db	70	;'F'
  1078   000615  49                 	db	73	;'I'
  1079   000616  4E                 	db	78	;'N'
  1080   000617  49                 	db	73	;'I'
  1081   000618  54                 	db	84	;'T'
  1082   000619  59                 	db	89	;'Y'
  1083   00061A  00                 	db	0
  1084   00061B                     STR_4:
  1085   00061B  69                 	db	105	;'i'
  1086   00061C  6E                 	db	110	;'n'
  1087   00061D  66                 	db	102	;'f'
  1088   00061E  69                 	db	105	;'i'
  1089   00061F  6E                 	db	110	;'n'
  1090   000620  69                 	db	105	;'i'
  1091   000621  74                 	db	116	;'t'
  1092   000622  79                 	db	121	;'y'
  1093   000623  00                 	db	0
  1094   000624                     STR_3:
  1095   000624  65                 	db	101	;'e'
  1096   000625  72                 	db	114	;'r'
  1097   000626  72                 	db	114	;'r'
  1098   000627  6F                 	db	111	;'o'
  1099   000628  72                 	db	114	;'r'
  1100   000629  00                 	db	0
  1101   00062A                     STR_10:
  1102   00062A  4E                 	db	78	;'N'
  1103   00062B  41                 	db	65	;'A'
  1104   00062C  4E                 	db	78	;'N'
  1105   00062D  00                 	db	0
  1106   00062E                     STR_6:
  1107   00062E  69                 	db	105	;'i'
  1108   00062F  6E                 	db	110	;'n'
  1109   000630  66                 	db	102	;'f'
  1110   000631  00                 	db	0
  1111   000632                     STR_9:
  1112   000632  6E                 	db	110	;'n'
  1113   000633  61                 	db	97	;'a'
  1114   000634  6E                 	db	110	;'n'
  1115   000635  00                 	db	0
  1116   000636                     STR_1:
  1117   000636  6D                 	db	109	;'m'
  1118   000637  31                 	db	49	;'1'
  1119   000638  00                 	db	0
  1120   000639                     STR_2:
  1121   000639  6D                 	db	109	;'m'
  1122   00063A  32                 	db	50	;'2'
  1123   00063B  00                 	db	0
  1124   00061B                     STR_7           equ	STR_4
  1125   000632                     STR_11          equ	STR_9
  1126   00062E                     STR_8           equ	STR_6
  1127   000638                     STR_12          equ	STR_1+2
  1128   00063C  00                 	db	0	; dummy byte at the end
  1129   000600                     __smallconst    set	__psmallconst
  1130   000600                     __mediumconst   set	__psmallconst
  1131   000001                     __activetblptr  equ	1
  1132                           
  1133                           ; #config settings
  1134                           
  1135                           	psect	cinit
  1136   002E3E                     __pcinit:
  1137                           	callstack 0
  1138   002E3E                     start_initialization:
  1139                           	callstack 0
  1140   002E3E                     __initialization:
  1141                           	callstack 0
  1142                           
  1143                           ; Initialize objects allocated to BANK0 (2 bytes)
  1144                           ; load TBLPTR registers with __pidataBANK0
  1145   002E3E  0E9C               	movlw	low __pidataBANK0
  1146   002E40  6EF6               	movwf	tblptrl,c
  1147   002E42  0E33               	movlw	high __pidataBANK0
  1148   002E44  6EF7               	movwf	tblptrh,c
  1149   002E46  0E00               	movlw	low (__pidataBANK0 shr (0+16))
  1150   002E48  6EF8               	movwf	tblptru,c
  1151   002E4A  0009               	tblrd		*+	;fetch initializer
  1152   002E4C  CFF5 F0CB          	movff	tablat,__pdataBANK0
  1153   002E50  0009               	tblrd		*+	;fetch initializer
  1154   002E52  CFF5 F0CC          	movff	tablat,__pdataBANK0+1
  1155                           
  1156                           ; Initialize objects allocated to COMRAM (10 bytes)
  1157                           ; load TBLPTR registers with __pidataCOMRAM
  1158   002E56  0E8A               	movlw	low __pidataCOMRAM
  1159   002E58  6EF6               	movwf	tblptrl,c
  1160   002E5A  0E33               	movlw	high __pidataCOMRAM
  1161   002E5C  6EF7               	movwf	tblptrh,c
  1162   002E5E  0E00               	movlw	low (__pidataCOMRAM shr (0+16))
  1163   002E60  6EF8               	movwf	tblptru,c
  1164   002E62  EE00  F06E         	lfsr	0,__pdataCOMRAM
  1165   002E66  EE10 F00A          	lfsr	1,10
  1166   002E6A                     copy_data0:
  1167   002E6A  0009               	tblrd		*+
  1168   002E6C  CFF5 FFEE          	movff	tablat,postinc0
  1169   002E70  50E5               	movf	postdec1,w,c
  1170   002E72  50E1               	movf	fsr1l,w,c
  1171   002E74  E1FA               	bnz	copy_data0
  1172                           
  1173                           ; Clear objects allocated to BANK0 (24 bytes)
  1174   002E76  EE00  F0B3         	lfsr	0,__pbssBANK0
  1175   002E7A  0E18               	movlw	24
  1176   002E7C                     clear_0:
  1177   002E7C  6AEE               	clrf	postinc0,c
  1178   002E7E  06E8               	decf	wreg,f,c
  1179   002E80  E1FD               	bnz	clear_0
  1180                           
  1181                           ; Clear objects allocated to COMRAM (38 bytes)
  1182   002E82  EE00  F048         	lfsr	0,__pbssCOMRAM
  1183   002E86  0E26               	movlw	38
  1184   002E88                     clear_1:
  1185   002E88  6AEE               	clrf	postinc0,c
  1186   002E8A  06E8               	decf	wreg,f,c
  1187   002E8C  E1FD               	bnz	clear_1
  1188   002E8E                     end_of_initialization:
  1189                           	callstack 0
  1190   002E8E                     __end_of__initialization:
  1191                           	callstack 0
  1192   002E8E  9078               	bcf	int$flags,0,c	;clear compiler interrupt flag (level 1)
  1193   002E90  9278               	bcf	int$flags,1,c	;clear compiler interrupt flag (level 2)
  1194   002E92  0E00               	movlw	low (__Lsmallconst shr (0+16))
  1195   002E94  6EF8               	movwf	tblptru,c
  1196   002E96  0E06               	movlw	high __Lsmallconst
  1197   002E98  6EF7               	movwf	tblptrh,c
  1198   002E9A  0100               	movlb	0
  1199   002E9C  EFB5  F016         	goto	_main	;jump to C main() function
  1200                           
  1201                           	psect	bssCOMRAM
  1202   000048                     __pbssCOMRAM:
  1203                           	callstack 0
  1204   000048                     _errno:
  1205                           	callstack 0
  1206   000048                     	ds	2
  1207   00004A                     _lenStr:
  1208                           	callstack 0
  1209   00004A                     	ds	2
  1210   00004C                     _X2:
  1211                           	callstack 0
  1212   00004C                     	ds	2
  1213   00004E                     _X1:
  1214                           	callstack 0
  1215   00004E                     	ds	2
  1216   000050                     _index:
  1217                           	callstack 0
  1218   000050                     	ds	2
  1219   000052                     _a:
  1220                           	callstack 0
  1221   000052                     	ds	2
  1222   000054                     _lastn:
  1223                           	callstack 0
  1224   000054                     	ds	2
  1225   000056                     _num:
  1226                           	callstack 0
  1227   000056                     	ds	2
  1228   000058                     _count:
  1229                           	callstack 0
  1230   000058                     	ds	2
  1231   00005A                     _mystring:
  1232                           	callstack 0
  1233   00005A                     	ds	20
  1234                           
  1235                           	psect	dataCOMRAM
  1236   00006E                     __pdataCOMRAM:
  1237                           	callstack 0
  1238   00006E                     _lighttable:
  1239                           	callstack 0
  1240   00006E                     	ds	6
  1241   000074                     _tick:
  1242                           	callstack 0
  1243   000074                     	ds	2
  1244   000076                     _direction:
  1245                           	callstack 0
  1246   000076                     	ds	2
  1247                           
  1248                           	psect	bssBANK0
  1249   0000B3                     __pbssBANK0:
  1250                           	callstack 0
  1251   0000B3                     _str:
  1252                           	callstack 0
  1253   0000B3                     	ds	20
  1254   0000C7                     _lastV:
  1255                           	callstack 0
  1256   0000C7                     	ds	2
  1257   0000C9                     _state:
  1258                           	callstack 0
  1259   0000C9                     	ds	2
  1260                           
  1261                           	psect	dataBANK0
  1262   0000CB                     __pdataBANK0:
  1263                           	callstack 0
  1264   0000CB                     _angel:
  1265                           	callstack 0
  1266   0000CB                     	ds	2
  1267                           
  1268                           	psect	cstackBANK1
  1269   000100                     __pcstackBANK1:
  1270                           	callstack 0
  1271   000100                     ?_ADC_Read:
  1272                           	callstack 0
  1273   000100                     ?___lmul:
  1274                           	callstack 0
  1275   000100                     ADC_Read@channel:
  1276                           	callstack 0
  1277   000100                     SetCCP1DutyCycle@duty_value:
  1278                           	callstack 0
  1279   000100                     ___lmul@multiplier:
  1280                           	callstack 0
  1281                           
  1282                           ; 4 bytes @ 0x0
  1283   000100                     	ds	2
  1284   000102                     ??_ADC_Read:
  1285   000102                     ??_SetCCP1DutyCycle:
  1286                           
  1287                           ; 1 bytes @ 0x2
  1288   000102                     	ds	2
  1289   000104                     ADC_Read@digital:
  1290                           	callstack 0
  1291   000104                     ___lmul@multiplicand:
  1292                           	callstack 0
  1293                           
  1294                           ; 4 bytes @ 0x4
  1295   000104                     	ds	4
  1296   000108                     ___lmul@product:
  1297                           	callstack 0
  1298                           
  1299                           ; 4 bytes @ 0x8
  1300   000108                     	ds	4
  1301   00010C                     ?___lldiv:
  1302                           	callstack 0
  1303   00010C                     ___lldiv@dividend:
  1304                           	callstack 0
  1305                           
  1306                           ; 4 bytes @ 0xC
  1307   00010C                     	ds	4
  1308   000110                     ___lldiv@divisor:
  1309                           	callstack 0
  1310                           
  1311                           ; 4 bytes @ 0x10
  1312   000110                     	ds	4
  1313   000114                     ___lldiv@quotient:
  1314                           	callstack 0
  1315                           
  1316                           ; 4 bytes @ 0x14
  1317   000114                     	ds	4
  1318   000118                     ___lldiv@counter:
  1319                           	callstack 0
  1320                           
  1321                           ; 1 bytes @ 0x18
  1322   000118                     	ds	1
  1323   000119                     ?_AngleToDutyCycle:
  1324                           	callstack 0
  1325                           
  1326                           ; 2 bytes @ 0x19
  1327   000119                     	ds	2
  1328   00011B                     AngleToDutyCycle@angle:
  1329                           	callstack 0
  1330                           
  1331                           ; 1 bytes @ 0x1B
  1332   00011B                     	ds	1
  1333   00011C                     AngleToDutyCycle@D_value:
  1334                           	callstack 0
  1335                           
  1336                           ; 4 bytes @ 0x1C
  1337   00011C                     	ds	4
  1338   000120                     set_servo_angle@angle:
  1339                           	callstack 0
  1340                           
  1341                           ; 2 bytes @ 0x20
  1342   000120                     	ds	2
  1343   000122                     set_servo_angle@angle_0_180:
  1344                           	callstack 0
  1345                           
  1346                           ; 2 bytes @ 0x22
  1347   000122                     	ds	2
  1348   000124                     set_servo_angle@duty_val:
  1349                           	callstack 0
  1350                           
  1351                           ; 2 bytes @ 0x24
  1352   000124                     	ds	2
  1353                           
  1354                           	psect	cstackBANK0
  1355   000080                     __pcstackBANK0:
  1356                           	callstack 0
  1357   000080                     ?_abs:
  1358                           	callstack 0
  1359   000080                     ?___awmod:
  1360                           	callstack 0
  1361   000080                     ?i1___lmul:
  1362                           	callstack 0
  1363   000080                     UART_Write@data:
  1364                           	callstack 0
  1365   000080                     ___awmod@dividend:
  1366                           	callstack 0
  1367   000080                     abs@a:
  1368                           	callstack 0
  1369   000080                     i1SetCCP1DutyCycle@duty_value:
  1370                           	callstack 0
  1371   000080                     i1___lmul@multiplier:
  1372                           	callstack 0
  1373   000080                     
  1374                           ; 1 bytes @ 0x0
  1375   000080                     	ds	1
  1376   000081                     UART_DeleteLine@n:
  1377                           	callstack 0
  1378                           
  1379                           ; 2 bytes @ 0x1
  1380   000081                     	ds	1
  1381   000082                     ___awmod@divisor:
  1382                           	callstack 0
  1383   000082                     ??_abs:
  1384   000082                     ??i1_SetCCP1DutyCycle:
  1385                           
  1386                           ; 1 bytes @ 0x2
  1387   000082                     	ds	1
  1388   000083                     ??_UART_DeleteLine:
  1389                           
  1390                           ; 1 bytes @ 0x3
  1391   000083                     	ds	1
  1392   000084                     ___awmod@counter:
  1393                           	callstack 0
  1394   000084                     UART_DeleteLine@i:
  1395                           	callstack 0
  1396   000084                     i1___lmul@multiplicand:
  1397                           	callstack 0
  1398   000084                     
  1399                           ; 1 bytes @ 0x4
  1400   000084                     	ds	1
  1401   000085                     ___awmod@sign:
  1402                           	callstack 0
  1403                           
  1404                           ; 1 bytes @ 0x5
  1405   000085                     	ds	1
  1406   000086                     ?___awdiv:
  1407                           	callstack 0
  1408   000086                     ___awdiv@dividend:
  1409                           	callstack 0
  1410                           
  1411                           ; 2 bytes @ 0x6
  1412   000086                     	ds	2
  1413   000088                     ___awdiv@divisor:
  1414                           	callstack 0
  1415   000088                     i1___lmul@product:
  1416                           	callstack 0
  1417   000088                     
  1418                           ; 1 bytes @ 0x8
  1419   000088                     	ds	2
  1420   00008A                     ___awdiv@counter:
  1421                           	callstack 0
  1422   00008A                     
  1423                           ; 1 bytes @ 0xA
  1424   00008A                     	ds	1
  1425   00008B                     ___awdiv@sign:
  1426                           	callstack 0
  1427                           
  1428                           ; 1 bytes @ 0xB
  1429   00008B                     	ds	1
  1430   00008C                     ?i1___lldiv:
  1431                           	callstack 0
  1432   00008C                     ___awdiv@quotient:
  1433                           	callstack 0
  1434   00008C                     i1___lldiv@dividend:
  1435                           	callstack 0
  1436                           
  1437                           ; 4 bytes @ 0xC
  1438   00008C                     	ds	2
  1439   00008E                     Update@num:
  1440                           	callstack 0
  1441                           
  1442                           ; 2 bytes @ 0xE
  1443   00008E                     	ds	2
  1444   000090                     Update@digit:
  1445                           	callstack 0
  1446   000090                     i1___lldiv@divisor:
  1447                           	callstack 0
  1448   000090                     
  1449                           ; 1 bytes @ 0x10
  1450   000090                     	ds	4
  1451   000094                     i1___lldiv@quotient:
  1452                           	callstack 0
  1453   000094                     
  1454                           ; 1 bytes @ 0x14
  1455   000094                     	ds	4
  1456   000098                     i1___lldiv@counter:
  1457                           	callstack 0
  1458                           
  1459                           ; 1 bytes @ 0x18
  1460   000098                     	ds	1
  1461   000099                     ?i1_AngleToDutyCycle:
  1462                           	callstack 0
  1463                           
  1464                           ; 2 bytes @ 0x19
  1465   000099                     	ds	2
  1466   00009B                     i1AngleToDutyCycle@angle:
  1467                           	callstack 0
  1468   00009B                     
  1469                           ; 1 bytes @ 0x1B
  1470   00009B                     	ds	1
  1471   00009C                     i1AngleToDutyCycle@D_value:
  1472                           	callstack 0
  1473                           
  1474                           ; 4 bytes @ 0x1C
  1475   00009C                     	ds	4
  1476   0000A0                     i1set_servo_angle@angle:
  1477                           	callstack 0
  1478                           
  1479                           ; 2 bytes @ 0x20
  1480   0000A0                     	ds	2
  1481   0000A2                     i1set_servo_angle@angle_0_180:
  1482                           	callstack 0
  1483   0000A2                     
  1484                           ; 1 bytes @ 0x22
  1485   0000A2                     	ds	2
  1486   0000A4                     i1set_servo_angle@duty_val:
  1487                           	callstack 0
  1488                           
  1489                           ; 2 bytes @ 0x24
  1490   0000A4                     	ds	2
  1491   0000A6                     ??_Lo_ISR:
  1492                           
  1493                           ; 1 bytes @ 0x26
  1494   0000A6                     	ds	5
  1495   0000AB                     Lo_ISR@limited_range_angle:
  1496                           	callstack 0
  1497                           
  1498                           ; 4 bytes @ 0x2B
  1499   0000AB                     	ds	4
  1500   0000AF                     Lo_ISR@change:
  1501                           	callstack 0
  1502                           
  1503                           ; 2 bytes @ 0x2F
  1504   0000AF                     	ds	2
  1505   0000B1                     Lo_ISR@v:
  1506                           	callstack 0
  1507                           
  1508                           ; 2 bytes @ 0x31
  1509   0000B1                     	ds	2
  1510   0000B3                     
  1511                           ; 1 bytes @ 0x33
  1512                           
  1513                           	psect	cstackCOMRAM
  1514   000001                     __pcstackCOMRAM:
  1515                           	callstack 0
  1516   000001                     ?_strlen:
  1517                           	callstack 0
  1518   000001                     ?_strcmp:
  1519                           	callstack 0
  1520   000001                     ?_isxdigit:
  1521                           	callstack 0
  1522   000001                     ?_isdigit:
  1523                           	callstack 0
  1524   000001                     ?_toupper:
  1525                           	callstack 0
  1526   000001                     ?___wmul:
  1527                           	callstack 0
  1528   000001                     ?___fldiv:
  1529                           	callstack 0
  1530   000001                     ?___flmul:
  1531                           	callstack 0
  1532   000001                     ?_nanf:
  1533                           	callstack 0
  1534   000001                     ?___flneg:
  1535                           	callstack 0
  1536   000001                     ?___xxtofl:
  1537                           	callstack 0
  1538   000001                     ?i2___lmul:
  1539                           	callstack 0
  1540   000001                     strcmp@l:
  1541                           	callstack 0
  1542   000001                     strlen@s:
  1543                           	callstack 0
  1544   000001                     nanf@s:
  1545                           	callstack 0
  1546   000001                     i2UART_Write@data:
  1547                           	callstack 0
  1548   000001                     ClearBuffer@i:
  1549                           	callstack 0
  1550   000001                     ___wmul@multiplier:
  1551                           	callstack 0
  1552   000001                     isdigit@c:
  1553                           	callstack 0
  1554   000001                     isxdigit@c:
  1555                           	callstack 0
  1556   000001                     toupper@c:
  1557                           	callstack 0
  1558   000001                     i2SetCCP1DutyCycle@duty_value:
  1559                           	callstack 0
  1560   000001                     ___fleq@ff1:
  1561                           	callstack 0
  1562   000001                     ___flge@ff1:
  1563                           	callstack 0
  1564   000001                     ___flneg@f1:
  1565                           	callstack 0
  1566   000001                     ___fldiv@b:
  1567                           	callstack 0
  1568   000001                     ___flmul@b:
  1569                           	callstack 0
  1570   000001                     ___xxtofl@val:
  1571                           	callstack 0
  1572   000001                     i2___lmul@multiplier:
  1573                           	callstack 0
  1574   000001                     
  1575                           ; 1 bytes @ 0x0
  1576   000001                     	ds	1
  1577   000002                     UART_Write_Text@text:
  1578                           	callstack 0
  1579   000002                     strcmp@r:
  1580                           	callstack 0
  1581                           
  1582                           ; 1 bytes @ 0x1
  1583   000002                     	ds	1
  1584   000003                     strlen@a:
  1585                           	callstack 0
  1586   000003                     ___wmul@multiplicand:
  1587                           	callstack 0
  1588   000003                     ??_strcmp:
  1589   000003                     ??_isxdigit:
  1590   000003                     ??_isdigit:
  1591   000003                     ??_toupper:
  1592   000003                     ??_UART_Write_Text:
  1593   000003                     ??i2_SetCCP1DutyCycle:
  1594                           
  1595                           ; 1 bytes @ 0x2
  1596   000003                     	ds	1
  1597   000004                     UART_Write_Text@i:
  1598                           	callstack 0
  1599                           
  1600                           ; 2 bytes @ 0x3
  1601   000004                     	ds	1
  1602   000005                     ___wmul@product:
  1603                           	callstack 0
  1604   000005                     ___fleq@ff2:
  1605                           	callstack 0
  1606   000005                     ___flge@ff2:
  1607                           	callstack 0
  1608   000005                     ___fldiv@a:
  1609                           	callstack 0
  1610   000005                     ___flmul@a:
  1611                           	callstack 0
  1612   000005                     nanf@u:
  1613                           	callstack 0
  1614   000005                     i2___lmul@multiplicand:
  1615                           	callstack 0
  1616   000005                     ??___xxtofl:
  1617                           
  1618                           ; 1 bytes @ 0x4
  1619   000005                     	ds	2
  1620   000007                     _isxdigit$1899:
  1621                           	callstack 0
  1622                           
  1623                           ; 1 bytes @ 0x6
  1624   000007                     	ds	2
  1625   000009                     ___xxtofl@sign:
  1626                           	callstack 0
  1627   000009                     i2___lmul@product:
  1628                           	callstack 0
  1629   000009                     ??___fldiv:
  1630   000009                     ??___flmul:
  1631   000009                     ??___fleq:
  1632   000009                     ??___flge:
  1633   000009                     
  1634                           ; 1 bytes @ 0x8
  1635   000009                     	ds	1
  1636   00000A                     ___xxtofl@exp:
  1637                           	callstack 0
  1638                           
  1639                           ; 1 bytes @ 0x9
  1640   00000A                     	ds	1
  1641   00000B                     ___xxtofl@arg:
  1642                           	callstack 0
  1643                           
  1644                           ; 4 bytes @ 0xA
  1645   00000B                     	ds	2
  1646   00000D                     ?i2___lldiv:
  1647                           	callstack 0
  1648   00000D                     ___flmul@sign:
  1649                           	callstack 0
  1650   00000D                     ___fldiv@rem:
  1651                           	callstack 0
  1652   00000D                     i2___lldiv@dividend:
  1653                           	callstack 0
  1654                           
  1655                           ; 4 bytes @ 0xC
  1656   00000D                     	ds	1
  1657   00000E                     ___flmul@grs:
  1658                           	callstack 0
  1659                           
  1660                           ; 4 bytes @ 0xD
  1661   00000E                     	ds	3
  1662   000011                     ___fldiv@sign:
  1663                           	callstack 0
  1664   000011                     i2___lldiv@divisor:
  1665                           	callstack 0
  1666                           
  1667                           ; 4 bytes @ 0x10
  1668   000011                     	ds	1
  1669   000012                     ___flmul@aexp:
  1670                           	callstack 0
  1671   000012                     ___fldiv@new_exp:
  1672                           	callstack 0
  1673                           
  1674                           ; 2 bytes @ 0x11
  1675   000012                     	ds	1
  1676   000013                     ___flmul@bexp:
  1677                           	callstack 0
  1678                           
  1679                           ; 1 bytes @ 0x12
  1680   000013                     	ds	1
  1681   000014                     ___fldiv@grs:
  1682                           	callstack 0
  1683   000014                     ___flmul@prod:
  1684                           	callstack 0
  1685                           
  1686                           ; 4 bytes @ 0x13
  1687   000014                     	ds	1
  1688   000015                     i2___lldiv@quotient:
  1689                           	callstack 0
  1690   000015                     
  1691                           ; 1 bytes @ 0x14
  1692   000015                     	ds	3
  1693   000018                     ___fldiv@bexp:
  1694                           	callstack 0
  1695   000018                     ___flmul@temp:
  1696                           	callstack 0
  1697                           
  1698                           ; 2 bytes @ 0x17
  1699   000018                     	ds	1
  1700   000019                     ___fldiv@aexp:
  1701                           	callstack 0
  1702   000019                     i2___lldiv@counter:
  1703                           	callstack 0
  1704                           
  1705                           ; 1 bytes @ 0x18
  1706   000019                     	ds	1
  1707   00001A                     ?i2_AngleToDutyCycle:
  1708                           	callstack 0
  1709   00001A                     ?_strtof:
  1710                           	callstack 0
  1711   00001A                     strtof@s:
  1712                           	callstack 0
  1713                           
  1714                           ; 1 bytes @ 0x19
  1715   00001A                     	ds	1
  1716   00001B                     strtof@res:
  1717                           	callstack 0
  1718                           
  1719                           ; 2 bytes @ 0x1A
  1720   00001B                     	ds	1
  1721   00001C                     i2AngleToDutyCycle@angle:
  1722                           	callstack 0
  1723   00001C                     
  1724                           ; 1 bytes @ 0x1B
  1725   00001C                     	ds	1
  1726   00001D                     i2AngleToDutyCycle@D_value:
  1727                           	callstack 0
  1728                           
  1729                           ; 4 bytes @ 0x1C
  1730   00001D                     	ds	1
  1731   00001E                     ??_strtof:
  1732                           
  1733                           ; 1 bytes @ 0x1D
  1734   00001E                     	ds	3
  1735   000021                     i2set_servo_angle@angle:
  1736                           	callstack 0
  1737                           
  1738                           ; 2 bytes @ 0x20
  1739   000021                     	ds	2
  1740   000023                     i2set_servo_angle@angle_0_180:
  1741                           	callstack 0
  1742   000023                     
  1743                           ; 1 bytes @ 0x22
  1744   000023                     	ds	1
  1745   000024                     strtof@err:
  1746                           	callstack 0
  1747                           
  1748                           ; 2 bytes @ 0x23
  1749   000024                     	ds	1
  1750   000025                     i2set_servo_angle@duty_val:
  1751                           	callstack 0
  1752                           
  1753                           ; 2 bytes @ 0x24
  1754   000025                     	ds	1
  1755   000026                     strtof@xpos:
  1756                           	callstack 0
  1757                           
  1758                           ; 1 bytes @ 0x25
  1759   000026                     	ds	1
  1760   000027                     strtof@dpos:
  1761                           	callstack 0
  1762                           
  1763                           ; 1 bytes @ 0x26
  1764   000027                     	ds	1
  1765   000028                     strtof@digit:
  1766                           	callstack 0
  1767                           
  1768                           ; 1 bytes @ 0x27
  1769   000028                     	ds	1
  1770   000029                     strtof@flags:
  1771                           	callstack 0
  1772                           
  1773                           ; 1 bytes @ 0x28
  1774   000029                     	ds	1
  1775   00002A                     strtof@expon:
  1776                           	callstack 0
  1777                           
  1778                           ; 2 bytes @ 0x29
  1779   00002A                     	ds	2
  1780   00002C                     strtof@eexp:
  1781                           	callstack 0
  1782                           
  1783                           ; 2 bytes @ 0x2B
  1784   00002C                     	ds	2
  1785   00002E                     strtof@_u:
  1786                           	callstack 0
  1787                           
  1788                           ; 4 bytes @ 0x2D
  1789   00002E                     	ds	4
  1790   000032                     strtof@i:
  1791                           	callstack 0
  1792                           
  1793                           ; 1 bytes @ 0x31
  1794   000032                     	ds	1
  1795   000033                     ?___fltol:
  1796                           	callstack 0
  1797   000033                     ___fltol@f1:
  1798                           	callstack 0
  1799                           
  1800                           ; 4 bytes @ 0x32
  1801   000033                     	ds	4
  1802   000037                     ??___fltol:
  1803                           
  1804                           ; 1 bytes @ 0x36
  1805   000037                     	ds	4
  1806   00003B                     ___fltol@sign1:
  1807                           	callstack 0
  1808                           
  1809                           ; 1 bytes @ 0x3A
  1810   00003B                     	ds	1
  1811   00003C                     ___fltol@exp1:
  1812                           	callstack 0
  1813                           
  1814                           ; 1 bytes @ 0x3B
  1815   00003C                     	ds	1
  1816   00003D                     MyusartRead@num:
  1817                           	callstack 0
  1818   00003D                     
  1819                           ; 1 bytes @ 0x3C
  1820   00003D                     	ds	2
  1821   00003F                     MyusartRead@c:
  1822                           	callstack 0
  1823                           
  1824                           ; 1 bytes @ 0x3E
  1825   00003F                     	ds	1
  1826   000040                     ??_Hi_ISR:
  1827                           
  1828                           ; 1 bytes @ 0x3F
  1829   000040                     	ds	8
  1830                           
  1831 ;;
  1832 ;;Main: autosize = 0, tempsize = 0, incstack = 0, save=0
  1833 ;;
  1834 ;; *************** function _main *****************
  1835 ;; Defined at:
  1836 ;;		line 32 in file "main.c"
  1837 ;; Parameters:    Size  Location     Type
  1838 ;;		None
  1839 ;; Auto vars:     Size  Location     Type
  1840 ;;		None
  1841 ;; Return value:  Size  Location     Type
  1842 ;;                  1    wreg      void 
  1843 ;; Registers used:
  1844 ;;		wreg, status,2, status,0, cstack
  1845 ;; Tracked objects:
  1846 ;;		On entry : 0/0
  1847 ;;		On exit  : 0/0
  1848 ;;		Unchanged: 0/0
  1849 ;; Data sizes:     COMRAM   BANK0   BANK1   BANK2   BANK3   BANK4   BANK5
  1850 ;;      Params:         0       0       0       0       0       0       0
  1851 ;;      Locals:         0       0       0       0       0       0       0
  1852 ;;      Temps:          0       0       0       0       0       0       0
  1853 ;;      Totals:         0       0       0       0       0       0       0
  1854 ;;Total ram usage:        0 bytes
  1855 ;; Hardware stack levels required when called: 12
  1856 ;; This function calls:
  1857 ;;		_ADC_Read
  1858 ;;		_SYSTEM_Initialize
  1859 ;;		_set_servo_angle
  1860 ;; This function is called by:
  1861 ;;		Startup code after reset
  1862 ;; This function uses a non-reentrant model
  1863 ;;
  1864                           
  1865                           	psect	text0
  1866   002D6A                     __ptext0:
  1867                           	callstack 0
  1868   002D6A                     _main:
  1869                           	callstack 19
  1870   002D6A                     
  1871                           ;main.c: 35:     SYSTEM_Initialize() ;
  1872   002D6A  ECC6  F018         	call	_SYSTEM_Initialize	;wreg free
  1873   002D6E                     
  1874                           ;main.c: 36:     set_servo_angle(-90);
  1875   002D6E  0EFF               	movlw	255
  1876   002D70  0101               	movlb	1	; () banked
  1877   002D72  6F21               	movwf	(set_servo_angle@angle+1)& (0+255),b
  1878   002D74  0EA6               	movlw	166
  1879   002D76  6F20               	movwf	set_servo_angle@angle& (0+255),b
  1880   002D78  EC9F  F015         	call	_set_servo_angle	;wreg free
  1881   002D7C                     
  1882                           ;main.c: 37:     LATD = 0x00;
  1883   002D7C  6A8C               	clrf	140,c	;volatile
  1884   002D7E                     
  1885                           ;main.c: 38:     lastn = ADC_Read(0);
  1886   002D7E  0E00               	movlw	0
  1887   002D80  0101               	movlb	1	; () banked
  1888   002D82  6F01               	movwf	(ADC_Read@channel+1)& (0+255),b
  1889   002D84  0E00               	movlw	0
  1890   002D86  6F00               	movwf	ADC_Read@channel& (0+255),b
  1891   002D88  EC73  F018         	call	_ADC_Read	;wreg free
  1892   002D8C  C100  F054         	movff	?_ADC_Read,_lastn
  1893   002D90  C101  F055         	movff	?_ADC_Read+1,_lastn+1
  1894   002D94                     
  1895                           ;main.c: 39:     if(lastn > 1023 || lastn < 0){
  1896   002D94  BE55               	btfsc	(_lastn+1)^0,7,c
  1897   002D96  EFD6  F016         	goto	u5120
  1898   002D9A  0E04               	movlw	4
  1899   002D9C  5C55               	subwf	(_lastn+1)^0,w,c
  1900   002D9E  B0D8               	btfsc	status,0,c
  1901   002DA0  EFD4  F016         	goto	u5121
  1902   002DA4  EFD6  F016         	goto	u5120
  1903   002DA8                     u5121:
  1904   002DA8  EFDD  F016         	goto	l4335
  1905   002DAC                     u5120:
  1906   002DAC  BE55               	btfsc	(_lastn+1)^0,7,c
  1907   002DAE  EFDD  F016         	goto	u5130
  1908   002DB2  EFDB  F016         	goto	u5131
  1909   002DB6                     u5131:
  1910   002DB6  EFE1  F016         	goto	l73
  1911   002DBA                     u5130:
  1912   002DBA                     l4335:
  1913                           
  1914                           ;main.c: 40:         lastn = 0;
  1915   002DBA  0E00               	movlw	0
  1916   002DBC  6E55               	movwf	(_lastn+1)^0,c
  1917   002DBE  0E00               	movlw	0
  1918   002DC0  6E54               	movwf	_lastn^0,c
  1919   002DC2                     l73:
  1920                           
  1921                           ;main.c: 42:     state = 0;
  1922   002DC2  0E00               	movlw	0
  1923   002DC4  0100               	movlb	0	; () banked
  1924   002DC6  6FCA               	movwf	(_state+1)& (0+255),b
  1925   002DC8  0E00               	movlw	0
  1926   002DCA  6FC9               	movwf	_state& (0+255),b
  1927   002DCC                     l76:
  1928   002DCC  EFE6  F016         	goto	l76
  1929   002DD0  EFBB  F000         	goto	start
  1930   002DD4                     __end_of_main:
  1931                           	callstack 0
  1932                           
  1933 ;; *************** function _set_servo_angle *****************
  1934 ;; Defined at:
  1935 ;;		line 91 in file "setting_hardaware/ccp1.c"
  1936 ;; Parameters:    Size  Location     Type
  1937 ;;  angle           2   32[BANK1 ] int 
  1938 ;; Auto vars:     Size  Location     Type
  1939 ;;  duty_val        2   36[BANK1 ] unsigned short 
  1940 ;;  angle_0_180     2   34[BANK1 ] int 
  1941 ;; Return value:  Size  Location     Type
  1942 ;;                  1    wreg      void 
  1943 ;; Registers used:
  1944 ;;		wreg, status,2, status,0, cstack
  1945 ;; Tracked objects:
  1946 ;;		On entry : 0/0
  1947 ;;		On exit  : 0/0
  1948 ;;		Unchanged: 0/0
  1949 ;; Data sizes:     COMRAM   BANK0   BANK1   BANK2   BANK3   BANK4   BANK5
  1950 ;;      Params:         0       0       2       0       0       0       0
  1951 ;;      Locals:         0       0       4       0       0       0       0
  1952 ;;      Temps:          0       0       0       0       0       0       0
  1953 ;;      Totals:         0       0       6       0       0       0       0
  1954 ;;Total ram usage:        6 bytes
  1955 ;; Hardware stack levels used: 1
  1956 ;; Hardware stack levels required when called: 11
  1957 ;; This function calls:
  1958 ;;		_AngleToDutyCycle
  1959 ;;		_SetCCP1DutyCycle
  1960 ;; This function is called by:
  1961 ;;		_main
  1962 ;; This function uses a non-reentrant model
  1963 ;;
  1964                           
  1965                           	psect	text1
  1966   002B3E                     __ptext1:
  1967                           	callstack 0
  1968   002B3E                     _set_servo_angle:
  1969                           	callstack 19
  1970   002B3E                     
  1971                           ;setting_hardaware/ccp1.c: 94:     if (angle < -90) angle = -90;
  1972   002B3E  0101               	movlb	1	; () banked
  1973   002B40  AF21               	btfss	(set_servo_angle@angle+1)& (0+255),7,b
  1974   002B42  EFAC  F015         	goto	u5091
  1975   002B46  0EA6               	movlw	166
  1976   002B48  5D20               	subwf	set_servo_angle@angle& (0+255),w,b
  1977   002B4A  0EFF               	movlw	255
  1978   002B4C  5921               	subwfb	(set_servo_angle@angle+1)& (0+255),w,b
  1979   002B4E  B0D8               	btfsc	status,0,c
  1980   002B50  EFAC  F015         	goto	u5091
  1981   002B54  EFAE  F015         	goto	u5090
  1982   002B58                     u5091:
  1983   002B58  EFB2  F015         	goto	l4301
  1984   002B5C                     u5090:
  1985   002B5C                     
  1986                           ; BSR set to: 1
  1987   002B5C  0EFF               	movlw	255
  1988   002B5E  6F21               	movwf	(set_servo_angle@angle+1)& (0+255),b
  1989   002B60  0EA6               	movlw	166
  1990   002B62  6F20               	movwf	set_servo_angle@angle& (0+255),b
  1991   002B64                     l4301:
  1992                           
  1993                           ; BSR set to: 1
  1994                           ;setting_hardaware/ccp1.c: 95:     if (angle > 90) angle = 90;
  1995   002B64  BF21               	btfsc	(set_servo_angle@angle+1)& (0+255),7,b
  1996   002B66  EFBE  F015         	goto	u5101
  1997   002B6A  5121               	movf	(set_servo_angle@angle+1)& (0+255),w,b
  1998   002B6C  E109               	bnz	u5100
  1999   002B6E  0E5B               	movlw	91
  2000   002B70  5D20               	subwf	set_servo_angle@angle& (0+255),w,b
  2001   002B72  A0D8               	btfss	status,0,c
  2002   002B74  EFBE  F015         	goto	u5101
  2003   002B78  EFC0  F015         	goto	u5100
  2004   002B7C                     u5101:
  2005   002B7C  EFC4  F015         	goto	l4305
  2006   002B80                     u5100:
  2007   002B80                     
  2008                           ; BSR set to: 1
  2009   002B80  0E00               	movlw	0
  2010   002B82  6F21               	movwf	(set_servo_angle@angle+1)& (0+255),b
  2011   002B84  0E5A               	movlw	90
  2012   002B86  6F20               	movwf	set_servo_angle@angle& (0+255),b
  2013   002B88                     l4305:
  2014                           
  2015                           ; BSR set to: 1
  2016                           ;setting_hardaware/ccp1.c: 98:     int angle_0_180 = angle + 90;
  2017   002B88  0E5A               	movlw	90
  2018   002B8A  2520               	addwf	set_servo_angle@angle& (0+255),w,b
  2019   002B8C  6F22               	movwf	set_servo_angle@angle_0_180& (0+255),b
  2020   002B8E  0E00               	movlw	0
  2021   002B90  2121               	addwfc	(set_servo_angle@angle+1)& (0+255),w,b
  2022   002B92  6F23               	movwf	(set_servo_angle@angle_0_180+1)& (0+255),b
  2023   002B94                     
  2024                           ; BSR set to: 1
  2025                           ;setting_hardaware/ccp1.c: 101:     uint16_t duty_val = AngleToDutyCycle((uint8_t)angle_
      +                          0_180);
  2026   002B94  5122               	movf	set_servo_angle@angle_0_180& (0+255),w,b
  2027   002B96  EC17  F012         	call	_AngleToDutyCycle
  2028   002B9A  C119  F124         	movff	?_AngleToDutyCycle,set_servo_angle@duty_val
  2029   002B9E  C11A  F125         	movff	?_AngleToDutyCycle+1,set_servo_angle@duty_val+1
  2030   002BA2                     
  2031                           ;setting_hardaware/ccp1.c: 104:     SetCCP1DutyCycle(duty_val);
  2032   002BA2  C124  F100         	movff	set_servo_angle@duty_val,SetCCP1DutyCycle@duty_value
  2033   002BA6  C125  F101         	movff	set_servo_angle@duty_val+1,SetCCP1DutyCycle@duty_value+1
  2034   002BAA  ECA9  F017         	call	_SetCCP1DutyCycle	;wreg free
  2035   002BAE  0012               	return		;funcret
  2036   002BB0                     __end_of_set_servo_angle:
  2037                           	callstack 0
  2038                           
  2039 ;; *************** function _SetCCP1DutyCycle *****************
  2040 ;; Defined at:
  2041 ;;		line 44 in file "setting_hardaware/ccp1.c"
  2042 ;; Parameters:    Size  Location     Type
  2043 ;;  duty_value      2    0[BANK1 ] unsigned short 
  2044 ;; Auto vars:     Size  Location     Type
  2045 ;;		None
  2046 ;; Return value:  Size  Location     Type
  2047 ;;                  1    wreg      void 
  2048 ;; Registers used:
  2049 ;;		wreg, status,2, status,0
  2050 ;; Tracked objects:
  2051 ;;		On entry : 0/0
  2052 ;;		On exit  : 0/0
  2053 ;;		Unchanged: 0/0
  2054 ;; Data sizes:     COMRAM   BANK0   BANK1   BANK2   BANK3   BANK4   BANK5
  2055 ;;      Params:         0       0       2       0       0       0       0
  2056 ;;      Locals:         0       0       0       0       0       0       0
  2057 ;;      Temps:          0       0       2       0       0       0       0
  2058 ;;      Totals:         0       0       4       0       0       0       0
  2059 ;;Total ram usage:        4 bytes
  2060 ;; Hardware stack levels used: 1
  2061 ;; Hardware stack levels required when called: 9
  2062 ;; This function calls:
  2063 ;;		Nothing
  2064 ;; This function is called by:
  2065 ;;		_set_servo_angle
  2066 ;; This function uses a non-reentrant model
  2067 ;;
  2068                           
  2069                           	psect	text2
  2070   002F52                     __ptext2:
  2071                           	callstack 0
  2072   002F52                     _SetCCP1DutyCycle:
  2073                           	callstack 20
  2074   002F52                     
  2075                           ;setting_hardaware/ccp1.c: 44: void SetCCP1DutyCycle(uint16_t duty_value);setting_hardaw
      +                          are/ccp1.c: 45: {;setting_hardaware/ccp1.c: 46:     if (duty_value > 1023) {
  2076   002F52  0E04               	movlw	4
  2077   002F54  0101               	movlb	1	; () banked
  2078   002F56  5D01               	subwf	(SetCCP1DutyCycle@duty_value+1)& (0+255),w,b
  2079   002F58  A0D8               	btfss	status,0,c
  2080   002F5A  EFB1  F017         	goto	u5051
  2081   002F5E  EFB3  F017         	goto	u5050
  2082   002F62                     u5051:
  2083   002F62  EFB6  F017         	goto	l4269
  2084   002F66                     u5050:
  2085   002F66                     
  2086                           ; BSR set to: 1
  2087                           ;setting_hardaware/ccp1.c: 47:         duty_value = 1023;
  2088   002F66  0E03               	movlw	3
  2089   002F68  6F01               	movwf	(SetCCP1DutyCycle@duty_value+1)& (0+255),b
  2090   002F6A  6900               	setf	SetCCP1DutyCycle@duty_value& (0+255),b
  2091   002F6C                     l4269:
  2092                           
  2093                           ; BSR set to: 1
  2094                           ;setting_hardaware/ccp1.c: 51:     CCPR1L = (uint8_t)(duty_value >> 2);
  2095   002F6C  C100  F102         	movff	SetCCP1DutyCycle@duty_value,??_SetCCP1DutyCycle
  2096   002F70  C101  F103         	movff	SetCCP1DutyCycle@duty_value+1,??_SetCCP1DutyCycle+1
  2097   002F74  90D8               	bcf	status,0,c
  2098   002F76  3303               	rrcf	(??_SetCCP1DutyCycle+1)& (0+255),f,b
  2099   002F78  3302               	rrcf	??_SetCCP1DutyCycle& (0+255),f,b
  2100   002F7A  90D8               	bcf	status,0,c
  2101   002F7C  3303               	rrcf	(??_SetCCP1DutyCycle+1)& (0+255),f,b
  2102   002F7E  3302               	rrcf	??_SetCCP1DutyCycle& (0+255),f,b
  2103   002F80  5102               	movf	??_SetCCP1DutyCycle& (0+255),w,b
  2104   002F82  6EBE               	movwf	190,c	;volatile
  2105   002F84                     
  2106                           ; BSR set to: 1
  2107                           ;setting_hardaware/ccp1.c: 54:     CCP1CON &= 0xCF;
  2108   002F84  0ECF               	movlw	207
  2109   002F86  16BD               	andwf	189,f,c	;volatile
  2110   002F88                     
  2111                           ; BSR set to: 1
  2112                           ;setting_hardaware/ccp1.c: 55:     CCP1CON |= (uint8_t)((duty_value & 0x0003) << 4);
  2113   002F88  C100  F102         	movff	SetCCP1DutyCycle@duty_value,??_SetCCP1DutyCycle
  2114   002F8C  0E03               	movlw	3
  2115   002F8E  1702               	andwf	??_SetCCP1DutyCycle& (0+255),f,b
  2116   002F90  3902               	swapf	??_SetCCP1DutyCycle& (0+255),w,b
  2117   002F92  0BF0               	andlw	240
  2118   002F94  12BD               	iorwf	189,f,c	;volatile
  2119   002F96                     
  2120                           ; BSR set to: 1
  2121   002F96  0012               	return		;funcret
  2122   002F98                     __end_of_SetCCP1DutyCycle:
  2123                           	callstack 0
  2124                           
  2125 ;; *************** function _AngleToDutyCycle *****************
  2126 ;; Defined at:
  2127 ;;		line 65 in file "setting_hardaware/ccp1.c"
  2128 ;; Parameters:    Size  Location     Type
  2129 ;;  angle           1    wreg     unsigned char 
  2130 ;; Auto vars:     Size  Location     Type
  2131 ;;  angle           1   27[BANK1 ] unsigned char 
  2132 ;;  D_value         4   28[BANK1 ] unsigned long 
  2133 ;;  D_MAX           2    0        const unsigned short 
  2134 ;;  D_MIN           2    0        const unsigned short 
  2135 ;; Return value:  Size  Location     Type
  2136 ;;                  2   25[BANK1 ] unsigned short 
  2137 ;; Registers used:
  2138 ;;		wreg, status,2, status,0, cstack
  2139 ;; Tracked objects:
  2140 ;;		On entry : 0/0
  2141 ;;		On exit  : 0/0
  2142 ;;		Unchanged: 0/0
  2143 ;; Data sizes:     COMRAM   BANK0   BANK1   BANK2   BANK3   BANK4   BANK5
  2144 ;;      Params:         0       0       2       0       0       0       0
  2145 ;;      Locals:         0       0       5       0       0       0       0
  2146 ;;      Temps:          0       0       0       0       0       0       0
  2147 ;;      Totals:         0       0       7       0       0       0       0
  2148 ;;Total ram usage:        7 bytes
  2149 ;; Hardware stack levels used: 1
  2150 ;; Hardware stack levels required when called: 10
  2151 ;; This function calls:
  2152 ;;		___lldiv
  2153 ;;		___lmul
  2154 ;; This function is called by:
  2155 ;;		_set_servo_angle
  2156 ;; This function uses a non-reentrant model
  2157 ;;
  2158                           
  2159                           	psect	text3
  2160   00242E                     __ptext3:
  2161                           	callstack 0
  2162   00242E                     _AngleToDutyCycle:
  2163                           	callstack 19
  2164                           
  2165                           ; BSR set to: 1
  2166                           ;incstack = 0
  2167                           ;AngleToDutyCycle@angle stored from wreg
  2168   00242E  0101               	movlb	1	; () banked
  2169   002430  6F1B               	movwf	AngleToDutyCycle@angle& (0+255),b
  2170   002432                     
  2171                           ;setting_hardaware/ccp1.c: 65: uint16_t AngleToDutyCycle(uint8_t angle);setting_hardawar
      +                          e/ccp1.c: 66: {;setting_hardaware/ccp1.c: 67:     if (angle > 180) {
  2172   002432  0EB4               	movlw	180
  2173   002434  0101               	movlb	1	; () banked
  2174   002436  651B               	cpfsgt	AngleToDutyCycle@angle& (0+255),b
  2175   002438  EF20  F012         	goto	u5061
  2176   00243C  EF22  F012         	goto	u5060
  2177   002440                     u5061:
  2178   002440  EF24  F012         	goto	l4279
  2179   002444                     u5060:
  2180   002444                     
  2181                           ; BSR set to: 1
  2182                           ;setting_hardaware/ccp1.c: 68:         angle = 180;
  2183   002444  0EB4               	movlw	180
  2184   002446  6F1B               	movwf	AngleToDutyCycle@angle& (0+255),b
  2185   002448                     l4279:
  2186                           
  2187                           ; BSR set to: 1
  2188                           ;setting_hardaware/ccp1.c: 79:     uint32_t D_value = 125UL + ( (uint32_t)angle * 25UL /
      +                           9UL );
  2189   002448  511B               	movf	AngleToDutyCycle@angle& (0+255),w,b
  2190   00244A  6F00               	movwf	___lmul@multiplier& (0+255),b
  2191   00244C  6B01               	clrf	(___lmul@multiplier+1)& (0+255),b
  2192   00244E  6B02               	clrf	(___lmul@multiplier+2)& (0+255),b
  2193   002450  6B03               	clrf	(___lmul@multiplier+3)& (0+255),b
  2194   002452  0E19               	movlw	25
  2195   002454  6F04               	movwf	___lmul@multiplicand& (0+255),b
  2196   002456  0E00               	movlw	0
  2197   002458  6F05               	movwf	(___lmul@multiplicand+1)& (0+255),b
  2198   00245A  0E00               	movlw	0
  2199   00245C  6F06               	movwf	(___lmul@multiplicand+2)& (0+255),b
  2200   00245E  0E00               	movlw	0
  2201   002460  6F07               	movwf	(___lmul@multiplicand+3)& (0+255),b
  2202   002462  EC49  F016         	call	___lmul	;wreg free
  2203   002466  C100  F10C         	movff	?___lmul,___lldiv@dividend
  2204   00246A  C101  F10D         	movff	?___lmul+1,___lldiv@dividend+1
  2205   00246E  C102  F10E         	movff	?___lmul+2,___lldiv@dividend+2
  2206   002472  C103  F10F         	movff	?___lmul+3,___lldiv@dividend+3
  2207   002476  0E09               	movlw	9
  2208   002478  0101               	movlb	1	; () banked
  2209   00247A  6F10               	movwf	___lldiv@divisor& (0+255),b
  2210   00247C  0E00               	movlw	0
  2211   00247E  6F11               	movwf	(___lldiv@divisor+1)& (0+255),b
  2212   002480  0E00               	movlw	0
  2213   002482  6F12               	movwf	(___lldiv@divisor+2)& (0+255),b
  2214   002484  0E00               	movlw	0
  2215   002486  6F13               	movwf	(___lldiv@divisor+3)& (0+255),b
  2216   002488  EC66  F014         	call	___lldiv	;wreg free
  2217   00248C  0E7D               	movlw	125
  2218   00248E  0101               	movlb	1	; () banked
  2219   002490  250C               	addwf	?___lldiv& (0+255),w,b
  2220   002492  6F1C               	movwf	AngleToDutyCycle@D_value& (0+255),b
  2221   002494  0E00               	movlw	0
  2222   002496  210D               	addwfc	(?___lldiv+1)& (0+255),w,b
  2223   002498  6F1D               	movwf	(AngleToDutyCycle@D_value+1)& (0+255),b
  2224   00249A  0E00               	movlw	0
  2225   00249C  210E               	addwfc	(?___lldiv+2)& (0+255),w,b
  2226   00249E  6F1E               	movwf	(AngleToDutyCycle@D_value+2)& (0+255),b
  2227   0024A0  0E00               	movlw	0
  2228   0024A2  210F               	addwfc	(?___lldiv+3)& (0+255),w,b
  2229   0024A4  6F1F               	movwf	(AngleToDutyCycle@D_value+3)& (0+255),b
  2230   0024A6                     
  2231                           ; BSR set to: 1
  2232                           ;setting_hardaware/ccp1.c: 85:     if (D_value > D_MAX) D_value = D_MAX;
  2233   0024A6  511F               	movf	(AngleToDutyCycle@D_value+3)& (0+255),w,b
  2234   0024A8  111E               	iorwf	(AngleToDutyCycle@D_value+2)& (0+255),w,b
  2235   0024AA  E10B               	bnz	u5070
  2236   0024AC  0E72               	movlw	114
  2237   0024AE  5D1C               	subwf	AngleToDutyCycle@D_value& (0+255),w,b
  2238   0024B0  0E02               	movlw	2
  2239   0024B2  591D               	subwfb	(AngleToDutyCycle@D_value+1)& (0+255),w,b
  2240   0024B4  A0D8               	btfss	status,0,c
  2241   0024B6  EF5F  F012         	goto	u5071
  2242   0024BA  EF61  F012         	goto	u5070
  2243   0024BE                     u5071:
  2244   0024BE  EF69  F012         	goto	l4289
  2245   0024C2                     u5070:
  2246   0024C2                     
  2247                           ; BSR set to: 1
  2248   0024C2  0E71               	movlw	113
  2249   0024C4  6F1C               	movwf	AngleToDutyCycle@D_value& (0+255),b
  2250   0024C6  0E02               	movlw	2
  2251   0024C8  6F1D               	movwf	(AngleToDutyCycle@D_value+1)& (0+255),b
  2252   0024CA  0E00               	movlw	0
  2253   0024CC  6F1E               	movwf	(AngleToDutyCycle@D_value+2)& (0+255),b
  2254   0024CE  0E00               	movlw	0
  2255   0024D0  6F1F               	movwf	(AngleToDutyCycle@D_value+3)& (0+255),b
  2256   0024D2                     l4289:
  2257                           
  2258                           ; BSR set to: 1
  2259                           ;setting_hardaware/ccp1.c: 86:     if (D_value < D_MIN) D_value = D_MIN;
  2260   0024D2  511F               	movf	(AngleToDutyCycle@D_value+3)& (0+255),w,b
  2261   0024D4  111E               	iorwf	(AngleToDutyCycle@D_value+2)& (0+255),w,b
  2262   0024D6  111D               	iorwf	(AngleToDutyCycle@D_value+1)& (0+255),w,b
  2263   0024D8  E107               	bnz	u5081
  2264   0024DA  0E7D               	movlw	125
  2265   0024DC  5D1C               	subwf	AngleToDutyCycle@D_value& (0+255),w,b
  2266   0024DE  B0D8               	btfsc	status,0,c
  2267   0024E0  EF74  F012         	goto	u5081
  2268   0024E4  EF76  F012         	goto	u5080
  2269   0024E8                     u5081:
  2270   0024E8  EF7E  F012         	goto	l4293
  2271   0024EC                     u5080:
  2272   0024EC                     
  2273                           ; BSR set to: 1
  2274   0024EC  0E7D               	movlw	125
  2275   0024EE  6F1C               	movwf	AngleToDutyCycle@D_value& (0+255),b
  2276   0024F0  0E00               	movlw	0
  2277   0024F2  6F1D               	movwf	(AngleToDutyCycle@D_value+1)& (0+255),b
  2278   0024F4  0E00               	movlw	0
  2279   0024F6  6F1E               	movwf	(AngleToDutyCycle@D_value+2)& (0+255),b
  2280   0024F8  0E00               	movlw	0
  2281   0024FA  6F1F               	movwf	(AngleToDutyCycle@D_value+3)& (0+255),b
  2282   0024FC                     l4293:
  2283                           
  2284                           ; BSR set to: 1
  2285                           ;setting_hardaware/ccp1.c: 88:     return (uint16_t)D_value;
  2286   0024FC  C11C  F119         	movff	AngleToDutyCycle@D_value,?_AngleToDutyCycle
  2287   002500  C11D  F11A         	movff	AngleToDutyCycle@D_value+1,?_AngleToDutyCycle+1
  2288   002504                     
  2289                           ; BSR set to: 1
  2290   002504  0012               	return		;funcret
  2291   002506                     __end_of_AngleToDutyCycle:
  2292                           	callstack 0
  2293                           
  2294 ;; *************** function ___lmul *****************
  2295 ;; Defined at:
  2296 ;;		line 15 in file "C:\Program Files\Microchip\xc8\v3.00\pic\sources\c99\common\Umul32.c"
  2297 ;; Parameters:    Size  Location     Type
  2298 ;;  multiplier      4    0[BANK1 ] unsigned long 
  2299 ;;  multiplicand    4    4[BANK1 ] unsigned long 
  2300 ;; Auto vars:     Size  Location     Type
  2301 ;;  product         4    8[BANK1 ] unsigned long 
  2302 ;; Return value:  Size  Location     Type
  2303 ;;                  4    0[BANK1 ] unsigned long 
  2304 ;; Registers used:
  2305 ;;		wreg, status,2, status,0
  2306 ;; Tracked objects:
  2307 ;;		On entry : 0/0
  2308 ;;		On exit  : 0/0
  2309 ;;		Unchanged: 0/0
  2310 ;; Data sizes:     COMRAM   BANK0   BANK1   BANK2   BANK3   BANK4   BANK5
  2311 ;;      Params:         0       0       8       0       0       0       0
  2312 ;;      Locals:         0       0       4       0       0       0       0
  2313 ;;      Temps:          0       0       0       0       0       0       0
  2314 ;;      Totals:         0       0      12       0       0       0       0
  2315 ;;Total ram usage:       12 bytes
  2316 ;; Hardware stack levels used: 1
  2317 ;; Hardware stack levels required when called: 9
  2318 ;; This function calls:
  2319 ;;		Nothing
  2320 ;; This function is called by:
  2321 ;;		_AngleToDutyCycle
  2322 ;; This function uses a non-reentrant model
  2323 ;;
  2324                           
  2325                           	psect	text4
  2326   002C92                     __ptext4:
  2327                           	callstack 0
  2328   002C92                     ___lmul:
  2329                           	callstack 19
  2330   002C92  0E00               	movlw	0
  2331   002C94  0101               	movlb	1	; () banked
  2332   002C96  6F08               	movwf	___lmul@product& (0+255),b
  2333   002C98  0E00               	movlw	0
  2334   002C9A  6F09               	movwf	(___lmul@product+1)& (0+255),b
  2335   002C9C  0E00               	movlw	0
  2336   002C9E  6F0A               	movwf	(___lmul@product+2)& (0+255),b
  2337   002CA0  0E00               	movlw	0
  2338   002CA2  6F0B               	movwf	(___lmul@product+3)& (0+255),b
  2339   002CA4                     l4235:
  2340                           
  2341                           ; BSR set to: 1
  2342   002CA4  A100               	btfss	___lmul@multiplier& (0+255),0,b
  2343   002CA6  EF57  F016         	goto	u5001
  2344   002CAA  EF59  F016         	goto	u5000
  2345   002CAE                     u5001:
  2346   002CAE  EF61  F016         	goto	l4239
  2347   002CB2                     u5000:
  2348   002CB2                     
  2349                           ; BSR set to: 1
  2350   002CB2  5104               	movf	___lmul@multiplicand& (0+255),w,b
  2351   002CB4  2708               	addwf	___lmul@product& (0+255),f,b
  2352   002CB6  5105               	movf	(___lmul@multiplicand+1)& (0+255),w,b
  2353   002CB8  2309               	addwfc	(___lmul@product+1)& (0+255),f,b
  2354   002CBA  5106               	movf	(___lmul@multiplicand+2)& (0+255),w,b
  2355   002CBC  230A               	addwfc	(___lmul@product+2)& (0+255),f,b
  2356   002CBE  5107               	movf	(___lmul@multiplicand+3)& (0+255),w,b
  2357   002CC0  230B               	addwfc	(___lmul@product+3)& (0+255),f,b
  2358   002CC2                     l4239:
  2359                           
  2360                           ; BSR set to: 1
  2361   002CC2  90D8               	bcf	status,0,c
  2362   002CC4  3704               	rlcf	___lmul@multiplicand& (0+255),f,b
  2363   002CC6  3705               	rlcf	(___lmul@multiplicand+1)& (0+255),f,b
  2364   002CC8  3706               	rlcf	(___lmul@multiplicand+2)& (0+255),f,b
  2365   002CCA  3707               	rlcf	(___lmul@multiplicand+3)& (0+255),f,b
  2366   002CCC                     
  2367                           ; BSR set to: 1
  2368   002CCC  90D8               	bcf	status,0,c
  2369   002CCE  3303               	rrcf	(___lmul@multiplier+3)& (0+255),f,b
  2370   002CD0  3302               	rrcf	(___lmul@multiplier+2)& (0+255),f,b
  2371   002CD2  3301               	rrcf	(___lmul@multiplier+1)& (0+255),f,b
  2372   002CD4  3300               	rrcf	___lmul@multiplier& (0+255),f,b
  2373   002CD6  5100               	movf	___lmul@multiplier& (0+255),w,b
  2374   002CD8  1101               	iorwf	(___lmul@multiplier+1)& (0+255),w,b
  2375   002CDA  1102               	iorwf	(___lmul@multiplier+2)& (0+255),w,b
  2376   002CDC  1103               	iorwf	(___lmul@multiplier+3)& (0+255),w,b
  2377   002CDE  A4D8               	btfss	status,2,c
  2378   002CE0  EF74  F016         	goto	u5011
  2379   002CE4  EF76  F016         	goto	u5010
  2380   002CE8                     u5011:
  2381   002CE8  EF52  F016         	goto	l4235
  2382   002CEC                     u5010:
  2383   002CEC                     
  2384                           ; BSR set to: 1
  2385   002CEC  C108  F100         	movff	___lmul@product,?___lmul
  2386   002CF0  C109  F101         	movff	___lmul@product+1,?___lmul+1
  2387   002CF4  C10A  F102         	movff	___lmul@product+2,?___lmul+2
  2388   002CF8  C10B  F103         	movff	___lmul@product+3,?___lmul+3
  2389   002CFC                     
  2390                           ; BSR set to: 1
  2391   002CFC  0012               	return		;funcret
  2392   002CFE                     __end_of___lmul:
  2393                           	callstack 0
  2394                           
  2395 ;; *************** function ___lldiv *****************
  2396 ;; Defined at:
  2397 ;;		line 7 in file "C:\Program Files\Microchip\xc8\v3.00\pic\sources\c99\common\__lldiv.c"
  2398 ;; Parameters:    Size  Location     Type
  2399 ;;  dividend        4   12[BANK1 ] unsigned long 
  2400 ;;  divisor         4   16[BANK1 ] unsigned long 
  2401 ;; Auto vars:     Size  Location     Type
  2402 ;;  quotient        4   20[BANK1 ] unsigned long 
  2403 ;;  counter         1   24[BANK1 ] unsigned char 
  2404 ;; Return value:  Size  Location     Type
  2405 ;;                  4   12[BANK1 ] unsigned long 
  2406 ;; Registers used:
  2407 ;;		wreg, status,2, status,0
  2408 ;; Tracked objects:
  2409 ;;		On entry : 0/0
  2410 ;;		On exit  : 0/0
  2411 ;;		Unchanged: 0/0
  2412 ;; Data sizes:     COMRAM   BANK0   BANK1   BANK2   BANK3   BANK4   BANK5
  2413 ;;      Params:         0       0       8       0       0       0       0
  2414 ;;      Locals:         0       0       5       0       0       0       0
  2415 ;;      Temps:          0       0       0       0       0       0       0
  2416 ;;      Totals:         0       0      13       0       0       0       0
  2417 ;;Total ram usage:       13 bytes
  2418 ;; Hardware stack levels used: 1
  2419 ;; Hardware stack levels required when called: 9
  2420 ;; This function calls:
  2421 ;;		Nothing
  2422 ;; This function is called by:
  2423 ;;		_AngleToDutyCycle
  2424 ;; This function uses a non-reentrant model
  2425 ;;
  2426                           
  2427                           	psect	text5
  2428   0028CC                     __ptext5:
  2429                           	callstack 0
  2430   0028CC                     ___lldiv:
  2431                           	callstack 19
  2432   0028CC  0E00               	movlw	0
  2433   0028CE  0101               	movlb	1	; () banked
  2434   0028D0  6F14               	movwf	___lldiv@quotient& (0+255),b
  2435   0028D2  0E00               	movlw	0
  2436   0028D4  6F15               	movwf	(___lldiv@quotient+1)& (0+255),b
  2437   0028D6  0E00               	movlw	0
  2438   0028D8  6F16               	movwf	(___lldiv@quotient+2)& (0+255),b
  2439   0028DA  0E00               	movlw	0
  2440   0028DC  6F17               	movwf	(___lldiv@quotient+3)& (0+255),b
  2441   0028DE                     
  2442                           ; BSR set to: 1
  2443   0028DE  5110               	movf	___lldiv@divisor& (0+255),w,b
  2444   0028E0  1111               	iorwf	(___lldiv@divisor+1)& (0+255),w,b
  2445   0028E2  1112               	iorwf	(___lldiv@divisor+2)& (0+255),w,b
  2446   0028E4  1113               	iorwf	(___lldiv@divisor+3)& (0+255),w,b
  2447   0028E6  B4D8               	btfsc	status,2,c
  2448   0028E8  EF78  F014         	goto	u5021
  2449   0028EC  EF7A  F014         	goto	u5020
  2450   0028F0                     u5021:
  2451   0028F0  EFB0  F014         	goto	l376
  2452   0028F4                     u5020:
  2453   0028F4                     
  2454                           ; BSR set to: 1
  2455   0028F4  0E01               	movlw	1
  2456   0028F6  6F18               	movwf	___lldiv@counter& (0+255),b
  2457   0028F8  EF84  F014         	goto	l4251
  2458   0028FC                     l4249:
  2459                           
  2460                           ; BSR set to: 1
  2461   0028FC  90D8               	bcf	status,0,c
  2462   0028FE  3710               	rlcf	___lldiv@divisor& (0+255),f,b
  2463   002900  3711               	rlcf	(___lldiv@divisor+1)& (0+255),f,b
  2464   002902  3712               	rlcf	(___lldiv@divisor+2)& (0+255),f,b
  2465   002904  3713               	rlcf	(___lldiv@divisor+3)& (0+255),f,b
  2466   002906  2B18               	incf	___lldiv@counter& (0+255),f,b
  2467   002908                     l4251:
  2468                           
  2469                           ; BSR set to: 1
  2470   002908  AF13               	btfss	(___lldiv@divisor+3)& (0+255),7,b
  2471   00290A  EF89  F014         	goto	u5031
  2472   00290E  EF8B  F014         	goto	u5030
  2473   002912                     u5031:
  2474   002912  EF7E  F014         	goto	l4249
  2475   002916                     u5030:
  2476   002916                     l4253:
  2477                           
  2478                           ; BSR set to: 1
  2479   002916  90D8               	bcf	status,0,c
  2480   002918  3714               	rlcf	___lldiv@quotient& (0+255),f,b
  2481   00291A  3715               	rlcf	(___lldiv@quotient+1)& (0+255),f,b
  2482   00291C  3716               	rlcf	(___lldiv@quotient+2)& (0+255),f,b
  2483   00291E  3717               	rlcf	(___lldiv@quotient+3)& (0+255),f,b
  2484   002920                     
  2485                           ; BSR set to: 1
  2486   002920  5110               	movf	___lldiv@divisor& (0+255),w,b
  2487   002922  5D0C               	subwf	___lldiv@dividend& (0+255),w,b
  2488   002924  5111               	movf	(___lldiv@divisor+1)& (0+255),w,b
  2489   002926  590D               	subwfb	(___lldiv@dividend+1)& (0+255),w,b
  2490   002928  5112               	movf	(___lldiv@divisor+2)& (0+255),w,b
  2491   00292A  590E               	subwfb	(___lldiv@dividend+2)& (0+255),w,b
  2492   00292C  5113               	movf	(___lldiv@divisor+3)& (0+255),w,b
  2493   00292E  590F               	subwfb	(___lldiv@dividend+3)& (0+255),w,b
  2494   002930  A0D8               	btfss	status,0,c
  2495   002932  EF9D  F014         	goto	u5041
  2496   002936  EF9F  F014         	goto	u5040
  2497   00293A                     u5041:
  2498   00293A  EFA8  F014         	goto	l4261
  2499   00293E                     u5040:
  2500   00293E                     
  2501                           ; BSR set to: 1
  2502   00293E  5110               	movf	___lldiv@divisor& (0+255),w,b
  2503   002940  5F0C               	subwf	___lldiv@dividend& (0+255),f,b
  2504   002942  5111               	movf	(___lldiv@divisor+1)& (0+255),w,b
  2505   002944  5B0D               	subwfb	(___lldiv@dividend+1)& (0+255),f,b
  2506   002946  5112               	movf	(___lldiv@divisor+2)& (0+255),w,b
  2507   002948  5B0E               	subwfb	(___lldiv@dividend+2)& (0+255),f,b
  2508   00294A  5113               	movf	(___lldiv@divisor+3)& (0+255),w,b
  2509   00294C  5B0F               	subwfb	(___lldiv@dividend+3)& (0+255),f,b
  2510   00294E                     
  2511                           ; BSR set to: 1
  2512   00294E  8114               	bsf	___lldiv@quotient& (0+255),0,b
  2513   002950                     l4261:
  2514                           
  2515                           ; BSR set to: 1
  2516   002950  90D8               	bcf	status,0,c
  2517   002952  3313               	rrcf	(___lldiv@divisor+3)& (0+255),f,b
  2518   002954  3312               	rrcf	(___lldiv@divisor+2)& (0+255),f,b
  2519   002956  3311               	rrcf	(___lldiv@divisor+1)& (0+255),f,b
  2520   002958  3310               	rrcf	___lldiv@divisor& (0+255),f,b
  2521   00295A                     
  2522                           ; BSR set to: 1
  2523   00295A  2F18               	decfsz	___lldiv@counter& (0+255),f,b
  2524   00295C  EF8B  F014         	goto	l4253
  2525   002960                     l376:
  2526                           
  2527                           ; BSR set to: 1
  2528   002960  C114  F10C         	movff	___lldiv@quotient,?___lldiv
  2529   002964  C115  F10D         	movff	___lldiv@quotient+1,?___lldiv+1
  2530   002968  C116  F10E         	movff	___lldiv@quotient+2,?___lldiv+2
  2531   00296C  C117  F10F         	movff	___lldiv@quotient+3,?___lldiv+3
  2532   002970                     
  2533                           ; BSR set to: 1
  2534   002970  0012               	return		;funcret
  2535   002972                     __end_of___lldiv:
  2536                           	callstack 0
  2537                           
  2538 ;; *************** function _SYSTEM_Initialize *****************
  2539 ;; Defined at:
  2540 ;;		line 168 in file "setting_hardaware/setting.c"
  2541 ;; Parameters:    Size  Location     Type
  2542 ;;		None
  2543 ;; Auto vars:     Size  Location     Type
  2544 ;;		None
  2545 ;; Return value:  Size  Location     Type
  2546 ;;                  1    wreg      void 
  2547 ;; Registers used:
  2548 ;;		wreg, status,2, cstack
  2549 ;; Tracked objects:
  2550 ;;		On entry : 0/0
  2551 ;;		On exit  : 0/0
  2552 ;;		Unchanged: 0/0
  2553 ;; Data sizes:     COMRAM   BANK0   BANK1   BANK2   BANK3   BANK4   BANK5
  2554 ;;      Params:         0       0       0       0       0       0       0
  2555 ;;      Locals:         0       0       0       0       0       0       0
  2556 ;;      Temps:          0       0       0       0       0       0       0
  2557 ;;      Totals:         0       0       0       0       0       0       0
  2558 ;;Total ram usage:        0 bytes
  2559 ;; Hardware stack levels used: 1
  2560 ;; Hardware stack levels required when called: 10
  2561 ;; This function calls:
  2562 ;;		_ADC_Initialize
  2563 ;;		_CCP1_Initialize
  2564 ;;		_CCP2_Initialize
  2565 ;;		_INTERRUPT_Initialize
  2566 ;;		_OSCILLATOR_Initialize
  2567 ;;		_PIN_MANAGER_Initialize
  2568 ;;		_TMR0_Initialize
  2569 ;;		_TMR1_Initialize
  2570 ;;		_TMR2_Initialize
  2571 ;;		_UART_Initialize
  2572 ;; This function is called by:
  2573 ;;		_main
  2574 ;; This function uses a non-reentrant model
  2575 ;;
  2576                           
  2577                           	psect	text6
  2578   00318C                     __ptext6:
  2579                           	callstack 0
  2580   00318C                     _SYSTEM_Initialize:
  2581                           	callstack 20
  2582   00318C                     
  2583                           ;setting_hardaware/setting.c: 170:     ADCON1bits.PCFG = 0x0E;
  2584   00318C  50C1               	movf	193,w,c	;volatile
  2585   00318E  0BF0               	andlw	-16
  2586   003190  090E               	iorlw	14
  2587   003192  6EC1               	movwf	193,c	;volatile
  2588   003194                     
  2589                           ;setting_hardaware/setting.c: 171:     PIN_MANAGER_Initialize();
  2590   003194  ECCA  F019         	call	_PIN_MANAGER_Initialize	;wreg free
  2591   003198                     
  2592                           ;setting_hardaware/setting.c: 172:     OSCILLATOR_Initialize();
  2593   003198  ECA7  F019         	call	_OSCILLATOR_Initialize	;wreg free
  2594   00319C                     
  2595                           ;setting_hardaware/setting.c: 173:     TMR2_Initialize();
  2596   00319C  ECB9  F019         	call	_TMR2_Initialize	;wreg free
  2597   0031A0                     
  2598                           ;setting_hardaware/setting.c: 174:     TMR1_Initialize();
  2599   0031A0  EC79  F019         	call	_TMR1_Initialize	;wreg free
  2600   0031A4                     
  2601                           ;setting_hardaware/setting.c: 175:     TMR0_Initialize();
  2602   0031A4  EC91  F019         	call	_TMR0_Initialize	;wreg free
  2603                           
  2604                           ;setting_hardaware/setting.c: 176:     INTERRUPT_Initialize();
  2605   0031A8  EC23  F019         	call	_INTERRUPT_Initialize	;wreg free
  2606   0031AC                     
  2607                           ;setting_hardaware/setting.c: 177:     UART_Initialize();
  2608   0031AC  EC6B  F019         	call	_UART_Initialize	;wreg free
  2609   0031B0                     
  2610                           ;setting_hardaware/setting.c: 178:     CCP1_Initialize();
  2611   0031B0  ECB0  F019         	call	_CCP1_Initialize	;wreg free
  2612   0031B4                     
  2613                           ;setting_hardaware/setting.c: 179:     CCP2_Initialize();
  2614   0031B4  ECBF  F019         	call	_CCP2_Initialize	;wreg free
  2615   0031B8                     
  2616                           ;setting_hardaware/setting.c: 180:     ADC_Initialize();
  2617   0031B8  EC49  F019         	call	_ADC_Initialize	;wreg free
  2618   0031BC  0012               	return		;funcret
  2619   0031BE                     __end_of_SYSTEM_Initialize:
  2620                           	callstack 0
  2621                           
  2622 ;; *************** function _UART_Initialize *****************
  2623 ;; Defined at:
  2624 ;;		line 16 in file "setting_hardaware/uart.c"
  2625 ;; Parameters:    Size  Location     Type
  2626 ;;		None
  2627 ;; Auto vars:     Size  Location     Type
  2628 ;;		None
  2629 ;; Return value:  Size  Location     Type
  2630 ;;                  1    wreg      void 
  2631 ;; Registers used:
  2632 ;;		wreg, status,2
  2633 ;; Tracked objects:
  2634 ;;		On entry : 0/0
  2635 ;;		On exit  : 0/0
  2636 ;;		Unchanged: 0/0
  2637 ;; Data sizes:     COMRAM   BANK0   BANK1   BANK2   BANK3   BANK4   BANK5
  2638 ;;      Params:         0       0       0       0       0       0       0
  2639 ;;      Locals:         0       0       0       0       0       0       0
  2640 ;;      Temps:          0       0       0       0       0       0       0
  2641 ;;      Totals:         0       0       0       0       0       0       0
  2642 ;;Total ram usage:        0 bytes
  2643 ;; Hardware stack levels used: 1
  2644 ;; Hardware stack levels required when called: 9
  2645 ;; This function calls:
  2646 ;;		Nothing
  2647 ;; This function is called by:
  2648 ;;		_SYSTEM_Initialize
  2649 ;; This function uses a non-reentrant model
  2650 ;;
  2651                           
  2652                           	psect	text7
  2653   0032D6                     __ptext7:
  2654                           	callstack 0
  2655   0032D6                     _UART_Initialize:
  2656                           	callstack 20
  2657   0032D6                     
  2658                           ;setting_hardaware/uart.c: 26:     TRISCbits.TRISC6 = 1;
  2659   0032D6  8C94               	bsf	148,6,c	;volatile
  2660                           
  2661                           ;setting_hardaware/uart.c: 27:     TRISCbits.TRISC7 = 1;
  2662   0032D8  8E94               	bsf	148,7,c	;volatile
  2663                           
  2664                           ;setting_hardaware/uart.c: 30:     TXSTAbits.SYNC = 0;
  2665   0032DA  98AC               	bcf	172,4,c	;volatile
  2666                           
  2667                           ;setting_hardaware/uart.c: 31:     BAUDCONbits.BRG16 = 0;
  2668   0032DC  96B8               	bcf	184,3,c	;volatile
  2669                           
  2670                           ;setting_hardaware/uart.c: 32:     TXSTAbits.BRGH = 0;
  2671   0032DE  94AC               	bcf	172,2,c	;volatile
  2672   0032E0                     
  2673                           ;setting_hardaware/uart.c: 33:     SPBRG = 51;
  2674   0032E0  0E33               	movlw	51
  2675   0032E2  6EAF               	movwf	175,c	;volatile
  2676   0032E4                     
  2677                           ;setting_hardaware/uart.c: 36:     RCSTAbits.SPEN = 1;
  2678   0032E4  8EAB               	bsf	171,7,c	;volatile
  2679   0032E6                     
  2680                           ;setting_hardaware/uart.c: 38:     TXSTAbits.TXEN = 1;
  2681   0032E6  8AAC               	bsf	172,5,c	;volatile
  2682   0032E8                     
  2683                           ;setting_hardaware/uart.c: 39:     RCSTAbits.CREN = 1;
  2684   0032E8  88AB               	bsf	171,4,c	;volatile
  2685   0032EA                     
  2686                           ;setting_hardaware/uart.c: 42:     PIE1bits.RCIE = 1;
  2687   0032EA  8A9D               	bsf	157,5,c	;volatile
  2688   0032EC                     
  2689                           ;setting_hardaware/uart.c: 43:     IPR1bits.RCIP = 1;
  2690   0032EC  8A9F               	bsf	159,5,c	;volatile
  2691   0032EE                     
  2692                           ;setting_hardaware/uart.c: 45:     PIR1bits.RCIF = 0;
  2693   0032EE  9A9E               	bcf	158,5,c	;volatile
  2694   0032F0  0012               	return		;funcret
  2695   0032F2                     __end_of_UART_Initialize:
  2696                           	callstack 0
  2697                           
  2698 ;; *************** function _TMR2_Initialize *****************
  2699 ;; Defined at:
  2700 ;;		line 126 in file "setting_hardaware/setting.c"
  2701 ;; Parameters:    Size  Location     Type
  2702 ;;		None
  2703 ;; Auto vars:     Size  Location     Type
  2704 ;;		None
  2705 ;; Return value:  Size  Location     Type
  2706 ;;                  1    wreg      void 
  2707 ;; Registers used:
  2708 ;;		wreg, status,2
  2709 ;; Tracked objects:
  2710 ;;		On entry : 0/0
  2711 ;;		On exit  : 0/0
  2712 ;;		Unchanged: 0/0
  2713 ;; Data sizes:     COMRAM   BANK0   BANK1   BANK2   BANK3   BANK4   BANK5
  2714 ;;      Params:         0       0       0       0       0       0       0
  2715 ;;      Locals:         0       0       0       0       0       0       0
  2716 ;;      Temps:          0       0       0       0       0       0       0
  2717 ;;      Totals:         0       0       0       0       0       0       0
  2718 ;;Total ram usage:        0 bytes
  2719 ;; Hardware stack levels used: 1
  2720 ;; Hardware stack levels required when called: 9
  2721 ;; This function calls:
  2722 ;;		Nothing
  2723 ;; This function is called by:
  2724 ;;		_SYSTEM_Initialize
  2725 ;; This function uses a non-reentrant model
  2726 ;;
  2727                           
  2728                           	psect	text8
  2729   003372                     __ptext8:
  2730                           	callstack 0
  2731   003372                     _TMR2_Initialize:
  2732                           	callstack 20
  2733   003372                     
  2734                           ;setting_hardaware/setting.c: 127:     PR2 = 0xFF;
  2735   003372  68CB               	setf	203,c	;volatile
  2736                           
  2737                           ;setting_hardaware/setting.c: 128:     T2CON = 0x00;
  2738   003374  6ACA               	clrf	202,c	;volatile
  2739   003376                     
  2740                           ;setting_hardaware/setting.c: 130:     T2CON = 0b00000011;
  2741   003376  0E03               	movlw	3
  2742   003378  6ECA               	movwf	202,c	;volatile
  2743   00337A                     
  2744                           ;setting_hardaware/setting.c: 131:     TMR2 = 0x00;
  2745   00337A  6ACC               	clrf	204,c	;volatile
  2746   00337C  0012               	return		;funcret
  2747   00337E                     __end_of_TMR2_Initialize:
  2748                           	callstack 0
  2749                           
  2750 ;; *************** function _TMR1_Initialize *****************
  2751 ;; Defined at:
  2752 ;;		line 111 in file "setting_hardaware/setting.c"
  2753 ;; Parameters:    Size  Location     Type
  2754 ;;		None
  2755 ;; Auto vars:     Size  Location     Type
  2756 ;;		None
  2757 ;; Return value:  Size  Location     Type
  2758 ;;                  1    wreg      void 
  2759 ;; Registers used:
  2760 ;;		wreg, status,2
  2761 ;; Tracked objects:
  2762 ;;		On entry : 0/0
  2763 ;;		On exit  : 0/0
  2764 ;;		Unchanged: 0/0
  2765 ;; Data sizes:     COMRAM   BANK0   BANK1   BANK2   BANK3   BANK4   BANK5
  2766 ;;      Params:         0       0       0       0       0       0       0
  2767 ;;      Locals:         0       0       0       0       0       0       0
  2768 ;;      Temps:          0       0       0       0       0       0       0
  2769 ;;      Totals:         0       0       0       0       0       0       0
  2770 ;;Total ram usage:        0 bytes
  2771 ;; Hardware stack levels used: 1
  2772 ;; Hardware stack levels required when called: 9
  2773 ;; This function calls:
  2774 ;;		Nothing
  2775 ;; This function is called by:
  2776 ;;		_SYSTEM_Initialize
  2777 ;; This function uses a non-reentrant model
  2778 ;;
  2779                           
  2780                           	psect	text9
  2781   0032F2                     __ptext9:
  2782                           	callstack 0
  2783   0032F2                     _TMR1_Initialize:
  2784                           	callstack 20
  2785   0032F2                     
  2786                           ;setting_hardaware/setting.c: 113:     T1CONbits.RD16 = 1;
  2787   0032F2  8ECD               	bsf	205,7,c	;volatile
  2788                           
  2789                           ;setting_hardaware/setting.c: 114:     T1CONbits.TMR1CS = 0;
  2790   0032F4  92CD               	bcf	205,1,c	;volatile
  2791   0032F6                     
  2792                           ;setting_hardaware/setting.c: 115:     T1CONbits.T1CKPS = 0b10;
  2793   0032F6  50CD               	movf	205,w,c	;volatile
  2794   0032F8  0BCF               	andlw	-49
  2795   0032FA  0920               	iorlw	32
  2796   0032FC  6ECD               	movwf	205,c	;volatile
  2797                           
  2798                           ;setting_hardaware/setting.c: 120:     TMR1H = 0xFB;
  2799   0032FE  0EFB               	movlw	251
  2800   003300  6ECF               	movwf	207,c	;volatile
  2801                           
  2802                           ;setting_hardaware/setting.c: 121:     TMR1L = 0x1E;
  2803   003302  0E1E               	movlw	30
  2804   003304  6ECE               	movwf	206,c	;volatile
  2805   003306                     
  2806                           ;setting_hardaware/setting.c: 123:     T1CONbits.TMR1ON = 1;
  2807   003306  80CD               	bsf	205,0,c	;volatile
  2808   003308  0012               	return		;funcret
  2809   00330A                     __end_of_TMR1_Initialize:
  2810                           	callstack 0
  2811                           
  2812 ;; *************** function _TMR0_Initialize *****************
  2813 ;; Defined at:
  2814 ;;		line 88 in file "setting_hardaware/setting.c"
  2815 ;; Parameters:    Size  Location     Type
  2816 ;;		None
  2817 ;; Auto vars:     Size  Location     Type
  2818 ;;		None
  2819 ;; Return value:  Size  Location     Type
  2820 ;;                  1    wreg      void 
  2821 ;; Registers used:
  2822 ;;		wreg, status,2
  2823 ;; Tracked objects:
  2824 ;;		On entry : 0/0
  2825 ;;		On exit  : 0/0
  2826 ;;		Unchanged: 0/0
  2827 ;; Data sizes:     COMRAM   BANK0   BANK1   BANK2   BANK3   BANK4   BANK5
  2828 ;;      Params:         0       0       0       0       0       0       0
  2829 ;;      Locals:         0       0       0       0       0       0       0
  2830 ;;      Temps:          0       0       0       0       0       0       0
  2831 ;;      Totals:         0       0       0       0       0       0       0
  2832 ;;Total ram usage:        0 bytes
  2833 ;; Hardware stack levels used: 1
  2834 ;; Hardware stack levels required when called: 9
  2835 ;; This function calls:
  2836 ;;		Nothing
  2837 ;; This function is called by:
  2838 ;;		_SYSTEM_Initialize
  2839 ;; This function uses a non-reentrant model
  2840 ;;
  2841                           
  2842                           	psect	text10
  2843   003322                     __ptext10:
  2844                           	callstack 0
  2845   003322                     _TMR0_Initialize:
  2846                           	callstack 20
  2847   003322                     
  2848                           ;setting_hardaware/setting.c: 90:     T0CONbits.T08BIT = 0;
  2849   003322  9CD5               	bcf	213,6,c	;volatile
  2850                           
  2851                           ;setting_hardaware/setting.c: 91:     T0CONbits.T0CS = 0;
  2852   003324  9AD5               	bcf	213,5,c	;volatile
  2853                           
  2854                           ;setting_hardaware/setting.c: 92:     T0CONbits.PSA = 0;
  2855   003326  96D5               	bcf	213,3,c	;volatile
  2856   003328                     
  2857                           ;setting_hardaware/setting.c: 93:     T0CONbits.T0PS = 0b111;
  2858   003328  0E07               	movlw	7
  2859   00332A  12D5               	iorwf	213,f,c	;volatile
  2860                           
  2861                           ;setting_hardaware/setting.c: 96:     TMR0H = 0xFC;
  2862   00332C  0EFC               	movlw	252
  2863   00332E  6ED7               	movwf	215,c	;volatile
  2864                           
  2865                           ;setting_hardaware/setting.c: 97:     TMR0L = 0x2F;
  2866   003330  0E2F               	movlw	47
  2867   003332  6ED6               	movwf	214,c	;volatile
  2868   003334                     
  2869                           ;setting_hardaware/setting.c: 101:     T0CONbits.TMR0ON = 1;
  2870   003334  8ED5               	bsf	213,7,c	;volatile
  2871   003336  0012               	return		;funcret
  2872   003338                     __end_of_TMR0_Initialize:
  2873                           	callstack 0
  2874                           
  2875 ;; *************** function _PIN_MANAGER_Initialize *****************
  2876 ;; Defined at:
  2877 ;;		line 72 in file "setting_hardaware/setting.c"
  2878 ;; Parameters:    Size  Location     Type
  2879 ;;		None
  2880 ;; Auto vars:     Size  Location     Type
  2881 ;;		None
  2882 ;; Return value:  Size  Location     Type
  2883 ;;                  1    wreg      void 
  2884 ;; Registers used:
  2885 ;;		wreg, status,2
  2886 ;; Tracked objects:
  2887 ;;		On entry : 0/0
  2888 ;;		On exit  : 0/0
  2889 ;;		Unchanged: 0/0
  2890 ;; Data sizes:     COMRAM   BANK0   BANK1   BANK2   BANK3   BANK4   BANK5
  2891 ;;      Params:         0       0       0       0       0       0       0
  2892 ;;      Locals:         0       0       0       0       0       0       0
  2893 ;;      Temps:          0       0       0       0       0       0       0
  2894 ;;      Totals:         0       0       0       0       0       0       0
  2895 ;;Total ram usage:        0 bytes
  2896 ;; Hardware stack levels used: 1
  2897 ;; Hardware stack levels required when called: 9
  2898 ;; This function calls:
  2899 ;;		Nothing
  2900 ;; This function is called by:
  2901 ;;		_SYSTEM_Initialize
  2902 ;; This function uses a non-reentrant model
  2903 ;;
  2904                           
  2905                           	psect	text11
  2906   003394                     __ptext11:
  2907                           	callstack 0
  2908   003394                     _PIN_MANAGER_Initialize:
  2909                           	callstack 20
  2910   003394                     
  2911                           ;setting_hardaware/setting.c: 73:     TRISD = 0x0F;
  2912   003394  0E0F               	movlw	15
  2913   003396  6E95               	movwf	149,c	;volatile
  2914   003398                     
  2915                           ;setting_hardaware/setting.c: 74:     LATD = 0x00;
  2916   003398  6A8C               	clrf	140,c	;volatile
  2917   00339A  0012               	return		;funcret
  2918   00339C                     __end_of_PIN_MANAGER_Initialize:
  2919                           	callstack 0
  2920                           
  2921 ;; *************** function _OSCILLATOR_Initialize *****************
  2922 ;; Defined at:
  2923 ;;		line 61 in file "setting_hardaware/setting.c"
  2924 ;; Parameters:    Size  Location     Type
  2925 ;;		None
  2926 ;; Auto vars:     Size  Location     Type
  2927 ;;		None
  2928 ;; Return value:  Size  Location     Type
  2929 ;;                  1    wreg      void 
  2930 ;; Registers used:
  2931 ;;		wreg, status,2
  2932 ;; Tracked objects:
  2933 ;;		On entry : 0/0
  2934 ;;		On exit  : 0/0
  2935 ;;		Unchanged: 0/0
  2936 ;; Data sizes:     COMRAM   BANK0   BANK1   BANK2   BANK3   BANK4   BANK5
  2937 ;;      Params:         0       0       0       0       0       0       0
  2938 ;;      Locals:         0       0       0       0       0       0       0
  2939 ;;      Temps:          0       0       0       0       0       0       0
  2940 ;;      Totals:         0       0       0       0       0       0       0
  2941 ;;Total ram usage:        0 bytes
  2942 ;; Hardware stack levels used: 1
  2943 ;; Hardware stack levels required when called: 9
  2944 ;; This function calls:
  2945 ;;		Nothing
  2946 ;; This function is called by:
  2947 ;;		_SYSTEM_Initialize
  2948 ;; This function uses a non-reentrant model
  2949 ;;
  2950                           
  2951                           	psect	text12
  2952   00334E                     __ptext12:
  2953                           	callstack 0
  2954   00334E                     _OSCILLATOR_Initialize:
  2955                           	callstack 20
  2956   00334E                     
  2957                           ;setting_hardaware/setting.c: 63:     OSCCONbits.IRCF = 0b110;
  2958   00334E  50D3               	movf	211,w,c	;volatile
  2959   003350  0B8F               	andlw	-113
  2960   003352  0960               	iorlw	96
  2961   003354  6ED3               	movwf	211,c	;volatile
  2962                           
  2963                           ;setting_hardaware/setting.c: 64:     OSCCONbits.SCS = 1;
  2964   003356  50D3               	movf	211,w,c	;volatile
  2965   003358  0BFC               	andlw	-4
  2966   00335A  0901               	iorlw	1
  2967   00335C  6ED3               	movwf	211,c	;volatile
  2968   00335E  0012               	return		;funcret
  2969   003360                     __end_of_OSCILLATOR_Initialize:
  2970                           	callstack 0
  2971                           
  2972 ;; *************** function _INTERRUPT_Initialize *****************
  2973 ;; Defined at:
  2974 ;;		line 3 in file "setting_hardaware/interrupt_manager.c"
  2975 ;; Parameters:    Size  Location     Type
  2976 ;;		None
  2977 ;; Auto vars:     Size  Location     Type
  2978 ;;		None
  2979 ;; Return value:  Size  Location     Type
  2980 ;;                  1    wreg      void 
  2981 ;; Registers used:
  2982 ;;		None
  2983 ;; Tracked objects:
  2984 ;;		On entry : 0/0
  2985 ;;		On exit  : 0/0
  2986 ;;		Unchanged: 0/0
  2987 ;; Data sizes:     COMRAM   BANK0   BANK1   BANK2   BANK3   BANK4   BANK5
  2988 ;;      Params:         0       0       0       0       0       0       0
  2989 ;;      Locals:         0       0       0       0       0       0       0
  2990 ;;      Temps:          0       0       0       0       0       0       0
  2991 ;;      Totals:         0       0       0       0       0       0       0
  2992 ;;Total ram usage:        0 bytes
  2993 ;; Hardware stack levels used: 1
  2994 ;; Hardware stack levels required when called: 9
  2995 ;; This function calls:
  2996 ;;		Nothing
  2997 ;; This function is called by:
  2998 ;;		_SYSTEM_Initialize
  2999 ;; This function uses a non-reentrant model
  3000 ;;
  3001                           
  3002                           	psect	text13
  3003   003246                     __ptext13:
  3004                           	callstack 0
  3005   003246                     _INTERRUPT_Initialize:
  3006                           	callstack 20
  3007   003246                     
  3008                           ;setting_hardaware/interrupt_manager.c: 5:     RCONbits.IPEN = 1;
  3009   003246  8ED0               	bsf	208,7,c	;volatile
  3010                           
  3011                           ;setting_hardaware/interrupt_manager.c: 6:     INTCONbits.GIEH = 1;
  3012   003248  8EF2               	bsf	242,7,c	;volatile
  3013                           
  3014                           ;setting_hardaware/interrupt_manager.c: 7:     INTCONbits.GIEL = 1;
  3015   00324A  8CF2               	bsf	242,6,c	;volatile
  3016                           
  3017                           ;setting_hardaware/interrupt_manager.c: 10:     INTCONbits.INT0IE = 1;
  3018   00324C  88F2               	bsf	242,4,c	;volatile
  3019                           
  3020                           ;setting_hardaware/interrupt_manager.c: 11:     INTCON2bits.INTEDG0 = 0;
  3021   00324E  9CF1               	bcf	241,6,c	;volatile
  3022                           
  3023                           ;setting_hardaware/interrupt_manager.c: 12:     INTCONbits.INT0IF = 0;
  3024   003250  92F2               	bcf	242,1,c	;volatile
  3025                           
  3026                           ;setting_hardaware/interrupt_manager.c: 15:     PIR1bits.ADIF = 0;
  3027   003252  9C9E               	bcf	158,6,c	;volatile
  3028                           
  3029                           ;setting_hardaware/interrupt_manager.c: 16:     PIE1bits.ADIE = 1;
  3030   003254  8C9D               	bsf	157,6,c	;volatile
  3031                           
  3032                           ;setting_hardaware/interrupt_manager.c: 17:     IPR1bits.ADIP = 0;
  3033   003256  9C9F               	bcf	159,6,c	;volatile
  3034                           
  3035                           ;setting_hardaware/interrupt_manager.c: 20:     INTCONbits.TMR0IF = 0;
  3036   003258  94F2               	bcf	242,2,c	;volatile
  3037                           
  3038                           ;setting_hardaware/interrupt_manager.c: 21:     INTCONbits.TMR0IE = 1;
  3039   00325A  8AF2               	bsf	242,5,c	;volatile
  3040                           
  3041                           ;setting_hardaware/interrupt_manager.c: 22:     INTCON2bits.TMR0IP = 0;
  3042   00325C  94F1               	bcf	241,2,c	;volatile
  3043                           
  3044                           ;setting_hardaware/interrupt_manager.c: 25:     PIR1bits.TMR1IF = 0;
  3045   00325E  909E               	bcf	158,0,c	;volatile
  3046                           
  3047                           ;setting_hardaware/interrupt_manager.c: 26:     PIE1bits.TMR1IE = 1;
  3048   003260  809D               	bsf	157,0,c	;volatile
  3049                           
  3050                           ;setting_hardaware/interrupt_manager.c: 27:     IPR1bits.TMR1IP = 0;
  3051   003262  909F               	bcf	159,0,c	;volatile
  3052                           
  3053                           ;setting_hardaware/interrupt_manager.c: 30:     PIR1bits.TMR2IF = 0;
  3054   003264  929E               	bcf	158,1,c	;volatile
  3055                           
  3056                           ;setting_hardaware/interrupt_manager.c: 31:     PIE1bits.TMR2IE = 1;
  3057   003266  829D               	bsf	157,1,c	;volatile
  3058                           
  3059                           ;setting_hardaware/interrupt_manager.c: 32:     IPR1bits.TMR2IP = 0;
  3060   003268  929F               	bcf	159,1,c	;volatile
  3061   00326A  0012               	return		;funcret
  3062   00326C                     __end_of_INTERRUPT_Initialize:
  3063                           	callstack 0
  3064                           
  3065 ;; *************** function _CCP2_Initialize *****************
  3066 ;; Defined at:
  3067 ;;		line 30 in file "setting_hardaware/ccp1.c"
  3068 ;; Parameters:    Size  Location     Type
  3069 ;;		None
  3070 ;; Auto vars:     Size  Location     Type
  3071 ;;		None
  3072 ;; Return value:  Size  Location     Type
  3073 ;;                  1    wreg      void 
  3074 ;; Registers used:
  3075 ;;		wreg, status,2
  3076 ;; Tracked objects:
  3077 ;;		On entry : 0/0
  3078 ;;		On exit  : 0/0
  3079 ;;		Unchanged: 0/0
  3080 ;; Data sizes:     COMRAM   BANK0   BANK1   BANK2   BANK3   BANK4   BANK5
  3081 ;;      Params:         0       0       0       0       0       0       0
  3082 ;;      Locals:         0       0       0       0       0       0       0
  3083 ;;      Temps:          0       0       0       0       0       0       0
  3084 ;;      Totals:         0       0       0       0       0       0       0
  3085 ;;Total ram usage:        0 bytes
  3086 ;; Hardware stack levels used: 1
  3087 ;; Hardware stack levels required when called: 9
  3088 ;; This function calls:
  3089 ;;		Nothing
  3090 ;; This function is called by:
  3091 ;;		_SYSTEM_Initialize
  3092 ;; This function uses a non-reentrant model
  3093 ;;
  3094                           
  3095                           	psect	text14
  3096   00337E                     __ptext14:
  3097                           	callstack 0
  3098   00337E                     _CCP2_Initialize:
  3099                           	callstack 20
  3100   00337E                     
  3101                           ;setting_hardaware/ccp1.c: 31:     TRISCbits.TRISC1=0;
  3102   00337E  9294               	bcf	148,1,c	;volatile
  3103   003380                     
  3104                           ;setting_hardaware/ccp1.c: 32:     CCP2CON=0b00001100;
  3105   003380  0E0C               	movlw	12
  3106   003382  6EBA               	movwf	186,c	;volatile
  3107   003384                     
  3108                           ;setting_hardaware/ccp1.c: 33:     PIR2bits.CCP2IF=0;
  3109   003384  90A1               	bcf	161,0,c	;volatile
  3110   003386                     
  3111                           ;setting_hardaware/ccp1.c: 34:     IPR2bits.CCP2IP = 1;
  3112   003386  80A2               	bsf	162,0,c	;volatile
  3113   003388  0012               	return		;funcret
  3114   00338A                     __end_of_CCP2_Initialize:
  3115                           	callstack 0
  3116                           
  3117 ;; *************** function _CCP1_Initialize *****************
  3118 ;; Defined at:
  3119 ;;		line 13 in file "setting_hardaware/ccp1.c"
  3120 ;; Parameters:    Size  Location     Type
  3121 ;;		None
  3122 ;; Auto vars:     Size  Location     Type
  3123 ;;		None
  3124 ;; Return value:  Size  Location     Type
  3125 ;;                  1    wreg      void 
  3126 ;; Registers used:
  3127 ;;		wreg, status,2
  3128 ;; Tracked objects:
  3129 ;;		On entry : 0/0
  3130 ;;		On exit  : 0/0
  3131 ;;		Unchanged: 0/0
  3132 ;; Data sizes:     COMRAM   BANK0   BANK1   BANK2   BANK3   BANK4   BANK5
  3133 ;;      Params:         0       0       0       0       0       0       0
  3134 ;;      Locals:         0       0       0       0       0       0       0
  3135 ;;      Temps:          0       0       0       0       0       0       0
  3136 ;;      Totals:         0       0       0       0       0       0       0
  3137 ;;Total ram usage:        0 bytes
  3138 ;; Hardware stack levels used: 1
  3139 ;; Hardware stack levels required when called: 9
  3140 ;; This function calls:
  3141 ;;		Nothing
  3142 ;; This function is called by:
  3143 ;;		_SYSTEM_Initialize
  3144 ;; This function uses a non-reentrant model
  3145 ;;
  3146                           
  3147                           	psect	text15
  3148   003360                     __ptext15:
  3149                           	callstack 0
  3150   003360                     _CCP1_Initialize:
  3151                           	callstack 20
  3152   003360                     
  3153                           ;setting_hardaware/ccp1.c: 14:     TRISCbits.TRISC2 = 0;
  3154   003360  9494               	bcf	148,2,c	;volatile
  3155   003362                     
  3156                           ;setting_hardaware/ccp1.c: 18:     CCPR1L = 0x5D;
  3157   003362  0E5D               	movlw	93
  3158   003364  6EBE               	movwf	190,c	;volatile
  3159                           
  3160                           ;setting_hardaware/ccp1.c: 21:     CCP1CON = 0b00111100;
  3161   003366  0E3C               	movlw	60
  3162   003368  6EBD               	movwf	189,c	;volatile
  3163   00336A                     
  3164                           ;setting_hardaware/ccp1.c: 23:     PIR1bits.CCP1IF=0;
  3165   00336A  949E               	bcf	158,2,c	;volatile
  3166   00336C                     
  3167                           ;setting_hardaware/ccp1.c: 24:     IPR1bits.CCP1IP = 1;
  3168   00336C  849F               	bsf	159,2,c	;volatile
  3169   00336E                     
  3170                           ;setting_hardaware/ccp1.c: 27:     T2CONbits.TMR2ON = 1;
  3171   00336E  84CA               	bsf	202,2,c	;volatile
  3172   003370  0012               	return		;funcret
  3173   003372                     __end_of_CCP1_Initialize:
  3174                           	callstack 0
  3175                           
  3176 ;; *************** function _ADC_Initialize *****************
  3177 ;; Defined at:
  3178 ;;		line 3 in file "setting_hardaware/adc.c"
  3179 ;; Parameters:    Size  Location     Type
  3180 ;;		None
  3181 ;; Auto vars:     Size  Location     Type
  3182 ;;		None
  3183 ;; Return value:  Size  Location     Type
  3184 ;;                  1    wreg      void 
  3185 ;; Registers used:
  3186 ;;		wreg, status,2
  3187 ;; Tracked objects:
  3188 ;;		On entry : 0/0
  3189 ;;		On exit  : 0/0
  3190 ;;		Unchanged: 0/0
  3191 ;; Data sizes:     COMRAM   BANK0   BANK1   BANK2   BANK3   BANK4   BANK5
  3192 ;;      Params:         0       0       0       0       0       0       0
  3193 ;;      Locals:         0       0       0       0       0       0       0
  3194 ;;      Temps:          0       0       0       0       0       0       0
  3195 ;;      Totals:         0       0       0       0       0       0       0
  3196 ;;Total ram usage:        0 bytes
  3197 ;; Hardware stack levels used: 1
  3198 ;; Hardware stack levels required when called: 9
  3199 ;; This function calls:
  3200 ;;		Nothing
  3201 ;; This function is called by:
  3202 ;;		_SYSTEM_Initialize
  3203 ;; This function uses a non-reentrant model
  3204 ;;
  3205                           
  3206                           	psect	text16
  3207   003292                     __ptext16:
  3208                           	callstack 0
  3209   003292                     _ADC_Initialize:
  3210                           	callstack 20
  3211   003292                     
  3212                           ;setting_hardaware/adc.c: 4:     TRISA = 0xff;
  3213   003292  6892               	setf	146,c	;volatile
  3214   003294                     
  3215                           ;setting_hardaware/adc.c: 5:     ADCON1 = 0x0e;
  3216   003294  0E0E               	movlw	14
  3217   003296  6EC1               	movwf	193,c	;volatile
  3218   003298                     
  3219                           ;setting_hardaware/adc.c: 7:     ADFM = 1 ;
  3220   003298  8EC0               	bsf	4032,7,c	;volatile
  3221                           
  3222                           ;setting_hardaware/adc.c: 8:     ADCON2bits.ADCS = 7;
  3223   00329A  0E07               	movlw	7
  3224   00329C  12C0               	iorwf	192,f,c	;volatile
  3225   00329E                     
  3226                           ;setting_hardaware/adc.c: 9:     ADRESH=0;
  3227   00329E  6AC4               	clrf	196,c	;volatile
  3228   0032A0                     
  3229                           ;setting_hardaware/adc.c: 10:     ADRESL=0;
  3230   0032A0  6AC3               	clrf	195,c	;volatile
  3231                           
  3232                           ;setting_hardaware/adc.c: 12:     ADCON0 = 0b00000001;
  3233   0032A2  0E01               	movlw	1
  3234   0032A4  6EC2               	movwf	194,c	;volatile
  3235                           
  3236                           ;setting_hardaware/adc.c: 13:     ADCON1 = 0b00001110;
  3237   0032A6  0E0E               	movlw	14
  3238   0032A8  6EC1               	movwf	193,c	;volatile
  3239                           
  3240                           ;setting_hardaware/adc.c: 14:     ADCON2 = 0b10101010;
  3241   0032AA  0EAA               	movlw	170
  3242   0032AC  6EC0               	movwf	192,c	;volatile
  3243   0032AE                     
  3244                           ;setting_hardaware/adc.c: 16:     PIR1bits.ADIF = 0;
  3245   0032AE  9C9E               	bcf	158,6,c	;volatile
  3246   0032B0                     
  3247                           ;setting_hardaware/adc.c: 17:     ADCON0bits.GO = 1;
  3248   0032B0  82C2               	bsf	194,1,c	;volatile
  3249   0032B2  0012               	return		;funcret
  3250   0032B4                     __end_of_ADC_Initialize:
  3251                           	callstack 0
  3252                           
  3253 ;; *************** function _ADC_Read *****************
  3254 ;; Defined at:
  3255 ;;		line 21 in file "setting_hardaware/adc.c"
  3256 ;; Parameters:    Size  Location     Type
  3257 ;;  channel         2    0[BANK1 ] int 
  3258 ;; Auto vars:     Size  Location     Type
  3259 ;;  digital         2    4[BANK1 ] int 
  3260 ;; Return value:  Size  Location     Type
  3261 ;;                  2    0[BANK1 ] int 
  3262 ;; Registers used:
  3263 ;;		wreg, status,2, status,0
  3264 ;; Tracked objects:
  3265 ;;		On entry : 0/0
  3266 ;;		On exit  : 0/0
  3267 ;;		Unchanged: 0/0
  3268 ;; Data sizes:     COMRAM   BANK0   BANK1   BANK2   BANK3   BANK4   BANK5
  3269 ;;      Params:         0       0       2       0       0       0       0
  3270 ;;      Locals:         0       0       2       0       0       0       0
  3271 ;;      Temps:          0       0       2       0       0       0       0
  3272 ;;      Totals:         0       0       6       0       0       0       0
  3273 ;;Total ram usage:        6 bytes
  3274 ;; Hardware stack levels used: 1
  3275 ;; Hardware stack levels required when called: 9
  3276 ;; This function calls:
  3277 ;;		Nothing
  3278 ;; This function is called by:
  3279 ;;		_main
  3280 ;; This function uses a non-reentrant model
  3281 ;;
  3282                           
  3283                           	psect	text17
  3284   0030E6                     __ptext17:
  3285                           	callstack 0
  3286   0030E6                     _ADC_Read:
  3287                           	callstack 21
  3288   0030E6                     
  3289                           ;setting_hardaware/adc.c: 21: int ADC_Read(int channel);setting_hardaware/adc.c: 22: {;s
      +                          etting_hardaware/adc.c: 23:     int digital;;setting_hardaware/adc.c: 25:     ADCON0bits
      +                          .CHS = 0x00;
  3290   0030E6  0EC3               	movlw	-61
  3291   0030E8  16C2               	andwf	194,f,c	;volatile
  3292   0030EA                     
  3293                           ;setting_hardaware/adc.c: 26:     ADCON0bits.GO = 1;
  3294   0030EA  82C2               	bsf	194,1,c	;volatile
  3295   0030EC                     
  3296                           ;setting_hardaware/adc.c: 27:     ADCON0bits.ADON = 1;
  3297   0030EC  80C2               	bsf	194,0,c	;volatile
  3298   0030EE                     l123:
  3299   0030EE  B2C2               	btfsc	194,1,c	;volatile
  3300   0030F0  EF7C  F018         	goto	u5111
  3301   0030F4  EF7E  F018         	goto	u5110
  3302   0030F8                     u5111:
  3303   0030F8  EF77  F018         	goto	l123
  3304   0030FC                     u5110:
  3305   0030FC                     
  3306                           ;setting_hardaware/adc.c: 31:     digital = (ADRESH*256) | (ADRESL);
  3307   0030FC  50C3               	movf	195,w,c	;volatile
  3308   0030FE  CFC4 F102          	movff	4036,??_ADC_Read	;volatile
  3309   003102  0101               	movlb	1	; () banked
  3310   003104  6B03               	clrf	(??_ADC_Read+1)& (0+255),b
  3311   003106  C102  F103         	movff	??_ADC_Read,??_ADC_Read+1
  3312   00310A  6B02               	clrf	??_ADC_Read& (0+255),b
  3313   00310C  1102               	iorwf	??_ADC_Read& (0+255),w,b
  3314   00310E  6F04               	movwf	ADC_Read@digital& (0+255),b
  3315   003110  5103               	movf	(??_ADC_Read+1)& (0+255),w,b
  3316   003112  6F05               	movwf	(ADC_Read@digital+1)& (0+255),b
  3317   003114                     
  3318                           ; BSR set to: 1
  3319                           ;setting_hardaware/adc.c: 32:     return(digital);
  3320   003114  C104  F100         	movff	ADC_Read@digital,?_ADC_Read
  3321   003118  C105  F101         	movff	ADC_Read@digital+1,?_ADC_Read+1
  3322   00311C                     
  3323                           ; BSR set to: 1
  3324   00311C  0012               	return		;funcret
  3325   00311E                     __end_of_ADC_Read:
  3326                           	callstack 0
  3327                           
  3328 ;; *************** function _Lo_ISR *****************
  3329 ;; Defined at:
  3330 ;;		line 100 in file "main.c"
  3331 ;; Parameters:    Size  Location     Type
  3332 ;;		None
  3333 ;; Auto vars:     Size  Location     Type
  3334 ;;  limited_rang    4   43[BANK0 ] unsigned long 
  3335 ;;  v               2   49[BANK0 ] int 
  3336 ;;  change          2   47[BANK0 ] int 
  3337 ;; Return value:  Size  Location     Type
  3338 ;;                  1    wreg      void 
  3339 ;; Registers used:
  3340 ;;		wreg, status,2, status,0, cstack
  3341 ;; Tracked objects:
  3342 ;;		On entry : 0/0
  3343 ;;		On exit  : 0/0
  3344 ;;		Unchanged: 0/0
  3345 ;; Data sizes:     COMRAM   BANK0   BANK1   BANK2   BANK3   BANK4   BANK5
  3346 ;;      Params:         0       0       0       0       0       0       0
  3347 ;;      Locals:         0       8       0       0       0       0       0
  3348 ;;      Temps:          0       5       0       0       0       0       0
  3349 ;;      Totals:         0      13       0       0       0       0       0
  3350 ;;Total ram usage:       13 bytes
  3351 ;; Hardware stack levels used: 1
  3352 ;; Hardware stack levels required when called: 8
  3353 ;; This function calls:
  3354 ;;		_Update
  3355 ;;		_abs
  3356 ;;		i1___lldiv
  3357 ;;		i1___lmul
  3358 ;;		i1_set_servo_angle
  3359 ;; This function is called by:
  3360 ;;		Interrupt level 1
  3361 ;; This function uses a non-reentrant model
  3362 ;;
  3363                           
  3364                           	psect	intcodelo
  3365   000018                     __pintcodelo:
  3366                           	callstack 0
  3367   000018                     _Lo_ISR:
  3368                           	callstack 19
  3369                           
  3370                           ; BSR set to: 1
  3371                           ;incstack = 0
  3372   000018  8078               	bsf	int$flags,0,c	;set compiler interrupt flag (level 1)
  3373   00001A  CFD8 F0A8          	movff	status,??_Lo_ISR+2
  3374   00001E  CFE8 F0A9          	movff	wreg,??_Lo_ISR+3
  3375   000022  CFE0 F0AA          	movff	bsr,??_Lo_ISR+4
  3376   000026                     
  3377                           ;main.c: 103:     if (PIR1bits.TMR2IF)
  3378   000026  A29E               	btfss	158,1,c	;volatile
  3379   000028  EF18  F000         	goto	i1u489_21
  3380   00002C  EF1A  F000         	goto	i1u489_20
  3381   000030                     i1u489_21:
  3382   000030  EF1B  F000         	goto	i1l84
  3383   000034                     i1u489_20:
  3384   000034                     
  3385                           ;main.c: 104:     {;main.c: 105:         PIR1bits.TMR2IF = 0;
  3386   000034  929E               	bcf	158,1,c	;volatile
  3387   000036                     i1l84:
  3388                           
  3389                           ;main.c: 127:     if (PIR1bits.TMR1IF)
  3390   000036  A09E               	btfss	158,0,c	;volatile
  3391   000038  EF20  F000         	goto	i1u490_21
  3392   00003C  EF22  F000         	goto	i1u490_20
  3393   000040                     i1u490_21:
  3394   000040  EF27  F000         	goto	i1l4171
  3395   000044                     i1u490_20:
  3396   000044                     
  3397                           ;main.c: 128:     {;main.c: 129:         PIR1bits.TMR1IF = 0;
  3398   000044  909E               	bcf	158,0,c	;volatile
  3399   000046                     
  3400                           ;main.c: 130:         TMR0H = 0xFB;
  3401   000046  0EFB               	movlw	251
  3402   000048  6ED7               	movwf	215,c	;volatile
  3403                           
  3404                           ;main.c: 131:         TMR0L = 0x1E;
  3405   00004A  0E1E               	movlw	30
  3406   00004C  6ED6               	movwf	214,c	;volatile
  3407   00004E                     i1l4171:
  3408                           
  3409                           ;main.c: 144:     if (INTCONbits.TMR0IF)
  3410   00004E  A4F2               	btfss	242,2,c	;volatile
  3411   000050  EF2C  F000         	goto	i1u491_21
  3412   000054  EF2E  F000         	goto	i1u491_20
  3413   000058                     i1u491_21:
  3414   000058  EF37  F000         	goto	i1l4179
  3415   00005C                     i1u491_20:
  3416   00005C                     
  3417                           ;main.c: 145:     {;main.c: 146:         INTCONbits.TMR0IF = 0;
  3418   00005C  94F2               	bcf	242,2,c	;volatile
  3419   00005E                     
  3420                           ;main.c: 148:         TMR0H = 0xFC;
  3421   00005E  0EFC               	movlw	252
  3422   000060  6ED7               	movwf	215,c	;volatile
  3423                           
  3424                           ;main.c: 149:         TMR0L = 0x2F;
  3425   000062  0E2F               	movlw	47
  3426   000064  6ED6               	movwf	214,c	;volatile
  3427   000066                     
  3428                           ;main.c: 150:         LATD = (state << 4);
  3429   000066  0100               	movlb	0	; () banked
  3430   000068  39C9               	swapf	_state& (0+255),w,b
  3431   00006A  0BF0               	andlw	240
  3432   00006C  6E8C               	movwf	140,c	;volatile
  3433   00006E                     i1l4179:
  3434                           
  3435                           ;main.c: 160:     if(PIR1bits.ADIF){
  3436   00006E  AC9E               	btfss	158,6,c	;volatile
  3437   000070  EF3C  F000         	goto	i1u492_21
  3438   000074  EF3E  F000         	goto	i1u492_20
  3439   000078                     i1u492_21:
  3440   000078  EFB3  F000         	goto	i1l89
  3441   00007C                     i1u492_20:
  3442   00007C                     
  3443                           ;main.c: 161:         PIR1bits.ADIF = 0;
  3444   00007C  9C9E               	bcf	158,6,c	;volatile
  3445   00007E                     
  3446                           ;main.c: 163:         int v = ((unsigned int)ADRESH << 8) | ADRESL;
  3447   00007E  50C4               	movf	196,w,c	;volatile
  3448   000080  0100               	movlb	0	; () banked
  3449   000082  6FA6               	movwf	??_Lo_ISR& (0+255),b
  3450   000084  50C3               	movf	195,w,c	;volatile
  3451   000086  6FB1               	movwf	Lo_ISR@v& (0+255),b
  3452   000088  C0A6  F0B2         	movff	??_Lo_ISR,Lo_ISR@v+1
  3453   00008C                     
  3454                           ; BSR set to: 0
  3455                           ;main.c: 174:         int change = abs(lastV - v);
  3456   00008C  51B1               	movf	Lo_ISR@v& (0+255),w,b
  3457   00008E  5DC7               	subwf	_lastV& (0+255),w,b
  3458   000090  6F80               	movwf	abs@a& (0+255),b
  3459   000092  51B2               	movf	(Lo_ISR@v+1)& (0+255),w,b
  3460   000094  59C8               	subwfb	(_lastV+1)& (0+255),w,b
  3461   000096  6F81               	movwf	(abs@a+1)& (0+255),b
  3462   000098  ECAB  F018         	call	_abs	;wreg free
  3463   00009C  C080  F0AF         	movff	?_abs,Lo_ISR@change
  3464   0000A0  C081  F0B0         	movff	?_abs+1,Lo_ISR@change+1
  3465   0000A4                     
  3466                           ;main.c: 175:         if(change > 20 && state == 4){
  3467   0000A4  0100               	movlb	0	; () banked
  3468   0000A6  BFB0               	btfsc	(Lo_ISR@change+1)& (0+255),7,b
  3469   0000A8  EF5F  F000         	goto	i1u493_21
  3470   0000AC  51B0               	movf	(Lo_ISR@change+1)& (0+255),w,b
  3471   0000AE  E109               	bnz	i1u493_20
  3472   0000B0  0E15               	movlw	21
  3473   0000B2  5DAF               	subwf	Lo_ISR@change& (0+255),w,b
  3474   0000B4  A0D8               	btfss	status,0,c
  3475   0000B6  EF5F  F000         	goto	i1u493_21
  3476   0000BA  EF61  F000         	goto	i1u493_20
  3477   0000BE                     i1u493_21:
  3478   0000BE  EFB2  F000         	goto	i1l4203
  3479   0000C2                     i1u493_20:
  3480   0000C2                     
  3481                           ; BSR set to: 0
  3482   0000C2  0E04               	movlw	4
  3483   0000C4  19C9               	xorwf	_state& (0+255),w,b
  3484   0000C6  11CA               	iorwf	(_state+1)& (0+255),w,b
  3485   0000C8  A4D8               	btfss	status,2,c
  3486   0000CA  EF69  F000         	goto	i1u494_21
  3487   0000CE  EF6B  F000         	goto	i1u494_20
  3488   0000D2                     i1u494_21:
  3489   0000D2  EFB2  F000         	goto	i1l4203
  3490   0000D6                     i1u494_20:
  3491   0000D6                     
  3492                           ; BSR set to: 0
  3493                           ;main.c: 176:             unsigned long limited_range_angle = ( (unsigned long)v * 180UL
      +                           ) / 1023UL;
  3494   0000D6  C0B1  F080         	movff	Lo_ISR@v,i1___lmul@multiplier
  3495   0000DA  C0B2  F081         	movff	Lo_ISR@v+1,i1___lmul@multiplier+1
  3496   0000DE  0E00               	movlw	0
  3497   0000E0  BF81               	btfsc	(i1___lmul@multiplier+1)& (0+255),7,b
  3498   0000E2  0EFF               	movlw	-1
  3499   0000E4  6F82               	movwf	(i1___lmul@multiplier+2)& (0+255),b
  3500   0000E6  6F83               	movwf	(i1___lmul@multiplier+3)& (0+255),b
  3501   0000E8  0EB4               	movlw	180
  3502   0000EA  6F84               	movwf	i1___lmul@multiplicand& (0+255),b
  3503   0000EC  0E00               	movlw	0
  3504   0000EE  6F85               	movwf	(i1___lmul@multiplicand+1)& (0+255),b
  3505   0000F0  0E00               	movlw	0
  3506   0000F2  6F86               	movwf	(i1___lmul@multiplicand+2)& (0+255),b
  3507   0000F4  0E00               	movlw	0
  3508   0000F6  6F87               	movwf	(i1___lmul@multiplicand+3)& (0+255),b
  3509   0000F8  EC7F  F016         	call	i1___lmul	;wreg free
  3510   0000FC  C080  F08C         	movff	?i1___lmul,i1___lldiv@dividend
  3511   000100  C081  F08D         	movff	?i1___lmul+1,i1___lldiv@dividend+1
  3512   000104  C082  F08E         	movff	?i1___lmul+2,i1___lldiv@dividend+2
  3513   000108  C083  F08F         	movff	?i1___lmul+3,i1___lldiv@dividend+3
  3514   00010C  0EFF               	movlw	255
  3515   00010E  0100               	movlb	0	; () banked
  3516   000110  6F90               	movwf	i1___lldiv@divisor& (0+255),b
  3517   000112  0E03               	movlw	3
  3518   000114  6F91               	movwf	(i1___lldiv@divisor+1)& (0+255),b
  3519   000116  0E00               	movlw	0
  3520   000118  6F92               	movwf	(i1___lldiv@divisor+2)& (0+255),b
  3521   00011A  0E00               	movlw	0
  3522   00011C  6F93               	movwf	(i1___lldiv@divisor+3)& (0+255),b
  3523   00011E  ECB9  F014         	call	i1___lldiv	;wreg free
  3524   000122  C08C  F0AB         	movff	?i1___lldiv,Lo_ISR@limited_range_angle
  3525   000126  C08D  F0AC         	movff	?i1___lldiv+1,Lo_ISR@limited_range_angle+1
  3526   00012A  C08E  F0AD         	movff	?i1___lldiv+2,Lo_ISR@limited_range_angle+2
  3527   00012E  C08F  F0AE         	movff	?i1___lldiv+3,Lo_ISR@limited_range_angle+3
  3528   000132                     
  3529                           ;main.c: 177:             angel = (int)limited_range_angle;
  3530   000132  C0AB  F0CB         	movff	Lo_ISR@limited_range_angle,_angel
  3531   000136  C0AC  F0CC         	movff	Lo_ISR@limited_range_angle+1,_angel+1
  3532   00013A                     
  3533                           ;main.c: 178:             angel -= 90;
  3534   00013A  0100               	movlb	0	; () banked
  3535   00013C  0EA6               	movlw	166
  3536   00013E  27CB               	addwf	_angel& (0+255),f,b
  3537   000140  0EFF               	movlw	255
  3538   000142  23CC               	addwfc	(_angel+1)& (0+255),f,b
  3539   000144                     
  3540                           ; BSR set to: 0
  3541                           ;main.c: 179:             set_servo_angle(angel);
  3542   000144  C0CB  F0A0         	movff	_angel,i1set_servo_angle@angle
  3543   000148  C0CC  F0A1         	movff	_angel+1,i1set_servo_angle@angle+1
  3544   00014C  ECD8  F015         	call	i1_set_servo_angle	;wreg free
  3545   000150                     
  3546                           ;main.c: 180:             lastV = v;
  3547   000150  C0B1  F0C7         	movff	Lo_ISR@v,_lastV
  3548   000154  C0B2  F0C8         	movff	Lo_ISR@v+1,_lastV+1
  3549   000158                     
  3550                           ;main.c: 181:             Update(angel);
  3551   000158  C0CB  F08E         	movff	_angel,Update@num
  3552   00015C  C0CC  F08F         	movff	_angel+1,Update@num+1
  3553   000160  EC48  F010         	call	_Update	;wreg free
  3554   000164                     i1l4203:
  3555                           
  3556                           ;main.c: 208:         ADCON0bits.GO = 1;
  3557   000164  82C2               	bsf	194,1,c	;volatile
  3558   000166                     i1l89:
  3559   000166  C0AA  FFE0         	movff	??_Lo_ISR+4,bsr
  3560   00016A  C0A9  FFE8         	movff	??_Lo_ISR+3,wreg
  3561   00016E  C0A8  FFD8         	movff	??_Lo_ISR+2,status
  3562   000172  9078               	bcf	int$flags,0,c	;clear compiler interrupt flag (level 1)
  3563   000174  0010               	retfie	
  3564   000176                     __end_of_Lo_ISR:
  3565                           	callstack 0
  3566                           
  3567 ;; *************** function i1_set_servo_angle *****************
  3568 ;; Defined at:
  3569 ;;		line 91 in file "setting_hardaware/ccp1.c"
  3570 ;; Parameters:    Size  Location     Type
  3571 ;;  angle           2   32[BANK0 ] int 
  3572 ;; Auto vars:     Size  Location     Type
  3573 ;;  duty_val        2   36[BANK0 ] unsigned short 
  3574 ;;  angle_0_180     2   34[BANK0 ] int 
  3575 ;; Return value:  Size  Location     Type
  3576 ;;                  1    wreg      void 
  3577 ;; Registers used:
  3578 ;;		wreg, status,2, status,0, cstack
  3579 ;; Tracked objects:
  3580 ;;		On entry : 0/0
  3581 ;;		On exit  : 0/0
  3582 ;;		Unchanged: 0/0
  3583 ;; Data sizes:     COMRAM   BANK0   BANK1   BANK2   BANK3   BANK4   BANK5
  3584 ;;      Params:         0       2       0       0       0       0       0
  3585 ;;      Locals:         0       4       0       0       0       0       0
  3586 ;;      Temps:          0       0       0       0       0       0       0
  3587 ;;      Totals:         0       6       0       0       0       0       0
  3588 ;;Total ram usage:        6 bytes
  3589 ;; Hardware stack levels used: 1
  3590 ;; Hardware stack levels required when called: 7
  3591 ;; This function calls:
  3592 ;;		i1_AngleToDutyCycle
  3593 ;;		i1_SetCCP1DutyCycle
  3594 ;; This function is called by:
  3595 ;;		_Lo_ISR
  3596 ;; This function uses a non-reentrant model
  3597 ;;
  3598                           
  3599                           	psect	text19
  3600   002BB0                     __ptext19:
  3601                           	callstack 0
  3602   002BB0                     i1_set_servo_angle:
  3603                           	callstack 19
  3604   002BB0                     
  3605                           ;setting_hardaware/ccp1.c: 94:     if (angle < -90) angle = -90;
  3606   002BB0  0100               	movlb	0	; () banked
  3607   002BB2  AFA1               	btfss	(i1set_servo_angle@angle+1)& (0+255),7,b
  3608   002BB4  EFE5  F015         	goto	i1u485_21
  3609   002BB8  0EA6               	movlw	166
  3610   002BBA  5DA0               	subwf	i1set_servo_angle@angle& (0+255),w,b
  3611   002BBC  0EFF               	movlw	255
  3612   002BBE  59A1               	subwfb	(i1set_servo_angle@angle+1)& (0+255),w,b
  3613   002BC0  B0D8               	btfsc	status,0,c
  3614   002BC2  EFE5  F015         	goto	i1u485_21
  3615   002BC6  EFE7  F015         	goto	i1u485_20
  3616   002BCA                     i1u485_21:
  3617   002BCA  EFEB  F015         	goto	i1l4139
  3618   002BCE                     i1u485_20:
  3619   002BCE                     
  3620                           ; BSR set to: 0
  3621   002BCE  0EFF               	movlw	255
  3622   002BD0  6FA1               	movwf	(i1set_servo_angle@angle+1)& (0+255),b
  3623   002BD2  0EA6               	movlw	166
  3624   002BD4  6FA0               	movwf	i1set_servo_angle@angle& (0+255),b
  3625   002BD6                     i1l4139:
  3626                           
  3627                           ; BSR set to: 0
  3628                           ;setting_hardaware/ccp1.c: 95:     if (angle > 90) angle = 90;
  3629   002BD6  BFA1               	btfsc	(i1set_servo_angle@angle+1)& (0+255),7,b
  3630   002BD8  EFF7  F015         	goto	i1u486_21
  3631   002BDC  51A1               	movf	(i1set_servo_angle@angle+1)& (0+255),w,b
  3632   002BDE  E109               	bnz	i1u486_20
  3633   002BE0  0E5B               	movlw	91
  3634   002BE2  5DA0               	subwf	i1set_servo_angle@angle& (0+255),w,b
  3635   002BE4  A0D8               	btfss	status,0,c
  3636   002BE6  EFF7  F015         	goto	i1u486_21
  3637   002BEA  EFF9  F015         	goto	i1u486_20
  3638   002BEE                     i1u486_21:
  3639   002BEE  EFFD  F015         	goto	i1l4143
  3640   002BF2                     i1u486_20:
  3641   002BF2                     
  3642                           ; BSR set to: 0
  3643   002BF2  0E00               	movlw	0
  3644   002BF4  6FA1               	movwf	(i1set_servo_angle@angle+1)& (0+255),b
  3645   002BF6  0E5A               	movlw	90
  3646   002BF8  6FA0               	movwf	i1set_servo_angle@angle& (0+255),b
  3647   002BFA                     i1l4143:
  3648                           
  3649                           ; BSR set to: 0
  3650                           ;setting_hardaware/ccp1.c: 98:     int angle_0_180 = angle + 90;
  3651   002BFA  0E5A               	movlw	90
  3652   002BFC  25A0               	addwf	i1set_servo_angle@angle& (0+255),w,b
  3653   002BFE  6FA2               	movwf	i1set_servo_angle@angle_0_180& (0+255),b
  3654   002C00  0E00               	movlw	0
  3655   002C02  21A1               	addwfc	(i1set_servo_angle@angle+1)& (0+255),w,b
  3656   002C04  6FA3               	movwf	(i1set_servo_angle@angle_0_180+1)& (0+255),b
  3657   002C06                     
  3658                           ; BSR set to: 0
  3659                           ;setting_hardaware/ccp1.c: 101:     uint16_t duty_val = AngleToDutyCycle((uint8_t)angle_
      +                          0_180);
  3660   002C06  51A2               	movf	i1set_servo_angle@angle_0_180& (0+255),w,b
  3661   002C08  EC83  F012         	call	i1_AngleToDutyCycle
  3662   002C0C  C099  F0A4         	movff	?i1_AngleToDutyCycle,i1set_servo_angle@duty_val
  3663   002C10  C09A  F0A5         	movff	?i1_AngleToDutyCycle+1,i1set_servo_angle@duty_val+1
  3664   002C14                     
  3665                           ;setting_hardaware/ccp1.c: 104:     SetCCP1DutyCycle(duty_val);
  3666   002C14  C0A4  F080         	movff	i1set_servo_angle@duty_val,i1SetCCP1DutyCycle@duty_value
  3667   002C18  C0A5  F081         	movff	i1set_servo_angle@duty_val+1,i1SetCCP1DutyCycle@duty_value+1
  3668   002C1C  ECCC  F017         	call	i1_SetCCP1DutyCycle	;wreg free
  3669   002C20  0012               	return		;funcret
  3670   002C22                     __end_ofi1_set_servo_angle:
  3671                           	callstack 0
  3672                           
  3673 ;; *************** function i1_SetCCP1DutyCycle *****************
  3674 ;; Defined at:
  3675 ;;		line 44 in file "setting_hardaware/ccp1.c"
  3676 ;; Parameters:    Size  Location     Type
  3677 ;;  duty_value      2    0[BANK0 ] unsigned short 
  3678 ;; Auto vars:     Size  Location     Type
  3679 ;;		None
  3680 ;; Return value:  Size  Location     Type
  3681 ;;                  1    wreg      void 
  3682 ;; Registers used:
  3683 ;;		wreg, status,2, status,0
  3684 ;; Tracked objects:
  3685 ;;		On entry : 0/0
  3686 ;;		On exit  : 0/0
  3687 ;;		Unchanged: 0/0
  3688 ;; Data sizes:     COMRAM   BANK0   BANK1   BANK2   BANK3   BANK4   BANK5
  3689 ;;      Params:         0       2       0       0       0       0       0
  3690 ;;      Locals:         0       0       0       0       0       0       0
  3691 ;;      Temps:          0       2       0       0       0       0       0
  3692 ;;      Totals:         0       4       0       0       0       0       0
  3693 ;;Total ram usage:        4 bytes
  3694 ;; Hardware stack levels used: 1
  3695 ;; Hardware stack levels required when called: 5
  3696 ;; This function calls:
  3697 ;;		Nothing
  3698 ;; This function is called by:
  3699 ;;		i1_set_servo_angle
  3700 ;; This function uses a non-reentrant model
  3701 ;;
  3702                           
  3703                           	psect	text20
  3704   002F98                     __ptext20:
  3705                           	callstack 0
  3706   002F98                     i1_SetCCP1DutyCycle:
  3707                           	callstack 20
  3708   002F98                     
  3709                           ;setting_hardaware/ccp1.c: 44: void SetCCP1DutyCycle(uint16_t duty_value);setting_hardaw
      +                          are/ccp1.c: 45: {;setting_hardaware/ccp1.c: 46:     if (duty_value > 1023) {
  3710   002F98  0E04               	movlw	4
  3711   002F9A  0100               	movlb	0	; () banked
  3712   002F9C  5D81               	subwf	(i1SetCCP1DutyCycle@duty_value+1)& (0+255),w,b
  3713   002F9E  A0D8               	btfss	status,0,c
  3714   002FA0  EFD4  F017         	goto	i1u460_21
  3715   002FA4  EFD6  F017         	goto	i1u460_20
  3716   002FA8                     i1u460_21:
  3717   002FA8  EFD9  F017         	goto	i1l3945
  3718   002FAC                     i1u460_20:
  3719   002FAC                     
  3720                           ; BSR set to: 0
  3721                           ;setting_hardaware/ccp1.c: 47:         duty_value = 1023;
  3722   002FAC  0E03               	movlw	3
  3723   002FAE  6F81               	movwf	(i1SetCCP1DutyCycle@duty_value+1)& (0+255),b
  3724   002FB0  6980               	setf	i1SetCCP1DutyCycle@duty_value& (0+255),b
  3725   002FB2                     i1l3945:
  3726                           
  3727                           ; BSR set to: 0
  3728                           ;setting_hardaware/ccp1.c: 51:     CCPR1L = (uint8_t)(duty_value >> 2);
  3729   002FB2  C080  F082         	movff	i1SetCCP1DutyCycle@duty_value,??i1_SetCCP1DutyCycle
  3730   002FB6  C081  F083         	movff	i1SetCCP1DutyCycle@duty_value+1,??i1_SetCCP1DutyCycle+1
  3731   002FBA  90D8               	bcf	status,0,c
  3732   002FBC  3383               	rrcf	(??i1_SetCCP1DutyCycle+1)& (0+255),f,b
  3733   002FBE  3382               	rrcf	??i1_SetCCP1DutyCycle& (0+255),f,b
  3734   002FC0  90D8               	bcf	status,0,c
  3735   002FC2  3383               	rrcf	(??i1_SetCCP1DutyCycle+1)& (0+255),f,b
  3736   002FC4  3382               	rrcf	??i1_SetCCP1DutyCycle& (0+255),f,b
  3737   002FC6  5182               	movf	??i1_SetCCP1DutyCycle& (0+255),w,b
  3738   002FC8  6EBE               	movwf	190,c	;volatile
  3739   002FCA                     
  3740                           ; BSR set to: 0
  3741                           ;setting_hardaware/ccp1.c: 54:     CCP1CON &= 0xCF;
  3742   002FCA  0ECF               	movlw	207
  3743   002FCC  16BD               	andwf	189,f,c	;volatile
  3744   002FCE                     
  3745                           ; BSR set to: 0
  3746                           ;setting_hardaware/ccp1.c: 55:     CCP1CON |= (uint8_t)((duty_value & 0x0003) << 4);
  3747   002FCE  C080  F082         	movff	i1SetCCP1DutyCycle@duty_value,??i1_SetCCP1DutyCycle
  3748   002FD2  0E03               	movlw	3
  3749   002FD4  1782               	andwf	??i1_SetCCP1DutyCycle& (0+255),f,b
  3750   002FD6  3982               	swapf	??i1_SetCCP1DutyCycle& (0+255),w,b
  3751   002FD8  0BF0               	andlw	240
  3752   002FDA  12BD               	iorwf	189,f,c	;volatile
  3753   002FDC                     
  3754                           ; BSR set to: 0
  3755   002FDC  0012               	return		;funcret
  3756   002FDE                     __end_ofi1_SetCCP1DutyCycle:
  3757                           	callstack 0
  3758                           
  3759 ;; *************** function i1_AngleToDutyCycle *****************
  3760 ;; Defined at:
  3761 ;;		line 65 in file "setting_hardaware/ccp1.c"
  3762 ;; Parameters:    Size  Location     Type
  3763 ;;  angle           1    wreg     unsigned char 
  3764 ;; Auto vars:     Size  Location     Type
  3765 ;;  angle           1   27[BANK0 ] unsigned char 
  3766 ;;  D_value         4   28[BANK0 ] unsigned long 
  3767 ;;  D_MAX           2    0        const unsigned short 
  3768 ;;  D_MIN           2    0        const unsigned short 
  3769 ;; Return value:  Size  Location     Type
  3770 ;;                  2   25[BANK0 ] unsigned short 
  3771 ;; Registers used:
  3772 ;;		wreg, status,2, status,0, cstack
  3773 ;; Tracked objects:
  3774 ;;		On entry : 0/0
  3775 ;;		On exit  : 0/0
  3776 ;;		Unchanged: 0/0
  3777 ;; Data sizes:     COMRAM   BANK0   BANK1   BANK2   BANK3   BANK4   BANK5
  3778 ;;      Params:         0       2       0       0       0       0       0
  3779 ;;      Locals:         0       5       0       0       0       0       0
  3780 ;;      Temps:          0       0       0       0       0       0       0
  3781 ;;      Totals:         0       7       0       0       0       0       0
  3782 ;;Total ram usage:        7 bytes
  3783 ;; Hardware stack levels used: 1
  3784 ;; Hardware stack levels required when called: 6
  3785 ;; This function calls:
  3786 ;;		i1___lldiv
  3787 ;;		i1___lmul
  3788 ;; This function is called by:
  3789 ;;		i1_set_servo_angle
  3790 ;; This function uses a non-reentrant model
  3791 ;;
  3792                           
  3793                           	psect	text21
  3794   002506                     __ptext21:
  3795                           	callstack 0
  3796   002506                     i1_AngleToDutyCycle:
  3797                           	callstack 19
  3798                           
  3799                           ; BSR set to: 0
  3800                           ;incstack = 0
  3801                           ;i1AngleToDutyCycle@angle stored from wreg
  3802   002506  0100               	movlb	0	; () banked
  3803   002508  6F9B               	movwf	i1AngleToDutyCycle@angle& (0+255),b
  3804   00250A                     
  3805                           ;setting_hardaware/ccp1.c: 65: uint16_t AngleToDutyCycle(uint8_t angle);setting_hardawar
      +                          e/ccp1.c: 66: {;setting_hardaware/ccp1.c: 67:     if (angle > 180) {
  3806   00250A  0EB4               	movlw	180
  3807   00250C  0100               	movlb	0	; () banked
  3808   00250E  659B               	cpfsgt	i1AngleToDutyCycle@angle& (0+255),b
  3809   002510  EF8C  F012         	goto	i1u461_21
  3810   002514  EF8E  F012         	goto	i1u461_20
  3811   002518                     i1u461_21:
  3812   002518  EF90  F012         	goto	i1l3955
  3813   00251C                     i1u461_20:
  3814   00251C                     
  3815                           ; BSR set to: 0
  3816                           ;setting_hardaware/ccp1.c: 68:         angle = 180;
  3817   00251C  0EB4               	movlw	180
  3818   00251E  6F9B               	movwf	i1AngleToDutyCycle@angle& (0+255),b
  3819   002520                     i1l3955:
  3820                           
  3821                           ; BSR set to: 0
  3822                           ;setting_hardaware/ccp1.c: 79:     uint32_t D_value = 125UL + ( (uint32_t)angle * 25UL /
      +                           9UL );
  3823   002520  519B               	movf	i1AngleToDutyCycle@angle& (0+255),w,b
  3824   002522  6F80               	movwf	i1___lmul@multiplier& (0+255),b
  3825   002524  6B81               	clrf	(i1___lmul@multiplier+1)& (0+255),b
  3826   002526  6B82               	clrf	(i1___lmul@multiplier+2)& (0+255),b
  3827   002528  6B83               	clrf	(i1___lmul@multiplier+3)& (0+255),b
  3828   00252A  0E19               	movlw	25
  3829   00252C  6F84               	movwf	i1___lmul@multiplicand& (0+255),b
  3830   00252E  0E00               	movlw	0
  3831   002530  6F85               	movwf	(i1___lmul@multiplicand+1)& (0+255),b
  3832   002532  0E00               	movlw	0
  3833   002534  6F86               	movwf	(i1___lmul@multiplicand+2)& (0+255),b
  3834   002536  0E00               	movlw	0
  3835   002538  6F87               	movwf	(i1___lmul@multiplicand+3)& (0+255),b
  3836   00253A  EC7F  F016         	call	i1___lmul	;wreg free
  3837   00253E  C080  F08C         	movff	?i1___lmul,i1___lldiv@dividend
  3838   002542  C081  F08D         	movff	?i1___lmul+1,i1___lldiv@dividend+1
  3839   002546  C082  F08E         	movff	?i1___lmul+2,i1___lldiv@dividend+2
  3840   00254A  C083  F08F         	movff	?i1___lmul+3,i1___lldiv@dividend+3
  3841   00254E  0E09               	movlw	9
  3842   002550  0100               	movlb	0	; () banked
  3843   002552  6F90               	movwf	i1___lldiv@divisor& (0+255),b
  3844   002554  0E00               	movlw	0
  3845   002556  6F91               	movwf	(i1___lldiv@divisor+1)& (0+255),b
  3846   002558  0E00               	movlw	0
  3847   00255A  6F92               	movwf	(i1___lldiv@divisor+2)& (0+255),b
  3848   00255C  0E00               	movlw	0
  3849   00255E  6F93               	movwf	(i1___lldiv@divisor+3)& (0+255),b
  3850   002560  ECB9  F014         	call	i1___lldiv	;wreg free
  3851   002564  0E7D               	movlw	125
  3852   002566  0100               	movlb	0	; () banked
  3853   002568  258C               	addwf	?i1___lldiv& (0+255),w,b
  3854   00256A  6F9C               	movwf	i1AngleToDutyCycle@D_value& (0+255),b
  3855   00256C  0E00               	movlw	0
  3856   00256E  218D               	addwfc	(?i1___lldiv+1)& (0+255),w,b
  3857   002570  6F9D               	movwf	(i1AngleToDutyCycle@D_value+1)& (0+255),b
  3858   002572  0E00               	movlw	0
  3859   002574  218E               	addwfc	(?i1___lldiv+2)& (0+255),w,b
  3860   002576  6F9E               	movwf	(i1AngleToDutyCycle@D_value+2)& (0+255),b
  3861   002578  0E00               	movlw	0
  3862   00257A  218F               	addwfc	(?i1___lldiv+3)& (0+255),w,b
  3863   00257C  6F9F               	movwf	(i1AngleToDutyCycle@D_value+3)& (0+255),b
  3864   00257E                     
  3865                           ; BSR set to: 0
  3866                           ;setting_hardaware/ccp1.c: 85:     if (D_value > D_MAX) D_value = D_MAX;
  3867   00257E  519F               	movf	(i1AngleToDutyCycle@D_value+3)& (0+255),w,b
  3868   002580  119E               	iorwf	(i1AngleToDutyCycle@D_value+2)& (0+255),w,b
  3869   002582  E10B               	bnz	i1u462_20
  3870   002584  0E72               	movlw	114
  3871   002586  5D9C               	subwf	i1AngleToDutyCycle@D_value& (0+255),w,b
  3872   002588  0E02               	movlw	2
  3873   00258A  599D               	subwfb	(i1AngleToDutyCycle@D_value+1)& (0+255),w,b
  3874   00258C  A0D8               	btfss	status,0,c
  3875   00258E  EFCB  F012         	goto	i1u462_21
  3876   002592  EFCD  F012         	goto	i1u462_20
  3877   002596                     i1u462_21:
  3878   002596  EFD5  F012         	goto	i1l3965
  3879   00259A                     i1u462_20:
  3880   00259A                     
  3881                           ; BSR set to: 0
  3882   00259A  0E71               	movlw	113
  3883   00259C  6F9C               	movwf	i1AngleToDutyCycle@D_value& (0+255),b
  3884   00259E  0E02               	movlw	2
  3885   0025A0  6F9D               	movwf	(i1AngleToDutyCycle@D_value+1)& (0+255),b
  3886   0025A2  0E00               	movlw	0
  3887   0025A4  6F9E               	movwf	(i1AngleToDutyCycle@D_value+2)& (0+255),b
  3888   0025A6  0E00               	movlw	0
  3889   0025A8  6F9F               	movwf	(i1AngleToDutyCycle@D_value+3)& (0+255),b
  3890   0025AA                     i1l3965:
  3891                           
  3892                           ; BSR set to: 0
  3893                           ;setting_hardaware/ccp1.c: 86:     if (D_value < D_MIN) D_value = D_MIN;
  3894   0025AA  519F               	movf	(i1AngleToDutyCycle@D_value+3)& (0+255),w,b
  3895   0025AC  119E               	iorwf	(i1AngleToDutyCycle@D_value+2)& (0+255),w,b
  3896   0025AE  119D               	iorwf	(i1AngleToDutyCycle@D_value+1)& (0+255),w,b
  3897   0025B0  E107               	bnz	i1u463_21
  3898   0025B2  0E7D               	movlw	125
  3899   0025B4  5D9C               	subwf	i1AngleToDutyCycle@D_value& (0+255),w,b
  3900   0025B6  B0D8               	btfsc	status,0,c
  3901   0025B8  EFE0  F012         	goto	i1u463_21
  3902   0025BC  EFE2  F012         	goto	i1u463_20
  3903   0025C0                     i1u463_21:
  3904   0025C0  EFEA  F012         	goto	i1l3969
  3905   0025C4                     i1u463_20:
  3906   0025C4                     
  3907                           ; BSR set to: 0
  3908   0025C4  0E7D               	movlw	125
  3909   0025C6  6F9C               	movwf	i1AngleToDutyCycle@D_value& (0+255),b
  3910   0025C8  0E00               	movlw	0
  3911   0025CA  6F9D               	movwf	(i1AngleToDutyCycle@D_value+1)& (0+255),b
  3912   0025CC  0E00               	movlw	0
  3913   0025CE  6F9E               	movwf	(i1AngleToDutyCycle@D_value+2)& (0+255),b
  3914   0025D0  0E00               	movlw	0
  3915   0025D2  6F9F               	movwf	(i1AngleToDutyCycle@D_value+3)& (0+255),b
  3916   0025D4                     i1l3969:
  3917                           
  3918                           ; BSR set to: 0
  3919                           ;setting_hardaware/ccp1.c: 88:     return (uint16_t)D_value;
  3920   0025D4  C09C  F099         	movff	i1AngleToDutyCycle@D_value,?i1_AngleToDutyCycle
  3921   0025D8  C09D  F09A         	movff	i1AngleToDutyCycle@D_value+1,?i1_AngleToDutyCycle+1
  3922   0025DC                     
  3923                           ; BSR set to: 0
  3924   0025DC  0012               	return		;funcret
  3925   0025DE                     __end_ofi1_AngleToDutyCycle:
  3926                           	callstack 0
  3927                           
  3928 ;; *************** function i1___lmul *****************
  3929 ;; Defined at:
  3930 ;;		line 15 in file "C:\Program Files\Microchip\xc8\v3.00\pic\sources\c99\common\Umul32.c"
  3931 ;; Parameters:    Size  Location     Type
  3932 ;;  multiplier      4    0[BANK0 ] unsigned long 
  3933 ;;  multiplicand    4    4[BANK0 ] unsigned long 
  3934 ;; Auto vars:     Size  Location     Type
  3935 ;;  product         4    8[BANK0 ] unsigned long 
  3936 ;; Return value:  Size  Location     Type
  3937 ;;                  4    0[BANK0 ] unsigned long 
  3938 ;; Registers used:
  3939 ;;		wreg, status,2, status,0
  3940 ;; Tracked objects:
  3941 ;;		On entry : 0/0
  3942 ;;		On exit  : 0/0
  3943 ;;		Unchanged: 0/0
  3944 ;; Data sizes:     COMRAM   BANK0   BANK1   BANK2   BANK3   BANK4   BANK5
  3945 ;;      Params:         0       8       0       0       0       0       0
  3946 ;;      Locals:         0       4       0       0       0       0       0
  3947 ;;      Temps:          0       0       0       0       0       0       0
  3948 ;;      Totals:         0      12       0       0       0       0       0
  3949 ;;Total ram usage:       12 bytes
  3950 ;; Hardware stack levels used: 1
  3951 ;; Hardware stack levels required when called: 5
  3952 ;; This function calls:
  3953 ;;		Nothing
  3954 ;; This function is called by:
  3955 ;;		_Lo_ISR
  3956 ;;		i1_AngleToDutyCycle
  3957 ;; This function uses a non-reentrant model
  3958 ;;
  3959                           
  3960                           	psect	text22
  3961   002CFE                     __ptext22:
  3962                           	callstack 0
  3963   002CFE                     i1___lmul:
  3964                           	callstack 19
  3965   002CFE  0E00               	movlw	0
  3966   002D00  0100               	movlb	0	; () banked
  3967   002D02  6F88               	movwf	i1___lmul@product& (0+255),b
  3968   002D04  0E00               	movlw	0
  3969   002D06  6F89               	movwf	(i1___lmul@product+1)& (0+255),b
  3970   002D08  0E00               	movlw	0
  3971   002D0A  6F8A               	movwf	(i1___lmul@product+2)& (0+255),b
  3972   002D0C  0E00               	movlw	0
  3973   002D0E  6F8B               	movwf	(i1___lmul@product+3)& (0+255),b
  3974   002D10                     i1l3231:
  3975                           
  3976                           ; BSR set to: 0
  3977   002D10  A180               	btfss	i1___lmul@multiplier& (0+255),0,b
  3978   002D12  EF8D  F016         	goto	i1u333_21
  3979   002D16  EF8F  F016         	goto	i1u333_20
  3980   002D1A                     i1u333_21:
  3981   002D1A  EF97  F016         	goto	i1l3235
  3982   002D1E                     i1u333_20:
  3983   002D1E                     
  3984                           ; BSR set to: 0
  3985   002D1E  5184               	movf	i1___lmul@multiplicand& (0+255),w,b
  3986   002D20  2788               	addwf	i1___lmul@product& (0+255),f,b
  3987   002D22  5185               	movf	(i1___lmul@multiplicand+1)& (0+255),w,b
  3988   002D24  2389               	addwfc	(i1___lmul@product+1)& (0+255),f,b
  3989   002D26  5186               	movf	(i1___lmul@multiplicand+2)& (0+255),w,b
  3990   002D28  238A               	addwfc	(i1___lmul@product+2)& (0+255),f,b
  3991   002D2A  5187               	movf	(i1___lmul@multiplicand+3)& (0+255),w,b
  3992   002D2C  238B               	addwfc	(i1___lmul@product+3)& (0+255),f,b
  3993   002D2E                     i1l3235:
  3994                           
  3995                           ; BSR set to: 0
  3996   002D2E  90D8               	bcf	status,0,c
  3997   002D30  3784               	rlcf	i1___lmul@multiplicand& (0+255),f,b
  3998   002D32  3785               	rlcf	(i1___lmul@multiplicand+1)& (0+255),f,b
  3999   002D34  3786               	rlcf	(i1___lmul@multiplicand+2)& (0+255),f,b
  4000   002D36  3787               	rlcf	(i1___lmul@multiplicand+3)& (0+255),f,b
  4001   002D38                     
  4002                           ; BSR set to: 0
  4003   002D38  90D8               	bcf	status,0,c
  4004   002D3A  3383               	rrcf	(i1___lmul@multiplier+3)& (0+255),f,b
  4005   002D3C  3382               	rrcf	(i1___lmul@multiplier+2)& (0+255),f,b
  4006   002D3E  3381               	rrcf	(i1___lmul@multiplier+1)& (0+255),f,b
  4007   002D40  3380               	rrcf	i1___lmul@multiplier& (0+255),f,b
  4008   002D42  5180               	movf	i1___lmul@multiplier& (0+255),w,b
  4009   002D44  1181               	iorwf	(i1___lmul@multiplier+1)& (0+255),w,b
  4010   002D46  1182               	iorwf	(i1___lmul@multiplier+2)& (0+255),w,b
  4011   002D48  1183               	iorwf	(i1___lmul@multiplier+3)& (0+255),w,b
  4012   002D4A  A4D8               	btfss	status,2,c
  4013   002D4C  EFAA  F016         	goto	i1u334_21
  4014   002D50  EFAC  F016         	goto	i1u334_20
  4015   002D54                     i1u334_21:
  4016   002D54  EF88  F016         	goto	i1l3231
  4017   002D58                     i1u334_20:
  4018   002D58                     
  4019                           ; BSR set to: 0
  4020   002D58  C088  F080         	movff	i1___lmul@product,?i1___lmul
  4021   002D5C  C089  F081         	movff	i1___lmul@product+1,?i1___lmul+1
  4022   002D60  C08A  F082         	movff	i1___lmul@product+2,?i1___lmul+2
  4023   002D64  C08B  F083         	movff	i1___lmul@product+3,?i1___lmul+3
  4024   002D68                     
  4025                           ; BSR set to: 0
  4026   002D68  0012               	return		;funcret
  4027   002D6A                     __end_ofi1___lmul:
  4028                           	callstack 0
  4029                           
  4030 ;; *************** function i1___lldiv *****************
  4031 ;; Defined at:
  4032 ;;		line 7 in file "C:\Program Files\Microchip\xc8\v3.00\pic\sources\c99\common\__lldiv.c"
  4033 ;; Parameters:    Size  Location     Type
  4034 ;;  dividend        4   12[BANK0 ] unsigned long 
  4035 ;;  divisor         4   16[BANK0 ] unsigned long 
  4036 ;; Auto vars:     Size  Location     Type
  4037 ;;  quotient        4   20[BANK0 ] unsigned long 
  4038 ;;  counter         1   24[BANK0 ] unsigned char 
  4039 ;; Return value:  Size  Location     Type
  4040 ;;                  4   12[BANK0 ] unsigned long 
  4041 ;; Registers used:
  4042 ;;		wreg, status,2, status,0
  4043 ;; Tracked objects:
  4044 ;;		On entry : 0/0
  4045 ;;		On exit  : 0/0
  4046 ;;		Unchanged: 0/0
  4047 ;; Data sizes:     COMRAM   BANK0   BANK1   BANK2   BANK3   BANK4   BANK5
  4048 ;;      Params:         0       8       0       0       0       0       0
  4049 ;;      Locals:         0       5       0       0       0       0       0
  4050 ;;      Temps:          0       0       0       0       0       0       0
  4051 ;;      Totals:         0      13       0       0       0       0       0
  4052 ;;Total ram usage:       13 bytes
  4053 ;; Hardware stack levels used: 1
  4054 ;; Hardware stack levels required when called: 5
  4055 ;; This function calls:
  4056 ;;		Nothing
  4057 ;; This function is called by:
  4058 ;;		_Lo_ISR
  4059 ;;		i1_AngleToDutyCycle
  4060 ;; This function uses a non-reentrant model
  4061 ;;
  4062                           
  4063                           	psect	text23
  4064   002972                     __ptext23:
  4065                           	callstack 0
  4066   002972                     i1___lldiv:
  4067                           	callstack 19
  4068   002972  0E00               	movlw	0
  4069   002974  0100               	movlb	0	; () banked
  4070   002976  6F94               	movwf	i1___lldiv@quotient& (0+255),b
  4071   002978  0E00               	movlw	0
  4072   00297A  6F95               	movwf	(i1___lldiv@quotient+1)& (0+255),b
  4073   00297C  0E00               	movlw	0
  4074   00297E  6F96               	movwf	(i1___lldiv@quotient+2)& (0+255),b
  4075   002980  0E00               	movlw	0
  4076   002982  6F97               	movwf	(i1___lldiv@quotient+3)& (0+255),b
  4077   002984                     
  4078                           ; BSR set to: 0
  4079   002984  5190               	movf	i1___lldiv@divisor& (0+255),w,b
  4080   002986  1191               	iorwf	(i1___lldiv@divisor+1)& (0+255),w,b
  4081   002988  1192               	iorwf	(i1___lldiv@divisor+2)& (0+255),w,b
  4082   00298A  1193               	iorwf	(i1___lldiv@divisor+3)& (0+255),w,b
  4083   00298C  B4D8               	btfsc	status,2,c
  4084   00298E  EFCB  F014         	goto	i1u335_21
  4085   002992  EFCD  F014         	goto	i1u335_20
  4086   002996                     i1u335_21:
  4087   002996  EF03  F015         	goto	i1l376
  4088   00299A                     i1u335_20:
  4089   00299A                     
  4090                           ; BSR set to: 0
  4091   00299A  0E01               	movlw	1
  4092   00299C  6F98               	movwf	i1___lldiv@counter& (0+255),b
  4093   00299E  EFD7  F014         	goto	i1l3247
  4094   0029A2                     i1l3245:
  4095                           
  4096                           ; BSR set to: 0
  4097   0029A2  90D8               	bcf	status,0,c
  4098   0029A4  3790               	rlcf	i1___lldiv@divisor& (0+255),f,b
  4099   0029A6  3791               	rlcf	(i1___lldiv@divisor+1)& (0+255),f,b
  4100   0029A8  3792               	rlcf	(i1___lldiv@divisor+2)& (0+255),f,b
  4101   0029AA  3793               	rlcf	(i1___lldiv@divisor+3)& (0+255),f,b
  4102   0029AC  2B98               	incf	i1___lldiv@counter& (0+255),f,b
  4103   0029AE                     i1l3247:
  4104                           
  4105                           ; BSR set to: 0
  4106   0029AE  AF93               	btfss	(i1___lldiv@divisor+3)& (0+255),7,b
  4107   0029B0  EFDC  F014         	goto	i1u336_21
  4108   0029B4  EFDE  F014         	goto	i1u336_20
  4109   0029B8                     i1u336_21:
  4110   0029B8  EFD1  F014         	goto	i1l3245
  4111   0029BC                     i1u336_20:
  4112   0029BC                     i1l3249:
  4113                           
  4114                           ; BSR set to: 0
  4115   0029BC  90D8               	bcf	status,0,c
  4116   0029BE  3794               	rlcf	i1___lldiv@quotient& (0+255),f,b
  4117   0029C0  3795               	rlcf	(i1___lldiv@quotient+1)& (0+255),f,b
  4118   0029C2  3796               	rlcf	(i1___lldiv@quotient+2)& (0+255),f,b
  4119   0029C4  3797               	rlcf	(i1___lldiv@quotient+3)& (0+255),f,b
  4120   0029C6                     
  4121                           ; BSR set to: 0
  4122   0029C6  5190               	movf	i1___lldiv@divisor& (0+255),w,b
  4123   0029C8  5D8C               	subwf	i1___lldiv@dividend& (0+255),w,b
  4124   0029CA  5191               	movf	(i1___lldiv@divisor+1)& (0+255),w,b
  4125   0029CC  598D               	subwfb	(i1___lldiv@dividend+1)& (0+255),w,b
  4126   0029CE  5192               	movf	(i1___lldiv@divisor+2)& (0+255),w,b
  4127   0029D0  598E               	subwfb	(i1___lldiv@dividend+2)& (0+255),w,b
  4128   0029D2  5193               	movf	(i1___lldiv@divisor+3)& (0+255),w,b
  4129   0029D4  598F               	subwfb	(i1___lldiv@dividend+3)& (0+255),w,b
  4130   0029D6  A0D8               	btfss	status,0,c
  4131   0029D8  EFF0  F014         	goto	i1u337_21
  4132   0029DC  EFF2  F014         	goto	i1u337_20
  4133   0029E0                     i1u337_21:
  4134   0029E0  EFFB  F014         	goto	i1l3257
  4135   0029E4                     i1u337_20:
  4136   0029E4                     
  4137                           ; BSR set to: 0
  4138   0029E4  5190               	movf	i1___lldiv@divisor& (0+255),w,b
  4139   0029E6  5F8C               	subwf	i1___lldiv@dividend& (0+255),f,b
  4140   0029E8  5191               	movf	(i1___lldiv@divisor+1)& (0+255),w,b
  4141   0029EA  5B8D               	subwfb	(i1___lldiv@dividend+1)& (0+255),f,b
  4142   0029EC  5192               	movf	(i1___lldiv@divisor+2)& (0+255),w,b
  4143   0029EE  5B8E               	subwfb	(i1___lldiv@dividend+2)& (0+255),f,b
  4144   0029F0  5193               	movf	(i1___lldiv@divisor+3)& (0+255),w,b
  4145   0029F2  5B8F               	subwfb	(i1___lldiv@dividend+3)& (0+255),f,b
  4146   0029F4                     
  4147                           ; BSR set to: 0
  4148   0029F4  8194               	bsf	i1___lldiv@quotient& (0+255),0,b
  4149   0029F6                     i1l3257:
  4150                           
  4151                           ; BSR set to: 0
  4152   0029F6  90D8               	bcf	status,0,c
  4153   0029F8  3393               	rrcf	(i1___lldiv@divisor+3)& (0+255),f,b
  4154   0029FA  3392               	rrcf	(i1___lldiv@divisor+2)& (0+255),f,b
  4155   0029FC  3391               	rrcf	(i1___lldiv@divisor+1)& (0+255),f,b
  4156   0029FE  3390               	rrcf	i1___lldiv@divisor& (0+255),f,b
  4157   002A00                     
  4158                           ; BSR set to: 0
  4159   002A00  2F98               	decfsz	i1___lldiv@counter& (0+255),f,b
  4160   002A02  EFDE  F014         	goto	i1l3249
  4161   002A06                     i1l376:
  4162                           
  4163                           ; BSR set to: 0
  4164   002A06  C094  F08C         	movff	i1___lldiv@quotient,?i1___lldiv
  4165   002A0A  C095  F08D         	movff	i1___lldiv@quotient+1,?i1___lldiv+1
  4166   002A0E  C096  F08E         	movff	i1___lldiv@quotient+2,?i1___lldiv+2
  4167   002A12  C097  F08F         	movff	i1___lldiv@quotient+3,?i1___lldiv+3
  4168   002A16                     
  4169                           ; BSR set to: 0
  4170   002A16  0012               	return		;funcret
  4171   002A18                     __end_ofi1___lldiv:
  4172                           	callstack 0
  4173                           
  4174 ;; *************** function _abs *****************
  4175 ;; Defined at:
  4176 ;;		line 1 in file "C:\Program Files\Microchip\xc8\v3.00\pic\sources\c99\common\abs.c"
  4177 ;; Parameters:    Size  Location     Type
  4178 ;;  a               2    0[BANK0 ] int 
  4179 ;; Auto vars:     Size  Location     Type
  4180 ;;		None
  4181 ;; Return value:  Size  Location     Type
  4182 ;;                  2    0[BANK0 ] int 
  4183 ;; Registers used:
  4184 ;;		wreg, status,2, status,0
  4185 ;; Tracked objects:
  4186 ;;		On entry : 0/0
  4187 ;;		On exit  : 0/0
  4188 ;;		Unchanged: 0/0
  4189 ;; Data sizes:     COMRAM   BANK0   BANK1   BANK2   BANK3   BANK4   BANK5
  4190 ;;      Params:         0       2       0       0       0       0       0
  4191 ;;      Locals:         0       0       0       0       0       0       0
  4192 ;;      Temps:          0       2       0       0       0       0       0
  4193 ;;      Totals:         0       4       0       0       0       0       0
  4194 ;;Total ram usage:        4 bytes
  4195 ;; Hardware stack levels used: 1
  4196 ;; Hardware stack levels required when called: 5
  4197 ;; This function calls:
  4198 ;;		Nothing
  4199 ;; This function is called by:
  4200 ;;		_Lo_ISR
  4201 ;; This function uses a non-reentrant model
  4202 ;;
  4203                           
  4204                           	psect	text24
  4205   003156                     __ptext24:
  4206                           	callstack 0
  4207   003156                     _abs:
  4208                           	callstack 21
  4209   003156  0100               	movlb	0	; () banked
  4210   003158  BF81               	btfsc	(abs@a+1)& (0+255),7,b
  4211   00315A  EFB1  F018         	goto	i1u469_21
  4212   00315E  EFB3  F018         	goto	i1u469_20
  4213   003162                     i1u469_21:
  4214   003162  EFB9  F018         	goto	i1l1024
  4215   003166                     i1u469_20:
  4216   003166                     
  4217                           ; BSR set to: 0
  4218   003166  C080  F080         	movff	abs@a,?_abs
  4219   00316A  C081  F081         	movff	abs@a+1,?_abs+1
  4220   00316E  EFC5  F018         	goto	i1l1027
  4221   003172                     i1l1024:
  4222                           
  4223                           ; BSR set to: 0
  4224   003172  C080  F082         	movff	abs@a,??_abs
  4225   003176  C081  F083         	movff	abs@a+1,??_abs+1
  4226   00317A  1F82               	comf	??_abs& (0+255),f,b
  4227   00317C  1F83               	comf	(??_abs+1)& (0+255),f,b
  4228   00317E  4B82               	infsnz	??_abs& (0+255),f,b
  4229   003180  2B83               	incf	(??_abs+1)& (0+255),f,b
  4230   003182  C082  F080         	movff	??_abs,?_abs
  4231   003186  C083  F081         	movff	??_abs+1,?_abs+1
  4232   00318A                     i1l1027:
  4233                           
  4234                           ; BSR set to: 0
  4235   00318A  0012               	return		;funcret
  4236   00318C                     __end_of_abs:
  4237                           	callstack 0
  4238                           
  4239 ;; *************** function _Update *****************
  4240 ;; Defined at:
  4241 ;;		line 86 in file "setting_hardaware/uart.c"
  4242 ;; Parameters:    Size  Location     Type
  4243 ;;  num             2   14[BANK0 ] int 
  4244 ;; Auto vars:     Size  Location     Type
  4245 ;;  digit           1   16[BANK0 ] unsigned char 
  4246 ;; Return value:  Size  Location     Type
  4247 ;;                  1    wreg      void 
  4248 ;; Registers used:
  4249 ;;		wreg, status,2, status,0, cstack
  4250 ;; Tracked objects:
  4251 ;;		On entry : 0/0
  4252 ;;		On exit  : 0/0
  4253 ;;		Unchanged: 0/0
  4254 ;; Data sizes:     COMRAM   BANK0   BANK1   BANK2   BANK3   BANK4   BANK5
  4255 ;;      Params:         0       2       0       0       0       0       0
  4256 ;;      Locals:         0       1       0       0       0       0       0
  4257 ;;      Temps:          0       0       0       0       0       0       0
  4258 ;;      Totals:         0       3       0       0       0       0       0
  4259 ;;Total ram usage:        3 bytes
  4260 ;; Hardware stack levels used: 1
  4261 ;; Hardware stack levels required when called: 7
  4262 ;; This function calls:
  4263 ;;		_UART_DeleteLine
  4264 ;;		_UART_Write
  4265 ;;		___awdiv
  4266 ;;		___awmod
  4267 ;; This function is called by:
  4268 ;;		_Lo_ISR
  4269 ;; This function uses a non-reentrant model
  4270 ;;
  4271                           
  4272                           	psect	text25
  4273   002090                     __ptext25:
  4274                           	callstack 0
  4275   002090                     _Update:
  4276                           	callstack 19
  4277   002090                     
  4278                           ;setting_hardaware/uart.c: 87:     UART_DeleteLine(3);
  4279   002090  0E00               	movlw	0
  4280   002092  0100               	movlb	0	; () banked
  4281   002094  6F82               	movwf	(UART_DeleteLine@n+1)& (0+255),b
  4282   002096  0E03               	movlw	3
  4283   002098  6F81               	movwf	UART_DeleteLine@n& (0+255),b
  4284   00209A  ECEF  F017         	call	_UART_DeleteLine	;wreg free
  4285   00209E                     
  4286                           ;setting_hardaware/uart.c: 89:     if(num < 0){
  4287   00209E  0100               	movlb	0	; () banked
  4288   0020A0  BF8F               	btfsc	(Update@num+1)& (0+255),7,b
  4289   0020A2  EF57  F010         	goto	i1u470_20
  4290   0020A6  EF55  F010         	goto	i1u470_21
  4291   0020AA                     i1u470_21:
  4292   0020AA  EF5F  F010         	goto	i1l4045
  4293   0020AE                     i1u470_20:
  4294   0020AE                     
  4295                           ; BSR set to: 0
  4296                           ;setting_hardaware/uart.c: 90:         UART_Write('-');
  4297   0020AE  0E2D               	movlw	45
  4298   0020B0  EC85  F019         	call	_UART_Write
  4299   0020B4                     
  4300                           ;setting_hardaware/uart.c: 91:         num = num * -1;
  4301   0020B4  0100               	movlb	0	; () banked
  4302   0020B6  6D8E               	negf	Update@num& (0+255),b
  4303   0020B8  1F8F               	comf	(Update@num+1)& (0+255),f,b
  4304   0020BA  B0D8               	btfsc	status,0,c
  4305   0020BC  2B8F               	incf	(Update@num+1)& (0+255),f,b
  4306   0020BE                     i1l4045:
  4307                           
  4308                           ; BSR set to: 0
  4309                           ;setting_hardaware/uart.c: 94:     char digit;;setting_hardaware/uart.c: 95:     if(num 
      +                          > 10000){
  4310   0020BE  BF8F               	btfsc	(Update@num+1)& (0+255),7,b
  4311   0020C0  EF6B  F010         	goto	i1u471_21
  4312   0020C4  0E11               	movlw	17
  4313   0020C6  5D8E               	subwf	Update@num& (0+255),w,b
  4314   0020C8  0E27               	movlw	39
  4315   0020CA  598F               	subwfb	(Update@num+1)& (0+255),w,b
  4316   0020CC  A0D8               	btfss	status,0,c
  4317   0020CE  EF6B  F010         	goto	i1u471_21
  4318   0020D2  EF6D  F010         	goto	i1u471_20
  4319   0020D6                     i1u471_21:
  4320   0020D6  EF7E  F010         	goto	i1l4051
  4321   0020DA                     i1u471_20:
  4322   0020DA                     
  4323                           ; BSR set to: 0
  4324                           ;setting_hardaware/uart.c: 96:         digit = '0' + num / 10000;
  4325   0020DA  C08E  F086         	movff	Update@num,___awdiv@dividend
  4326   0020DE  C08F  F087         	movff	Update@num+1,___awdiv@dividend+1
  4327   0020E2  0E27               	movlw	39
  4328   0020E4  6F89               	movwf	(___awdiv@divisor+1)& (0+255),b
  4329   0020E6  0E10               	movlw	16
  4330   0020E8  6F88               	movwf	___awdiv@divisor& (0+255),b
  4331   0020EA  EC57  F013         	call	___awdiv	;wreg free
  4332   0020EE  0100               	movlb	0	; () banked
  4333   0020F0  5186               	movf	?___awdiv& (0+255),w,b
  4334   0020F2  0F30               	addlw	48
  4335   0020F4  6F90               	movwf	Update@digit& (0+255),b
  4336   0020F6                     
  4337                           ; BSR set to: 0
  4338                           ;setting_hardaware/uart.c: 97:         UART_Write(digit);
  4339   0020F6  5190               	movf	Update@digit& (0+255),w,b
  4340   0020F8  EC85  F019         	call	_UART_Write
  4341   0020FC                     i1l4051:
  4342                           
  4343                           ;setting_hardaware/uart.c: 99:     if(num > 1000){
  4344   0020FC  0100               	movlb	0	; () banked
  4345   0020FE  BF8F               	btfsc	(Update@num+1)& (0+255),7,b
  4346   002100  EF8B  F010         	goto	i1u472_21
  4347   002104  0EE9               	movlw	233
  4348   002106  5D8E               	subwf	Update@num& (0+255),w,b
  4349   002108  0E03               	movlw	3
  4350   00210A  598F               	subwfb	(Update@num+1)& (0+255),w,b
  4351   00210C  A0D8               	btfss	status,0,c
  4352   00210E  EF8B  F010         	goto	i1u472_21
  4353   002112  EF8D  F010         	goto	i1u472_20
  4354   002116                     i1u472_21:
  4355   002116  EFA9  F010         	goto	i1l4057
  4356   00211A                     i1u472_20:
  4357   00211A                     
  4358                           ; BSR set to: 0
  4359                           ;setting_hardaware/uart.c: 100:         digit = '0' + (num % 10000) / 1000;
  4360   00211A  0E27               	movlw	39
  4361   00211C  6F83               	movwf	(___awmod@divisor+1)& (0+255),b
  4362   00211E  0E10               	movlw	16
  4363   002120  6F82               	movwf	___awmod@divisor& (0+255),b
  4364   002122  C08E  F080         	movff	Update@num,___awmod@dividend
  4365   002126  C08F  F081         	movff	Update@num+1,___awmod@dividend+1
  4366   00212A  ECB9  F013         	call	___awmod	;wreg free
  4367   00212E  C080  F086         	movff	?___awmod,___awdiv@dividend
  4368   002132  C081  F087         	movff	?___awmod+1,___awdiv@dividend+1
  4369   002136  0E03               	movlw	3
  4370   002138  0100               	movlb	0	; () banked
  4371   00213A  6F89               	movwf	(___awdiv@divisor+1)& (0+255),b
  4372   00213C  0EE8               	movlw	232
  4373   00213E  6F88               	movwf	___awdiv@divisor& (0+255),b
  4374   002140  EC57  F013         	call	___awdiv	;wreg free
  4375   002144  0100               	movlb	0	; () banked
  4376   002146  5186               	movf	?___awdiv& (0+255),w,b
  4377   002148  0F30               	addlw	48
  4378   00214A  6F90               	movwf	Update@digit& (0+255),b
  4379   00214C                     
  4380                           ; BSR set to: 0
  4381                           ;setting_hardaware/uart.c: 101:         UART_Write(digit);
  4382   00214C  5190               	movf	Update@digit& (0+255),w,b
  4383   00214E  EC85  F019         	call	_UART_Write
  4384   002152                     i1l4057:
  4385                           
  4386                           ;setting_hardaware/uart.c: 103:     if(num > 100){
  4387   002152  0100               	movlb	0	; () banked
  4388   002154  BF8F               	btfsc	(Update@num+1)& (0+255),7,b
  4389   002156  EFB6  F010         	goto	i1u473_21
  4390   00215A  518F               	movf	(Update@num+1)& (0+255),w,b
  4391   00215C  E109               	bnz	i1u473_20
  4392   00215E  0E65               	movlw	101
  4393   002160  5D8E               	subwf	Update@num& (0+255),w,b
  4394   002162  A0D8               	btfss	status,0,c
  4395   002164  EFB6  F010         	goto	i1u473_21
  4396   002168  EFB8  F010         	goto	i1u473_20
  4397   00216C                     i1u473_21:
  4398   00216C  EFD4  F010         	goto	i1l4063
  4399   002170                     i1u473_20:
  4400   002170                     
  4401                           ; BSR set to: 0
  4402                           ;setting_hardaware/uart.c: 104:         digit = '0' + (num % 1000) / 100;
  4403   002170  0E03               	movlw	3
  4404   002172  6F83               	movwf	(___awmod@divisor+1)& (0+255),b
  4405   002174  0EE8               	movlw	232
  4406   002176  6F82               	movwf	___awmod@divisor& (0+255),b
  4407   002178  C08E  F080         	movff	Update@num,___awmod@dividend
  4408   00217C  C08F  F081         	movff	Update@num+1,___awmod@dividend+1
  4409   002180  ECB9  F013         	call	___awmod	;wreg free
  4410   002184  C080  F086         	movff	?___awmod,___awdiv@dividend
  4411   002188  C081  F087         	movff	?___awmod+1,___awdiv@dividend+1
  4412   00218C  0E00               	movlw	0
  4413   00218E  0100               	movlb	0	; () banked
  4414   002190  6F89               	movwf	(___awdiv@divisor+1)& (0+255),b
  4415   002192  0E64               	movlw	100
  4416   002194  6F88               	movwf	___awdiv@divisor& (0+255),b
  4417   002196  EC57  F013         	call	___awdiv	;wreg free
  4418   00219A  0100               	movlb	0	; () banked
  4419   00219C  5186               	movf	?___awdiv& (0+255),w,b
  4420   00219E  0F30               	addlw	48
  4421   0021A0  6F90               	movwf	Update@digit& (0+255),b
  4422   0021A2                     
  4423                           ; BSR set to: 0
  4424                           ;setting_hardaware/uart.c: 105:         UART_Write(digit);
  4425   0021A2  5190               	movf	Update@digit& (0+255),w,b
  4426   0021A4  EC85  F019         	call	_UART_Write
  4427   0021A8                     i1l4063:
  4428                           
  4429                           ;setting_hardaware/uart.c: 107:     if(num > 10){
  4430   0021A8  0100               	movlb	0	; () banked
  4431   0021AA  BF8F               	btfsc	(Update@num+1)& (0+255),7,b
  4432   0021AC  EFE1  F010         	goto	i1u474_21
  4433   0021B0  518F               	movf	(Update@num+1)& (0+255),w,b
  4434   0021B2  E109               	bnz	i1u474_20
  4435   0021B4  0E0B               	movlw	11
  4436   0021B6  5D8E               	subwf	Update@num& (0+255),w,b
  4437   0021B8  A0D8               	btfss	status,0,c
  4438   0021BA  EFE1  F010         	goto	i1u474_21
  4439   0021BE  EFE3  F010         	goto	i1u474_20
  4440   0021C2                     i1u474_21:
  4441   0021C2  EFFF  F010         	goto	i1l4069
  4442   0021C6                     i1u474_20:
  4443   0021C6                     
  4444                           ; BSR set to: 0
  4445                           ;setting_hardaware/uart.c: 108:         digit = '0' + (num % 100) / 10;
  4446   0021C6  0E00               	movlw	0
  4447   0021C8  6F83               	movwf	(___awmod@divisor+1)& (0+255),b
  4448   0021CA  0E64               	movlw	100
  4449   0021CC  6F82               	movwf	___awmod@divisor& (0+255),b
  4450   0021CE  C08E  F080         	movff	Update@num,___awmod@dividend
  4451   0021D2  C08F  F081         	movff	Update@num+1,___awmod@dividend+1
  4452   0021D6  ECB9  F013         	call	___awmod	;wreg free
  4453   0021DA  C080  F086         	movff	?___awmod,___awdiv@dividend
  4454   0021DE  C081  F087         	movff	?___awmod+1,___awdiv@dividend+1
  4455   0021E2  0E00               	movlw	0
  4456   0021E4  0100               	movlb	0	; () banked
  4457   0021E6  6F89               	movwf	(___awdiv@divisor+1)& (0+255),b
  4458   0021E8  0E0A               	movlw	10
  4459   0021EA  6F88               	movwf	___awdiv@divisor& (0+255),b
  4460   0021EC  EC57  F013         	call	___awdiv	;wreg free
  4461   0021F0  0100               	movlb	0	; () banked
  4462   0021F2  5186               	movf	?___awdiv& (0+255),w,b
  4463   0021F4  0F30               	addlw	48
  4464   0021F6  6F90               	movwf	Update@digit& (0+255),b
  4465   0021F8                     
  4466                           ; BSR set to: 0
  4467                           ;setting_hardaware/uart.c: 109:         UART_Write(digit);
  4468   0021F8  5190               	movf	Update@digit& (0+255),w,b
  4469   0021FA  EC85  F019         	call	_UART_Write
  4470   0021FE                     i1l4069:
  4471                           
  4472                           ;setting_hardaware/uart.c: 112:     digit = '0' + (num % 10);
  4473   0021FE  C08E  F080         	movff	Update@num,___awmod@dividend
  4474   002202  C08F  F081         	movff	Update@num+1,___awmod@dividend+1
  4475   002206  0E00               	movlw	0
  4476   002208  0100               	movlb	0	; () banked
  4477   00220A  6F83               	movwf	(___awmod@divisor+1)& (0+255),b
  4478   00220C  0E0A               	movlw	10
  4479   00220E  6F82               	movwf	___awmod@divisor& (0+255),b
  4480   002210  ECB9  F013         	call	___awmod	;wreg free
  4481   002214  0100               	movlb	0	; () banked
  4482   002216  5180               	movf	?___awmod& (0+255),w,b
  4483   002218  0F30               	addlw	48
  4484   00221A  6F90               	movwf	Update@digit& (0+255),b
  4485                           
  4486                           ;setting_hardaware/uart.c: 113:     UART_Write(digit);
  4487   00221C  5190               	movf	Update@digit& (0+255),w,b
  4488   00221E  EC85  F019         	call	_UART_Write
  4489   002222  0012               	return		;funcret
  4490   002224                     __end_of_Update:
  4491                           	callstack 0
  4492                           
  4493 ;; *************** function ___awmod *****************
  4494 ;; Defined at:
  4495 ;;		line 7 in file "C:\Program Files\Microchip\xc8\v3.00\pic\sources\c99\common\awmod.c"
  4496 ;; Parameters:    Size  Location     Type
  4497 ;;  dividend        2    0[BANK0 ] int 
  4498 ;;  divisor         2    2[BANK0 ] int 
  4499 ;; Auto vars:     Size  Location     Type
  4500 ;;  sign            1    5[BANK0 ] unsigned char 
  4501 ;;  counter         1    4[BANK0 ] unsigned char 
  4502 ;; Return value:  Size  Location     Type
  4503 ;;                  2    0[BANK0 ] int 
  4504 ;; Registers used:
  4505 ;;		wreg, status,2, status,0
  4506 ;; Tracked objects:
  4507 ;;		On entry : 0/0
  4508 ;;		On exit  : 0/0
  4509 ;;		Unchanged: 0/0
  4510 ;; Data sizes:     COMRAM   BANK0   BANK1   BANK2   BANK3   BANK4   BANK5
  4511 ;;      Params:         0       4       0       0       0       0       0
  4512 ;;      Locals:         0       2       0       0       0       0       0
  4513 ;;      Temps:          0       0       0       0       0       0       0
  4514 ;;      Totals:         0       6       0       0       0       0       0
  4515 ;;Total ram usage:        6 bytes
  4516 ;; Hardware stack levels used: 1
  4517 ;; Hardware stack levels required when called: 5
  4518 ;; This function calls:
  4519 ;;		Nothing
  4520 ;; This function is called by:
  4521 ;;		_Update
  4522 ;; This function uses a non-reentrant model
  4523 ;;
  4524                           
  4525                           	psect	text26
  4526   002772                     __ptext26:
  4527                           	callstack 0
  4528   002772                     ___awmod:
  4529                           	callstack 20
  4530   002772  0100               	movlb	0	; () banked
  4531   002774  6B85               	clrf	___awmod@sign& (0+255),b
  4532   002776                     
  4533                           ; BSR set to: 0
  4534   002776  BF81               	btfsc	(___awmod@dividend+1)& (0+255),7,b
  4535   002778  EFC2  F013         	goto	i1u447_20
  4536   00277C  EFC0  F013         	goto	i1u447_21
  4537   002780                     i1u447_21:
  4538   002780  EFC8  F013         	goto	i1l3869
  4539   002784                     i1u447_20:
  4540   002784                     
  4541                           ; BSR set to: 0
  4542   002784  6D80               	negf	___awmod@dividend& (0+255),b
  4543   002786  1F81               	comf	(___awmod@dividend+1)& (0+255),f,b
  4544   002788  B0D8               	btfsc	status,0,c
  4545   00278A  2B81               	incf	(___awmod@dividend+1)& (0+255),f,b
  4546   00278C                     
  4547                           ; BSR set to: 0
  4548   00278C  0E01               	movlw	1
  4549   00278E  6F85               	movwf	___awmod@sign& (0+255),b
  4550   002790                     i1l3869:
  4551                           
  4552                           ; BSR set to: 0
  4553   002790  BF83               	btfsc	(___awmod@divisor+1)& (0+255),7,b
  4554   002792  EFCF  F013         	goto	i1u448_20
  4555   002796  EFCD  F013         	goto	i1u448_21
  4556   00279A                     i1u448_21:
  4557   00279A  EFD3  F013         	goto	i1l3873
  4558   00279E                     i1u448_20:
  4559   00279E                     
  4560                           ; BSR set to: 0
  4561   00279E  6D82               	negf	___awmod@divisor& (0+255),b
  4562   0027A0  1F83               	comf	(___awmod@divisor+1)& (0+255),f,b
  4563   0027A2  B0D8               	btfsc	status,0,c
  4564   0027A4  2B83               	incf	(___awmod@divisor+1)& (0+255),f,b
  4565   0027A6                     i1l3873:
  4566                           
  4567                           ; BSR set to: 0
  4568   0027A6  5182               	movf	___awmod@divisor& (0+255),w,b
  4569   0027A8  1183               	iorwf	(___awmod@divisor+1)& (0+255),w,b
  4570   0027AA  B4D8               	btfsc	status,2,c
  4571   0027AC  EFDA  F013         	goto	i1u449_21
  4572   0027B0  EFDC  F013         	goto	i1u449_20
  4573   0027B4                     i1u449_21:
  4574   0027B4  EF00  F014         	goto	i1l3889
  4575   0027B8                     i1u449_20:
  4576   0027B8                     
  4577                           ; BSR set to: 0
  4578   0027B8  0E01               	movlw	1
  4579   0027BA  6F84               	movwf	___awmod@counter& (0+255),b
  4580   0027BC  EFE4  F013         	goto	i1l3879
  4581   0027C0                     i1l3877:
  4582                           
  4583                           ; BSR set to: 0
  4584   0027C0  90D8               	bcf	status,0,c
  4585   0027C2  3782               	rlcf	___awmod@divisor& (0+255),f,b
  4586   0027C4  3783               	rlcf	(___awmod@divisor+1)& (0+255),f,b
  4587   0027C6  2B84               	incf	___awmod@counter& (0+255),f,b
  4588   0027C8                     i1l3879:
  4589                           
  4590                           ; BSR set to: 0
  4591   0027C8  AF83               	btfss	(___awmod@divisor+1)& (0+255),7,b
  4592   0027CA  EFE9  F013         	goto	i1u450_21
  4593   0027CE  EFEB  F013         	goto	i1u450_20
  4594   0027D2                     i1u450_21:
  4595   0027D2  EFE0  F013         	goto	i1l3877
  4596   0027D6                     i1u450_20:
  4597   0027D6                     i1l3881:
  4598                           
  4599                           ; BSR set to: 0
  4600   0027D6  5182               	movf	___awmod@divisor& (0+255),w,b
  4601   0027D8  5D80               	subwf	___awmod@dividend& (0+255),w,b
  4602   0027DA  5183               	movf	(___awmod@divisor+1)& (0+255),w,b
  4603   0027DC  5981               	subwfb	(___awmod@dividend+1)& (0+255),w,b
  4604   0027DE  A0D8               	btfss	status,0,c
  4605   0027E0  EFF4  F013         	goto	i1u451_21
  4606   0027E4  EFF6  F013         	goto	i1u451_20
  4607   0027E8                     i1u451_21:
  4608   0027E8  EFFA  F013         	goto	i1l3885
  4609   0027EC                     i1u451_20:
  4610   0027EC                     
  4611                           ; BSR set to: 0
  4612   0027EC  5182               	movf	___awmod@divisor& (0+255),w,b
  4613   0027EE  5F80               	subwf	___awmod@dividend& (0+255),f,b
  4614   0027F0  5183               	movf	(___awmod@divisor+1)& (0+255),w,b
  4615   0027F2  5B81               	subwfb	(___awmod@dividend+1)& (0+255),f,b
  4616   0027F4                     i1l3885:
  4617                           
  4618                           ; BSR set to: 0
  4619   0027F4  90D8               	bcf	status,0,c
  4620   0027F6  3383               	rrcf	(___awmod@divisor+1)& (0+255),f,b
  4621   0027F8  3382               	rrcf	___awmod@divisor& (0+255),f,b
  4622   0027FA                     
  4623                           ; BSR set to: 0
  4624   0027FA  2F84               	decfsz	___awmod@counter& (0+255),f,b
  4625   0027FC  EFEB  F013         	goto	i1l3881
  4626   002800                     i1l3889:
  4627                           
  4628                           ; BSR set to: 0
  4629   002800  5185               	movf	___awmod@sign& (0+255),w,b
  4630   002802  B4D8               	btfsc	status,2,c
  4631   002804  EF06  F014         	goto	i1u452_21
  4632   002808  EF08  F014         	goto	i1u452_20
  4633   00280C                     i1u452_21:
  4634   00280C  EF0C  F014         	goto	i1l3893
  4635   002810                     i1u452_20:
  4636   002810                     
  4637                           ; BSR set to: 0
  4638   002810  6D80               	negf	___awmod@dividend& (0+255),b
  4639   002812  1F81               	comf	(___awmod@dividend+1)& (0+255),f,b
  4640   002814  B0D8               	btfsc	status,0,c
  4641   002816  2B81               	incf	(___awmod@dividend+1)& (0+255),f,b
  4642   002818                     i1l3893:
  4643                           
  4644                           ; BSR set to: 0
  4645   002818  C080  F080         	movff	___awmod@dividend,?___awmod
  4646   00281C  C081  F081         	movff	___awmod@dividend+1,?___awmod+1
  4647   002820                     
  4648                           ; BSR set to: 0
  4649   002820  0012               	return		;funcret
  4650   002822                     __end_of___awmod:
  4651                           	callstack 0
  4652                           
  4653 ;; *************** function ___awdiv *****************
  4654 ;; Defined at:
  4655 ;;		line 7 in file "C:\Program Files\Microchip\xc8\v3.00\pic\sources\c99\common\awdiv.c"
  4656 ;; Parameters:    Size  Location     Type
  4657 ;;  dividend        2    6[BANK0 ] int 
  4658 ;;  divisor         2    8[BANK0 ] int 
  4659 ;; Auto vars:     Size  Location     Type
  4660 ;;  quotient        2   12[BANK0 ] int 
  4661 ;;  sign            1   11[BANK0 ] unsigned char 
  4662 ;;  counter         1   10[BANK0 ] unsigned char 
  4663 ;; Return value:  Size  Location     Type
  4664 ;;                  2    6[BANK0 ] int 
  4665 ;; Registers used:
  4666 ;;		wreg, status,2, status,0
  4667 ;; Tracked objects:
  4668 ;;		On entry : 0/0
  4669 ;;		On exit  : 0/0
  4670 ;;		Unchanged: 0/0
  4671 ;; Data sizes:     COMRAM   BANK0   BANK1   BANK2   BANK3   BANK4   BANK5
  4672 ;;      Params:         0       4       0       0       0       0       0
  4673 ;;      Locals:         0       4       0       0       0       0       0
  4674 ;;      Temps:          0       0       0       0       0       0       0
  4675 ;;      Totals:         0       8       0       0       0       0       0
  4676 ;;Total ram usage:        8 bytes
  4677 ;; Hardware stack levels used: 1
  4678 ;; Hardware stack levels required when called: 5
  4679 ;; This function calls:
  4680 ;;		Nothing
  4681 ;; This function is called by:
  4682 ;;		_Update
  4683 ;; This function uses a non-reentrant model
  4684 ;;
  4685                           
  4686                           	psect	text27
  4687   0026AE                     __ptext27:
  4688                           	callstack 0
  4689   0026AE                     ___awdiv:
  4690                           	callstack 20
  4691   0026AE  0100               	movlb	0	; () banked
  4692   0026B0  6B8B               	clrf	___awdiv@sign& (0+255),b
  4693   0026B2                     
  4694                           ; BSR set to: 0
  4695   0026B2  BF89               	btfsc	(___awdiv@divisor+1)& (0+255),7,b
  4696   0026B4  EF60  F013         	goto	i1u441_20
  4697   0026B8  EF5E  F013         	goto	i1u441_21
  4698   0026BC                     i1u441_21:
  4699   0026BC  EF66  F013         	goto	i1l3825
  4700   0026C0                     i1u441_20:
  4701   0026C0                     
  4702                           ; BSR set to: 0
  4703   0026C0  6D88               	negf	___awdiv@divisor& (0+255),b
  4704   0026C2  1F89               	comf	(___awdiv@divisor+1)& (0+255),f,b
  4705   0026C4  B0D8               	btfsc	status,0,c
  4706   0026C6  2B89               	incf	(___awdiv@divisor+1)& (0+255),f,b
  4707   0026C8                     
  4708                           ; BSR set to: 0
  4709   0026C8  0E01               	movlw	1
  4710   0026CA  6F8B               	movwf	___awdiv@sign& (0+255),b
  4711   0026CC                     i1l3825:
  4712                           
  4713                           ; BSR set to: 0
  4714   0026CC  BF87               	btfsc	(___awdiv@dividend+1)& (0+255),7,b
  4715   0026CE  EF6D  F013         	goto	i1u442_20
  4716   0026D2  EF6B  F013         	goto	i1u442_21
  4717   0026D6                     i1u442_21:
  4718   0026D6  EF73  F013         	goto	i1l3831
  4719   0026DA                     i1u442_20:
  4720   0026DA                     
  4721                           ; BSR set to: 0
  4722   0026DA  6D86               	negf	___awdiv@dividend& (0+255),b
  4723   0026DC  1F87               	comf	(___awdiv@dividend+1)& (0+255),f,b
  4724   0026DE  B0D8               	btfsc	status,0,c
  4725   0026E0  2B87               	incf	(___awdiv@dividend+1)& (0+255),f,b
  4726   0026E2                     
  4727                           ; BSR set to: 0
  4728   0026E2  0E01               	movlw	1
  4729   0026E4  1B8B               	xorwf	___awdiv@sign& (0+255),f,b
  4730   0026E6                     i1l3831:
  4731                           
  4732                           ; BSR set to: 0
  4733   0026E6  0E00               	movlw	0
  4734   0026E8  6F8D               	movwf	(___awdiv@quotient+1)& (0+255),b
  4735   0026EA  0E00               	movlw	0
  4736   0026EC  6F8C               	movwf	___awdiv@quotient& (0+255),b
  4737   0026EE                     
  4738                           ; BSR set to: 0
  4739   0026EE  5188               	movf	___awdiv@divisor& (0+255),w,b
  4740   0026F0  1189               	iorwf	(___awdiv@divisor+1)& (0+255),w,b
  4741   0026F2  B4D8               	btfsc	status,2,c
  4742   0026F4  EF7E  F013         	goto	i1u443_21
  4743   0026F8  EF80  F013         	goto	i1u443_20
  4744   0026FC                     i1u443_21:
  4745   0026FC  EFA8  F013         	goto	i1l3853
  4746   002700                     i1u443_20:
  4747   002700                     
  4748                           ; BSR set to: 0
  4749   002700  0E01               	movlw	1
  4750   002702  6F8A               	movwf	___awdiv@counter& (0+255),b
  4751   002704  EF88  F013         	goto	i1l3839
  4752   002708                     i1l3837:
  4753                           
  4754                           ; BSR set to: 0
  4755   002708  90D8               	bcf	status,0,c
  4756   00270A  3788               	rlcf	___awdiv@divisor& (0+255),f,b
  4757   00270C  3789               	rlcf	(___awdiv@divisor+1)& (0+255),f,b
  4758   00270E  2B8A               	incf	___awdiv@counter& (0+255),f,b
  4759   002710                     i1l3839:
  4760                           
  4761                           ; BSR set to: 0
  4762   002710  AF89               	btfss	(___awdiv@divisor+1)& (0+255),7,b
  4763   002712  EF8D  F013         	goto	i1u444_21
  4764   002716  EF8F  F013         	goto	i1u444_20
  4765   00271A                     i1u444_21:
  4766   00271A  EF84  F013         	goto	i1l3837
  4767   00271E                     i1u444_20:
  4768   00271E                     i1l3841:
  4769                           
  4770                           ; BSR set to: 0
  4771   00271E  90D8               	bcf	status,0,c
  4772   002720  378C               	rlcf	___awdiv@quotient& (0+255),f,b
  4773   002722  378D               	rlcf	(___awdiv@quotient+1)& (0+255),f,b
  4774   002724                     
  4775                           ; BSR set to: 0
  4776   002724  5188               	movf	___awdiv@divisor& (0+255),w,b
  4777   002726  5D86               	subwf	___awdiv@dividend& (0+255),w,b
  4778   002728  5189               	movf	(___awdiv@divisor+1)& (0+255),w,b
  4779   00272A  5987               	subwfb	(___awdiv@dividend+1)& (0+255),w,b
  4780   00272C  A0D8               	btfss	status,0,c
  4781   00272E  EF9B  F013         	goto	i1u445_21
  4782   002732  EF9D  F013         	goto	i1u445_20
  4783   002736                     i1u445_21:
  4784   002736  EFA2  F013         	goto	i1l3849
  4785   00273A                     i1u445_20:
  4786   00273A                     
  4787                           ; BSR set to: 0
  4788   00273A  5188               	movf	___awdiv@divisor& (0+255),w,b
  4789   00273C  5F86               	subwf	___awdiv@dividend& (0+255),f,b
  4790   00273E  5189               	movf	(___awdiv@divisor+1)& (0+255),w,b
  4791   002740  5B87               	subwfb	(___awdiv@dividend+1)& (0+255),f,b
  4792   002742                     
  4793                           ; BSR set to: 0
  4794   002742  818C               	bsf	___awdiv@quotient& (0+255),0,b
  4795   002744                     i1l3849:
  4796                           
  4797                           ; BSR set to: 0
  4798   002744  90D8               	bcf	status,0,c
  4799   002746  3389               	rrcf	(___awdiv@divisor+1)& (0+255),f,b
  4800   002748  3388               	rrcf	___awdiv@divisor& (0+255),f,b
  4801   00274A                     
  4802                           ; BSR set to: 0
  4803   00274A  2F8A               	decfsz	___awdiv@counter& (0+255),f,b
  4804   00274C  EF8F  F013         	goto	i1l3841
  4805   002750                     i1l3853:
  4806                           
  4807                           ; BSR set to: 0
  4808   002750  518B               	movf	___awdiv@sign& (0+255),w,b
  4809   002752  B4D8               	btfsc	status,2,c
  4810   002754  EFAE  F013         	goto	i1u446_21
  4811   002758  EFB0  F013         	goto	i1u446_20
  4812   00275C                     i1u446_21:
  4813   00275C  EFB4  F013         	goto	i1l3857
  4814   002760                     i1u446_20:
  4815   002760                     
  4816                           ; BSR set to: 0
  4817   002760  6D8C               	negf	___awdiv@quotient& (0+255),b
  4818   002762  1F8D               	comf	(___awdiv@quotient+1)& (0+255),f,b
  4819   002764  B0D8               	btfsc	status,0,c
  4820   002766  2B8D               	incf	(___awdiv@quotient+1)& (0+255),f,b
  4821   002768                     i1l3857:
  4822                           
  4823                           ; BSR set to: 0
  4824   002768  C08C  F086         	movff	___awdiv@quotient,?___awdiv
  4825   00276C  C08D  F087         	movff	___awdiv@quotient+1,?___awdiv+1
  4826   002770                     
  4827                           ; BSR set to: 0
  4828   002770  0012               	return		;funcret
  4829   002772                     __end_of___awdiv:
  4830                           	callstack 0
  4831                           
  4832 ;; *************** function _UART_DeleteLine *****************
  4833 ;; Defined at:
  4834 ;;		line 72 in file "setting_hardaware/uart.c"
  4835 ;; Parameters:    Size  Location     Type
  4836 ;;  n               2    1[BANK0 ] int 
  4837 ;; Auto vars:     Size  Location     Type
  4838 ;;  i               2    4[BANK0 ] int 
  4839 ;; Return value:  Size  Location     Type
  4840 ;;                  1    wreg      void 
  4841 ;; Registers used:
  4842 ;;		wreg, status,2, status,0, cstack
  4843 ;; Tracked objects:
  4844 ;;		On entry : 0/0
  4845 ;;		On exit  : 0/0
  4846 ;;		Unchanged: 0/0
  4847 ;; Data sizes:     COMRAM   BANK0   BANK1   BANK2   BANK3   BANK4   BANK5
  4848 ;;      Params:         0       2       0       0       0       0       0
  4849 ;;      Locals:         0       2       0       0       0       0       0
  4850 ;;      Temps:          0       1       0       0       0       0       0
  4851 ;;      Totals:         0       5       0       0       0       0       0
  4852 ;;Total ram usage:        5 bytes
  4853 ;; Hardware stack levels used: 1
  4854 ;; Hardware stack levels required when called: 6
  4855 ;; This function calls:
  4856 ;;		_UART_Write
  4857 ;; This function is called by:
  4858 ;;		_Update
  4859 ;; This function uses a non-reentrant model
  4860 ;;
  4861                           
  4862                           	psect	text28
  4863   002FDE                     __ptext28:
  4864                           	callstack 0
  4865   002FDE                     _UART_DeleteLine:
  4866                           	callstack 19
  4867   002FDE                     
  4868                           ;setting_hardaware/uart.c: 73:     UART_Write('\r');
  4869   002FDE  0E0D               	movlw	13
  4870   002FE0  EC85  F019         	call	_UART_Write
  4871   002FE4                     
  4872                           ;setting_hardaware/uart.c: 74:     for(int i = 0; i < n; i++)
  4873   002FE4  0E00               	movlw	0
  4874   002FE6  0100               	movlb	0	; () banked
  4875   002FE8  6F85               	movwf	(UART_DeleteLine@i+1)& (0+255),b
  4876   002FEA  0E00               	movlw	0
  4877   002FEC  6F84               	movwf	UART_DeleteLine@i& (0+255),b
  4878   002FEE  EFFF  F017         	goto	i1l3375
  4879   002FF2                     i1l3371:
  4880                           
  4881                           ; BSR set to: 0
  4882                           ;setting_hardaware/uart.c: 75:     {;setting_hardaware/uart.c: 76:         UART_Write(' 
      +                          ');
  4883   002FF2  0E20               	movlw	32
  4884   002FF4  EC85  F019         	call	_UART_Write
  4885   002FF8                     
  4886                           ;setting_hardaware/uart.c: 77:     }
  4887   002FF8  0100               	movlb	0	; () banked
  4888   002FFA  4B84               	infsnz	UART_DeleteLine@i& (0+255),f,b
  4889   002FFC  2B85               	incf	(UART_DeleteLine@i+1)& (0+255),f,b
  4890   002FFE                     i1l3375:
  4891                           
  4892                           ; BSR set to: 0
  4893   002FFE  5181               	movf	UART_DeleteLine@n& (0+255),w,b
  4894   003000  5D84               	subwf	UART_DeleteLine@i& (0+255),w,b
  4895   003002  5185               	movf	(UART_DeleteLine@i+1)& (0+255),w,b
  4896   003004  0A80               	xorlw	128
  4897   003006  6F83               	movwf	??_UART_DeleteLine& (0+255),b
  4898   003008  5182               	movf	(UART_DeleteLine@n+1)& (0+255),w,b
  4899   00300A  0A80               	xorlw	128
  4900   00300C  5983               	subwfb	??_UART_DeleteLine& (0+255),w,b
  4901   00300E  A0D8               	btfss	status,0,c
  4902   003010  EF0C  F018         	goto	i1u342_21
  4903   003014  EF0E  F018         	goto	i1u342_20
  4904   003018                     i1u342_21:
  4905   003018  EFF9  F017         	goto	i1l3371
  4906   00301C                     i1u342_20:
  4907   00301C                     
  4908                           ; BSR set to: 0
  4909                           ;setting_hardaware/uart.c: 78:     UART_Write('\r');
  4910   00301C  0E0D               	movlw	13
  4911   00301E  EC85  F019         	call	_UART_Write
  4912   003022  0012               	return		;funcret
  4913   003024                     __end_of_UART_DeleteLine:
  4914                           	callstack 0
  4915                           
  4916 ;; *************** function _UART_Write *****************
  4917 ;; Defined at:
  4918 ;;		line 56 in file "setting_hardaware/uart.c"
  4919 ;; Parameters:    Size  Location     Type
  4920 ;;  data            1    wreg     unsigned char 
  4921 ;; Auto vars:     Size  Location     Type
  4922 ;;  data            1    0[BANK0 ] unsigned char 
  4923 ;; Return value:  Size  Location     Type
  4924 ;;                  1    wreg      void 
  4925 ;; Registers used:
  4926 ;;		wreg
  4927 ;; Tracked objects:
  4928 ;;		On entry : 0/0
  4929 ;;		On exit  : 0/0
  4930 ;;		Unchanged: 0/0
  4931 ;; Data sizes:     COMRAM   BANK0   BANK1   BANK2   BANK3   BANK4   BANK5
  4932 ;;      Params:         0       0       0       0       0       0       0
  4933 ;;      Locals:         0       1       0       0       0       0       0
  4934 ;;      Temps:          0       0       0       0       0       0       0
  4935 ;;      Totals:         0       1       0       0       0       0       0
  4936 ;;Total ram usage:        1 bytes
  4937 ;; Hardware stack levels used: 1
  4938 ;; Hardware stack levels required when called: 5
  4939 ;; This function calls:
  4940 ;;		Nothing
  4941 ;; This function is called by:
  4942 ;;		_UART_DeleteLine
  4943 ;;		_Update
  4944 ;;		_UART_PrintHex
  4945 ;;		_UART_DeleteN
  4946 ;; This function uses a non-reentrant model
  4947 ;;
  4948                           
  4949                           	psect	text29
  4950   00330A                     __ptext29:
  4951                           	callstack 0
  4952   00330A                     _UART_Write:
  4953                           	callstack 20
  4954                           
  4955                           ;incstack = 0
  4956                           ;UART_Write@data stored from wreg
  4957   00330A  0100               	movlb	0	; () banked
  4958   00330C  6F80               	movwf	UART_Write@data& (0+255),b
  4959   00330E                     i1l290:
  4960   00330E  A2AC               	btfss	172,1,c	;volatile
  4961   003310  EF8C  F019         	goto	i1u256_21
  4962   003314  EF8E  F019         	goto	i1u256_20
  4963   003318                     i1u256_21:
  4964   003318  EF87  F019         	goto	i1l290
  4965   00331C                     i1u256_20:
  4966   00331C                     
  4967                           ;setting_hardaware/uart.c: 59:     TXREG = data;
  4968   00331C  C080  FFAD         	movff	UART_Write@data,4013	;volatile
  4969   003320  0012               	return		;funcret
  4970   003322                     __end_of_UART_Write:
  4971                           	callstack 0
  4972                           
  4973 ;; *************** function _Hi_ISR *****************
  4974 ;; Defined at:
  4975 ;;		line 214 in file "main.c"
  4976 ;; Parameters:    Size  Location     Type
  4977 ;;		None
  4978 ;; Auto vars:     Size  Location     Type
  4979 ;;		None
  4980 ;; Return value:  Size  Location     Type
  4981 ;;                  1    wreg      void 
  4982 ;; Registers used:
  4983 ;;		wreg, fsr2l, fsr2h, status,2, status,0, tblptrl, tblptrh, tblptru, prodl, prodh, cstack
  4984 ;; Tracked objects:
  4985 ;;		On entry : 0/0
  4986 ;;		On exit  : 0/0
  4987 ;;		Unchanged: 0/0
  4988 ;; Data sizes:     COMRAM   BANK0   BANK1   BANK2   BANK3   BANK4   BANK5
  4989 ;;      Params:         0       0       0       0       0       0       0
  4990 ;;      Locals:         0       0       0       0       0       0       0
  4991 ;;      Temps:          8       0       0       0       0       0       0
  4992 ;;      Totals:         8       0       0       0       0       0       0
  4993 ;;Total ram usage:        8 bytes
  4994 ;; Hardware stack levels used: 1
  4995 ;; Hardware stack levels required when called: 4
  4996 ;; This function calls:
  4997 ;;		_MyusartRead
  4998 ;; This function is called by:
  4999 ;;		Interrupt level 2
  5000 ;; This function uses a non-reentrant model
  5001 ;;
  5002                           
  5003                           	psect	intcode
  5004   000008                     __pintcode:
  5005                           	callstack 0
  5006   000008                     _Hi_ISR:
  5007                           	callstack 19
  5008                           
  5009                           ;incstack = 0
  5010   000008  8278               	bsf	int$flags,1,c	;set compiler interrupt flag (level 2)
  5011   00000A  ED5E  F015         	call	int_func,f	;refresh shadow registers
  5012                           
  5013                           	psect	intcode_body
  5014   002ABC                     __pintcode_body:
  5015                           	callstack 19
  5016   002ABC                     int_func:
  5017                           	callstack 19
  5018   002ABC  0006               	pop		; remove dummy address from shadow register refresh
  5019   002ABE  CFD9 F040          	movff	fsr2l,??_Hi_ISR
  5020   002AC2  CFDA F041          	movff	fsr2h,??_Hi_ISR+1
  5021   002AC6  CFF3 F042          	movff	prodl,??_Hi_ISR+2
  5022   002ACA  CFF4 F043          	movff	prodh,??_Hi_ISR+3
  5023   002ACE  CFF6 F044          	movff	tblptrl,??_Hi_ISR+4
  5024   002AD2  CFF7 F045          	movff	tblptrh,??_Hi_ISR+5
  5025   002AD6  CFF8 F046          	movff	tblptru,??_Hi_ISR+6
  5026   002ADA  CFF5 F047          	movff	tablat,??_Hi_ISR+7
  5027   002ADE                     
  5028                           ;main.c: 217:     if (INTCONbits.INT0IF)
  5029   002ADE  A2F2               	btfss	242,1,c	;volatile
  5030   002AE0  EF74  F015         	goto	i2u495_41
  5031   002AE4  EF76  F015         	goto	i2u495_40
  5032   002AE8                     i2u495_41:
  5033   002AE8  EF77  F015         	goto	i2l94
  5034   002AEC                     i2u495_40:
  5035   002AEC                     
  5036                           ;main.c: 218:     {;main.c: 219:         INTCONbits.INT0IF = 0;
  5037   002AEC  92F2               	bcf	242,1,c	;volatile
  5038   002AEE                     i2l94:
  5039                           
  5040                           ;main.c: 282:     if(PIR1bits.RCIF)
  5041   002AEE  AA9E               	btfss	158,5,c	;volatile
  5042   002AF0  EF7C  F015         	goto	i2u496_41
  5043   002AF4  EF7E  F015         	goto	i2u496_40
  5044   002AF8                     i2u496_41:
  5045   002AF8  EF8D  F015         	goto	i2l97
  5046   002AFC                     i2u496_40:
  5047   002AFC                     
  5048                           ;main.c: 283:     {;main.c: 284:         PIR1bits.RCIF = 0;
  5049   002AFC  9A9E               	bcf	158,5,c	;volatile
  5050                           
  5051                           ;main.c: 286:         if(RCSTAbits.OERR)
  5052   002AFE  A2AB               	btfss	171,1,c	;volatile
  5053   002B00  EF84  F015         	goto	i2u497_41
  5054   002B04  EF86  F015         	goto	i2u497_40
  5055   002B08                     i2u497_41:
  5056   002B08  EF89  F015         	goto	i2l4215
  5057   002B0C                     i2u497_40:
  5058   002B0C                     
  5059                           ;main.c: 287:         {;main.c: 288:             CREN = 0;
  5060   002B0C  98AB               	bcf	4011,4,c	;volatile
  5061                           
  5062                           ;main.c: 289:             __nop();
  5063   002B0E  0000               	nop	
  5064                           
  5065                           ;main.c: 290:             CREN = 1;
  5066   002B10  88AB               	bsf	4011,4,c	;volatile
  5067   002B12                     i2l4215:
  5068                           
  5069                           ;main.c: 292:         LATD = 1 << 4;
  5070   002B12  0E10               	movlw	16
  5071   002B14  6E8C               	movwf	140,c	;volatile
  5072   002B16                     
  5073                           ;main.c: 293:         MyusartRead();
  5074   002B16  EC87  F00E         	call	_MyusartRead	;wreg free
  5075   002B1A                     i2l97:
  5076   002B1A  C047  FFF5         	movff	??_Hi_ISR+7,tablat
  5077   002B1E  C046  FFF8         	movff	??_Hi_ISR+6,tblptru
  5078   002B22  C045  FFF7         	movff	??_Hi_ISR+5,tblptrh
  5079   002B26  C044  FFF6         	movff	??_Hi_ISR+4,tblptrl
  5080   002B2A  C043  FFF4         	movff	??_Hi_ISR+3,prodh
  5081   002B2E  C042  FFF3         	movff	??_Hi_ISR+2,prodl
  5082   002B32  C041  FFDA         	movff	??_Hi_ISR+1,fsr2h
  5083   002B36  C040  FFD9         	movff	??_Hi_ISR,fsr2l
  5084   002B3A  9278               	bcf	int$flags,1,c	;clear compiler interrupt flag (level 2)
  5085   002B3C  0011               	retfie		f
  5086   002B3E                     __end_of_Hi_ISR:
  5087                           	callstack 0
  5088                           
  5089 ;; *************** function _MyusartRead *****************
  5090 ;; Defined at:
  5091 ;;		line 122 in file "setting_hardaware/uart.c"
  5092 ;; Parameters:    Size  Location     Type
  5093 ;;		None
  5094 ;; Auto vars:     Size  Location     Type
  5095 ;;  num             2   60[COMRAM] int 
  5096 ;;  len             2    0        int 
  5097 ;;  c               1   62[COMRAM] unsigned char 
  5098 ;; Return value:  Size  Location     Type
  5099 ;;                  1    wreg      void 
  5100 ;; Registers used:
  5101 ;;		wreg, fsr2l, fsr2h, status,2, status,0, tblptrl, tblptrh, tblptru, prodl, prodh, cstack
  5102 ;; Tracked objects:
  5103 ;;		On entry : 0/0
  5104 ;;		On exit  : 0/0
  5105 ;;		Unchanged: 0/0
  5106 ;; Data sizes:     COMRAM   BANK0   BANK1   BANK2   BANK3   BANK4   BANK5
  5107 ;;      Params:         0       0       0       0       0       0       0
  5108 ;;      Locals:         3       0       0       0       0       0       0
  5109 ;;      Temps:          0       0       0       0       0       0       0
  5110 ;;      Totals:         3       0       0       0       0       0       0
  5111 ;;Total ram usage:        3 bytes
  5112 ;; Hardware stack levels used: 1
  5113 ;; Hardware stack levels required when called: 3
  5114 ;; This function calls:
  5115 ;;		_ClearBuffer
  5116 ;;		_UART_Write_Text
  5117 ;;		___fltol
  5118 ;;		_strcmp
  5119 ;;		_strlen
  5120 ;;		_strtof
  5121 ;;		i2_UART_Write
  5122 ;;		i2_set_servo_angle
  5123 ;; This function is called by:
  5124 ;;		_Hi_ISR
  5125 ;; This function uses a non-reentrant model
  5126 ;;
  5127                           
  5128                           	psect	text31
  5129   001D0E                     __ptext31:
  5130                           	callstack 0
  5131   001D0E                     _MyusartRead:
  5132                           	callstack 19
  5133   001D0E                     
  5134                           ;setting_hardaware/uart.c: 124:     char c = RCREG;
  5135   001D0E  CFAE F03F          	movff	4014,MyusartRead@c	;volatile
  5136   001D12                     
  5137                           ;setting_hardaware/uart.c: 125:     UART_Write(c);
  5138   001D12  503F               	movf	MyusartRead@c^0,w,c
  5139   001D14  EC9C  F019         	call	i2_UART_Write
  5140   001D18                     
  5141                           ;setting_hardaware/uart.c: 127:     if (c == '\r') {
  5142   001D18  0E0D               	movlw	13
  5143   001D1A  183F               	xorwf	MyusartRead@c^0,w,c
  5144   001D1C  A4D8               	btfss	status,2,c
  5145   001D1E  EF93  F00E         	goto	i2u475_41
  5146   001D22  EF95  F00E         	goto	i2u475_40
  5147   001D26                     i2u475_41:
  5148   001D26  EF42  F00F         	goto	i2l4119
  5149   001D2A                     i2u475_40:
  5150   001D2A                     
  5151                           ;setting_hardaware/uart.c: 128:         UART_Write('\n');
  5152   001D2A  0E0A               	movlw	10
  5153   001D2C  EC9C  F019         	call	i2_UART_Write
  5154   001D30  0E5A               	movlw	low _mystring
  5155   001D32  6E01               	movwf	strlen@s^0,c
  5156   001D34  ECF6  F018         	call	_strlen	;wreg free
  5157   001D38                     
  5158                           ;setting_hardaware/uart.c: 136:         if(state == 0){
  5159   001D38  0100               	movlb	0	; () banked
  5160   001D3A  51C9               	movf	_state& (0+255),w,b
  5161   001D3C  11CA               	iorwf	(_state+1)& (0+255),w,b
  5162   001D3E  A4D8               	btfss	status,2,c
  5163   001D40  EFA4  F00E         	goto	i2u476_41
  5164   001D44  EFA6  F00E         	goto	i2u476_40
  5165   001D48                     i2u476_41:
  5166   001D48  EFD2  F00E         	goto	i2l4091
  5167   001D4C                     i2u476_40:
  5168   001D4C                     
  5169                           ; BSR set to: 0
  5170                           ;setting_hardaware/uart.c: 137:             if(strcmp(mystring,"m1") == 0) state = 4;
  5171   001D4C  0E5A               	movlw	low _mystring
  5172   001D4E  6E01               	movwf	strcmp@l^0,c
  5173   001D50  0E36               	movlw	low STR_1
  5174   001D52  6E02               	movwf	strcmp@r^0,c
  5175   001D54  EC50  F017         	call	_strcmp	;wreg free
  5176   001D58  5001               	movf	?_strcmp^0,w,c
  5177   001D5A  1002               	iorwf	(?_strcmp+1)^0,w,c
  5178   001D5C  A4D8               	btfss	status,2,c
  5179   001D5E  EFB3  F00E         	goto	i2u477_41
  5180   001D62  EFB5  F00E         	goto	i2u477_40
  5181   001D66                     i2u477_41:
  5182   001D66  EFBC  F00E         	goto	i2l4087
  5183   001D6A                     i2u477_40:
  5184   001D6A  0E00               	movlw	0
  5185   001D6C  0100               	movlb	0	; () banked
  5186   001D6E  6FCA               	movwf	(_state+1)& (0+255),b
  5187   001D70  0E04               	movlw	4
  5188   001D72  6FC9               	movwf	_state& (0+255),b
  5189   001D74  EF3A  F00F         	goto	i2l4115
  5190   001D78                     i2l4087:
  5191   001D78  0E5A               	movlw	low _mystring
  5192   001D7A  6E01               	movwf	strcmp@l^0,c
  5193   001D7C  0E39               	movlw	low STR_2
  5194   001D7E  6E02               	movwf	strcmp@r^0,c
  5195   001D80  EC50  F017         	call	_strcmp	;wreg free
  5196   001D84  5001               	movf	?_strcmp^0,w,c
  5197   001D86  1002               	iorwf	(?_strcmp+1)^0,w,c
  5198   001D88  A4D8               	btfss	status,2,c
  5199   001D8A  EFC9  F00E         	goto	i2u478_41
  5200   001D8E  EFCB  F00E         	goto	i2u478_40
  5201   001D92                     i2u478_41:
  5202   001D92  EF3A  F00F         	goto	i2l4115
  5203   001D96                     i2u478_40:
  5204   001D96  0E00               	movlw	0
  5205   001D98  0100               	movlb	0	; () banked
  5206   001D9A  6FCA               	movwf	(_state+1)& (0+255),b
  5207   001D9C  0E05               	movlw	5
  5208   001D9E  6FC9               	movwf	_state& (0+255),b
  5209   001DA0  EF3A  F00F         	goto	i2l4115
  5210   001DA4                     i2l4091:
  5211                           
  5212                           ; BSR set to: 0
  5213   001DA4  0E04               	movlw	4
  5214   001DA6  19C9               	xorwf	_state& (0+255),w,b
  5215   001DA8  11CA               	iorwf	(_state+1)& (0+255),w,b
  5216   001DAA  A4D8               	btfss	status,2,c
  5217   001DAC  EFDA  F00E         	goto	i2u479_41
  5218   001DB0  EFDC  F00E         	goto	i2u479_40
  5219   001DB4                     i2u479_41:
  5220   001DB4  EFE3  F00E         	goto	i2l4095
  5221   001DB8                     i2u479_40:
  5222   001DB8                     i2l4093:
  5223                           
  5224                           ;setting_hardaware/uart.c: 141:             state = 0;
  5225   001DB8  0E00               	movlw	0
  5226   001DBA  0100               	movlb	0	; () banked
  5227   001DBC  6FCA               	movwf	(_state+1)& (0+255),b
  5228   001DBE  0E00               	movlw	0
  5229   001DC0  6FC9               	movwf	_state& (0+255),b
  5230                           
  5231                           ;setting_hardaware/uart.c: 142:         }
  5232   001DC2  EF3A  F00F         	goto	i2l4115
  5233   001DC6                     i2l4095:
  5234                           
  5235                           ; BSR set to: 0
  5236   001DC6  0E05               	movlw	5
  5237   001DC8  19C9               	xorwf	_state& (0+255),w,b
  5238   001DCA  11CA               	iorwf	(_state+1)& (0+255),w,b
  5239   001DCC  A4D8               	btfss	status,2,c
  5240   001DCE  EFEB  F00E         	goto	i2u480_41
  5241   001DD2  EFED  F00E         	goto	i2u480_40
  5242   001DD6                     i2u480_41:
  5243   001DD6  EF3A  F00F         	goto	i2l4115
  5244   001DDA                     i2u480_40:
  5245   001DDA                     
  5246                           ; BSR set to: 0
  5247                           ;setting_hardaware/uart.c: 147:             int num = strtof(mystring,0);
  5248   001DDA  0E00               	movlw	0
  5249   001DDC  6E1B               	movwf	strtof@res^0,c
  5250   001DDE  0E00               	movlw	0
  5251   001DE0  6E1C               	movwf	(strtof@res+1)^0,c
  5252   001DE2  0E5A               	movlw	low _mystring
  5253   001DE4  6E1A               	movwf	strtof@s^0,c
  5254   001DE6  EC1F  F003         	call	_strtof	;wreg free
  5255   001DEA  C01A  F033         	movff	?_strtof,___fltol@f1
  5256   001DEE  C01B  F034         	movff	?_strtof+1,___fltol@f1+1
  5257   001DF2  C01C  F035         	movff	?_strtof+2,___fltol@f1+2
  5258   001DF6  C01D  F036         	movff	?_strtof+3,___fltol@f1+3
  5259   001DFA  EC12  F011         	call	___fltol	;wreg free
  5260   001DFE  C033  F03D         	movff	?___fltol,MyusartRead@num
  5261   001E02  C034  F03E         	movff	?___fltol+1,MyusartRead@num+1
  5262   001E06                     
  5263                           ;setting_hardaware/uart.c: 148:             if(num > 90 || num < -90){
  5264   001E06  BE3E               	btfsc	(MyusartRead@num+1)^0,7,c
  5265   001E08  EF11  F00F         	goto	i2u481_40
  5266   001E0C  503E               	movf	(MyusartRead@num+1)^0,w,c
  5267   001E0E  E107               	bnz	i2u481_41
  5268   001E10  0E5B               	movlw	91
  5269   001E12  5C3D               	subwf	MyusartRead@num^0,w,c
  5270   001E14  B0D8               	btfsc	status,0,c
  5271   001E16  EF0F  F00F         	goto	i2u481_41
  5272   001E1A  EF11  F00F         	goto	i2u481_40
  5273   001E1E                     i2u481_41:
  5274   001E1E  EF1F  F00F         	goto	i2l4103
  5275   001E22                     i2u481_40:
  5276   001E22  AE3E               	btfss	(MyusartRead@num+1)^0,7,c
  5277   001E24  EF1D  F00F         	goto	i2u482_41
  5278   001E28  0EA6               	movlw	166
  5279   001E2A  5C3D               	subwf	MyusartRead@num^0,w,c
  5280   001E2C  0EFF               	movlw	255
  5281   001E2E  583E               	subwfb	(MyusartRead@num+1)^0,w,c
  5282   001E30  B0D8               	btfsc	status,0,c
  5283   001E32  EF1D  F00F         	goto	i2u482_41
  5284   001E36  EF1F  F00F         	goto	i2u482_40
  5285   001E3A                     i2u482_41:
  5286   001E3A  EF2E  F00F         	goto	i2l4109
  5287   001E3E                     i2u482_40:
  5288   001E3E                     i2l4103:
  5289                           
  5290                           ;setting_hardaware/uart.c: 149:                 UART_Write_Text("error");
  5291   001E3E  0E24               	movlw	low STR_3
  5292   001E40  6E02               	movwf	UART_Write_Text@text^0,c
  5293   001E42  EC34  F018         	call	_UART_Write_Text	;wreg free
  5294   001E46                     
  5295                           ;setting_hardaware/uart.c: 150:                 state = 0;
  5296   001E46  0E00               	movlw	0
  5297   001E48  0100               	movlb	0	; () banked
  5298   001E4A  6FCA               	movwf	(_state+1)& (0+255),b
  5299   001E4C  0E00               	movlw	0
  5300   001E4E  6FC9               	movwf	_state& (0+255),b
  5301   001E50                     
  5302                           ; BSR set to: 0
  5303                           ;setting_hardaware/uart.c: 151:                 set_servo_angle(0);
  5304   001E50  0E00               	movlw	0
  5305   001E52  6E22               	movwf	(i2set_servo_angle@angle+1)^0,c
  5306   001E54  0E00               	movlw	0
  5307   001E56  6E21               	movwf	i2set_servo_angle@angle^0,c
  5308   001E58  EC11  F016         	call	i2_set_servo_angle	;wreg free
  5309   001E5C                     i2l4109:
  5310                           
  5311                           ;setting_hardaware/uart.c: 153:             angel = num;
  5312   001E5C  C03D  F0CB         	movff	MyusartRead@num,_angel
  5313   001E60  C03E  F0CC         	movff	MyusartRead@num+1,_angel+1
  5314   001E64                     
  5315                           ;setting_hardaware/uart.c: 154:             set_servo_angle(angel);
  5316   001E64  C0CB  F021         	movff	_angel,i2set_servo_angle@angle
  5317   001E68  C0CC  F022         	movff	_angel+1,i2set_servo_angle@angle+1
  5318   001E6C  EC11  F016         	call	i2_set_servo_angle	;wreg free
  5319   001E70  EFDC  F00E         	goto	i2l4093
  5320   001E74                     i2l4115:
  5321                           
  5322                           ;setting_hardaware/uart.c: 157:         ClearBuffer();
  5323   001E74  EC55  F018         	call	_ClearBuffer	;wreg free
  5324   001E78                     
  5325                           ;setting_hardaware/uart.c: 158:         LATD = state << 4;
  5326   001E78  0100               	movlb	0	; () banked
  5327   001E7A  39C9               	swapf	_state& (0+255),w,b
  5328   001E7C  0BF0               	andlw	240
  5329   001E7E  6E8C               	movwf	140,c	;volatile
  5330                           
  5331                           ;setting_hardaware/uart.c: 159:     }
  5332   001E80  EF6D  F00F         	goto	i2l343
  5333   001E84                     i2l4119:
  5334   001E84  0E7F               	movlw	127
  5335   001E86  183F               	xorwf	MyusartRead@c^0,w,c
  5336   001E88  A4D8               	btfss	status,2,c
  5337   001E8A  EF49  F00F         	goto	i2u483_41
  5338   001E8E  EF4B  F00F         	goto	i2u483_40
  5339   001E92                     i2u483_41:
  5340   001E92  EF55  F00F         	goto	i2l4125
  5341   001E96                     i2u483_40:
  5342   001E96                     
  5343                           ;setting_hardaware/uart.c: 161:         lenStr --;
  5344   001E96  064A               	decf	_lenStr^0,f,c
  5345   001E98  A0D8               	btfss	status,0,c
  5346   001E9A  064B               	decf	(_lenStr+1)^0,f,c
  5347   001E9C                     i2l4123:
  5348                           
  5349                           ;setting_hardaware/uart.c: 162:         mystring[lenStr] = '\0';
  5350   001E9C  504A               	movf	_lenStr^0,w,c
  5351   001E9E  0F5A               	addlw	low _mystring
  5352   001EA0  6ED9               	movwf	fsr2l,c
  5353   001EA2  6ADA               	clrf	fsr2h,c
  5354   001EA4  6ADF               	clrf	indf2,c
  5355                           
  5356                           ;setting_hardaware/uart.c: 163:     }
  5357   001EA6  EF6D  F00F         	goto	i2l343
  5358   001EAA                     i2l4125:
  5359   001EAA  BE4B               	btfsc	(_lenStr+1)^0,7,c
  5360   001EAC  EF63  F00F         	goto	i2u484_40
  5361   001EB0  504B               	movf	(_lenStr+1)^0,w,c
  5362   001EB2  E107               	bnz	i2u484_41
  5363   001EB4  0E12               	movlw	18
  5364   001EB6  5C4A               	subwf	_lenStr^0,w,c
  5365   001EB8  B0D8               	btfsc	status,0,c
  5366   001EBA  EF61  F00F         	goto	i2u484_41
  5367   001EBE  EF63  F00F         	goto	i2u484_40
  5368   001EC2                     i2u484_41:
  5369   001EC2  EF6D  F00F         	goto	i2l339
  5370   001EC6                     i2u484_40:
  5371   001EC6                     
  5372                           ;setting_hardaware/uart.c: 166:         mystring[lenStr++] = c;
  5373   001EC6  504A               	movf	_lenStr^0,w,c
  5374   001EC8  0F5A               	addlw	low _mystring
  5375   001ECA  6ED9               	movwf	fsr2l,c
  5376   001ECC  6ADA               	clrf	fsr2h,c
  5377   001ECE  C03F  FFDF         	movff	MyusartRead@c,indf2
  5378   001ED2  4A4A               	infsnz	_lenStr^0,f,c
  5379   001ED4  2A4B               	incf	(_lenStr+1)^0,f,c
  5380   001ED6  EF4E  F00F         	goto	i2l4123
  5381   001EDA                     i2l339:
  5382   001EDA                     i2l343:
  5383   001EDA  0012               	return		;funcret
  5384   001EDC                     __end_of_MyusartRead:
  5385                           	callstack 0
  5386                           
  5387 ;; *************** function i2_set_servo_angle *****************
  5388 ;; Defined at:
  5389 ;;		line 91 in file "setting_hardaware/ccp1.c"
  5390 ;; Parameters:    Size  Location     Type
  5391 ;;  angle           2   32[COMRAM] int 
  5392 ;; Auto vars:     Size  Location     Type
  5393 ;;  duty_val        2   36[COMRAM] unsigned short 
  5394 ;;  angle_0_180     2   34[COMRAM] int 
  5395 ;; Return value:  Size  Location     Type
  5396 ;;                  1    wreg      void 
  5397 ;; Registers used:
  5398 ;;		wreg, status,2, status,0, cstack
  5399 ;; Tracked objects:
  5400 ;;		On entry : 0/0
  5401 ;;		On exit  : 0/0
  5402 ;;		Unchanged: 0/0
  5403 ;; Data sizes:     COMRAM   BANK0   BANK1   BANK2   BANK3   BANK4   BANK5
  5404 ;;      Params:         2       0       0       0       0       0       0
  5405 ;;      Locals:         4       0       0       0       0       0       0
  5406 ;;      Temps:          0       0       0       0       0       0       0
  5407 ;;      Totals:         6       0       0       0       0       0       0
  5408 ;;Total ram usage:        6 bytes
  5409 ;; Hardware stack levels used: 1
  5410 ;; Hardware stack levels required when called: 2
  5411 ;; This function calls:
  5412 ;;		i2_AngleToDutyCycle
  5413 ;;		i2_SetCCP1DutyCycle
  5414 ;; This function is called by:
  5415 ;;		_MyusartRead
  5416 ;; This function uses a non-reentrant model
  5417 ;;
  5418                           
  5419                           	psect	text32
  5420   002C22                     __ptext32:
  5421                           	callstack 0
  5422   002C22                     i2_set_servo_angle:
  5423                           	callstack 19
  5424   002C22                     
  5425                           ;setting_hardaware/ccp1.c: 94:     if (angle < -90) angle = -90;
  5426   002C22  AE22               	btfss	(i2set_servo_angle@angle+1)^0,7,c
  5427   002C24  EF1D  F016         	goto	i2u464_41
  5428   002C28  0EA6               	movlw	166
  5429   002C2A  5C21               	subwf	i2set_servo_angle@angle^0,w,c
  5430   002C2C  0EFF               	movlw	255
  5431   002C2E  5822               	subwfb	(i2set_servo_angle@angle+1)^0,w,c
  5432   002C30  B0D8               	btfsc	status,0,c
  5433   002C32  EF1D  F016         	goto	i2u464_41
  5434   002C36  EF1F  F016         	goto	i2u464_40
  5435   002C3A                     i2u464_41:
  5436   002C3A  EF23  F016         	goto	i2l3977
  5437   002C3E                     i2u464_40:
  5438   002C3E  0EFF               	movlw	255
  5439   002C40  6E22               	movwf	(i2set_servo_angle@angle+1)^0,c
  5440   002C42  0EA6               	movlw	166
  5441   002C44  6E21               	movwf	i2set_servo_angle@angle^0,c
  5442   002C46                     i2l3977:
  5443                           
  5444                           ;setting_hardaware/ccp1.c: 95:     if (angle > 90) angle = 90;
  5445   002C46  BE22               	btfsc	(i2set_servo_angle@angle+1)^0,7,c
  5446   002C48  EF2F  F016         	goto	i2u465_41
  5447   002C4C  5022               	movf	(i2set_servo_angle@angle+1)^0,w,c
  5448   002C4E  E109               	bnz	i2u465_40
  5449   002C50  0E5B               	movlw	91
  5450   002C52  5C21               	subwf	i2set_servo_angle@angle^0,w,c
  5451   002C54  A0D8               	btfss	status,0,c
  5452   002C56  EF2F  F016         	goto	i2u465_41
  5453   002C5A  EF31  F016         	goto	i2u465_40
  5454   002C5E                     i2u465_41:
  5455   002C5E  EF35  F016         	goto	i2l3981
  5456   002C62                     i2u465_40:
  5457   002C62  0E00               	movlw	0
  5458   002C64  6E22               	movwf	(i2set_servo_angle@angle+1)^0,c
  5459   002C66  0E5A               	movlw	90
  5460   002C68  6E21               	movwf	i2set_servo_angle@angle^0,c
  5461   002C6A                     i2l3981:
  5462                           
  5463                           ;setting_hardaware/ccp1.c: 98:     int angle_0_180 = angle + 90;
  5464   002C6A  0E5A               	movlw	90
  5465   002C6C  2421               	addwf	i2set_servo_angle@angle^0,w,c
  5466   002C6E  6E23               	movwf	i2set_servo_angle@angle_0_180^0,c
  5467   002C70  0E00               	movlw	0
  5468   002C72  2022               	addwfc	(i2set_servo_angle@angle+1)^0,w,c
  5469   002C74  6E24               	movwf	(i2set_servo_angle@angle_0_180+1)^0,c
  5470   002C76                     
  5471                           ;setting_hardaware/ccp1.c: 101:     uint16_t duty_val = AngleToDutyCycle((uint8_t)angle_
      +                          0_180);
  5472   002C76  5023               	movf	i2set_servo_angle@angle_0_180^0,w,c
  5473   002C78  ECEF  F012         	call	i2_AngleToDutyCycle
  5474   002C7C  C01A  F025         	movff	?i2_AngleToDutyCycle,i2set_servo_angle@duty_val
  5475   002C80  C01B  F026         	movff	?i2_AngleToDutyCycle+1,i2set_servo_angle@duty_val+1
  5476   002C84                     
  5477                           ;setting_hardaware/ccp1.c: 104:     SetCCP1DutyCycle(duty_val);
  5478   002C84  C025  F001         	movff	i2set_servo_angle@duty_val,i2SetCCP1DutyCycle@duty_value
  5479   002C88  C026  F002         	movff	i2set_servo_angle@duty_val+1,i2SetCCP1DutyCycle@duty_value+1
  5480   002C8C  EC12  F018         	call	i2_SetCCP1DutyCycle	;wreg free
  5481   002C90  0012               	return		;funcret
  5482   002C92                     __end_ofi2_set_servo_angle:
  5483                           	callstack 0
  5484                           
  5485 ;; *************** function i2_SetCCP1DutyCycle *****************
  5486 ;; Defined at:
  5487 ;;		line 44 in file "setting_hardaware/ccp1.c"
  5488 ;; Parameters:    Size  Location     Type
  5489 ;;  duty_value      2    0[COMRAM] unsigned short 
  5490 ;; Auto vars:     Size  Location     Type
  5491 ;;		None
  5492 ;; Return value:  Size  Location     Type
  5493 ;;                  1    wreg      void 
  5494 ;; Registers used:
  5495 ;;		wreg, status,2, status,0
  5496 ;; Tracked objects:
  5497 ;;		On entry : 0/0
  5498 ;;		On exit  : 0/0
  5499 ;;		Unchanged: 0/0
  5500 ;; Data sizes:     COMRAM   BANK0   BANK1   BANK2   BANK3   BANK4   BANK5
  5501 ;;      Params:         2       0       0       0       0       0       0
  5502 ;;      Locals:         0       0       0       0       0       0       0
  5503 ;;      Temps:          2       0       0       0       0       0       0
  5504 ;;      Totals:         4       0       0       0       0       0       0
  5505 ;;Total ram usage:        4 bytes
  5506 ;; Hardware stack levels used: 1
  5507 ;; This function calls:
  5508 ;;		Nothing
  5509 ;; This function is called by:
  5510 ;;		i2_set_servo_angle
  5511 ;; This function uses a non-reentrant model
  5512 ;;
  5513                           
  5514                           	psect	text33
  5515   003024                     __ptext33:
  5516                           	callstack 0
  5517   003024                     i2_SetCCP1DutyCycle:
  5518                           	callstack 20
  5519   003024                     
  5520                           ;setting_hardaware/ccp1.c: 44: void SetCCP1DutyCycle(uint16_t duty_value);setting_hardaw
      +                          are/ccp1.c: 45: {;setting_hardaware/ccp1.c: 46:     if (duty_value > 1023) {
  5521   003024  0E04               	movlw	4
  5522   003026  5C02               	subwf	(i2SetCCP1DutyCycle@duty_value+1)^0,w,c
  5523   003028  A0D8               	btfss	status,0,c
  5524   00302A  EF19  F018         	goto	i2u328_41
  5525   00302E  EF1B  F018         	goto	i2u328_40
  5526   003032                     i2u328_41:
  5527   003032  EF1E  F018         	goto	i2l3197
  5528   003036                     i2u328_40:
  5529   003036                     
  5530                           ;setting_hardaware/ccp1.c: 47:         duty_value = 1023;
  5531   003036  0E03               	movlw	3
  5532   003038  6E02               	movwf	(i2SetCCP1DutyCycle@duty_value+1)^0,c
  5533   00303A  6801               	setf	i2SetCCP1DutyCycle@duty_value^0,c
  5534   00303C                     i2l3197:
  5535                           
  5536                           ;setting_hardaware/ccp1.c: 51:     CCPR1L = (uint8_t)(duty_value >> 2);
  5537   00303C  C001  F003         	movff	i2SetCCP1DutyCycle@duty_value,??i2_SetCCP1DutyCycle
  5538   003040  C002  F004         	movff	i2SetCCP1DutyCycle@duty_value+1,??i2_SetCCP1DutyCycle+1
  5539   003044  90D8               	bcf	status,0,c
  5540   003046  3204               	rrcf	(??i2_SetCCP1DutyCycle+1)^0,f,c
  5541   003048  3203               	rrcf	??i2_SetCCP1DutyCycle^0,f,c
  5542   00304A  90D8               	bcf	status,0,c
  5543   00304C  3204               	rrcf	(??i2_SetCCP1DutyCycle+1)^0,f,c
  5544   00304E  3203               	rrcf	??i2_SetCCP1DutyCycle^0,f,c
  5545   003050  5003               	movf	??i2_SetCCP1DutyCycle^0,w,c
  5546   003052  6EBE               	movwf	190,c	;volatile
  5547   003054                     
  5548                           ;setting_hardaware/ccp1.c: 54:     CCP1CON &= 0xCF;
  5549   003054  0ECF               	movlw	207
  5550   003056  16BD               	andwf	189,f,c	;volatile
  5551   003058                     
  5552                           ;setting_hardaware/ccp1.c: 55:     CCP1CON |= (uint8_t)((duty_value & 0x0003) << 4);
  5553   003058  C001  F003         	movff	i2SetCCP1DutyCycle@duty_value,??i2_SetCCP1DutyCycle
  5554   00305C  0E03               	movlw	3
  5555   00305E  1603               	andwf	??i2_SetCCP1DutyCycle^0,f,c
  5556   003060  3803               	swapf	??i2_SetCCP1DutyCycle^0,w,c
  5557   003062  0BF0               	andlw	240
  5558   003064  12BD               	iorwf	189,f,c	;volatile
  5559   003066  0012               	return		;funcret
  5560   003068                     __end_ofi2_SetCCP1DutyCycle:
  5561                           	callstack 0
  5562                           
  5563 ;; *************** function i2_AngleToDutyCycle *****************
  5564 ;; Defined at:
  5565 ;;		line 65 in file "setting_hardaware/ccp1.c"
  5566 ;; Parameters:    Size  Location     Type
  5567 ;;  angle           1    wreg     unsigned char 
  5568 ;; Auto vars:     Size  Location     Type
  5569 ;;  angle           1   27[COMRAM] unsigned char 
  5570 ;;  D_value         4   28[COMRAM] unsigned long 
  5571 ;;  D_MAX           2    0        const unsigned short 
  5572 ;;  D_MIN           2    0        const unsigned short 
  5573 ;; Return value:  Size  Location     Type
  5574 ;;                  2   25[COMRAM] unsigned short 
  5575 ;; Registers used:
  5576 ;;		wreg, status,2, status,0, cstack
  5577 ;; Tracked objects:
  5578 ;;		On entry : 0/0
  5579 ;;		On exit  : 0/0
  5580 ;;		Unchanged: 0/0
  5581 ;; Data sizes:     COMRAM   BANK0   BANK1   BANK2   BANK3   BANK4   BANK5
  5582 ;;      Params:         2       0       0       0       0       0       0
  5583 ;;      Locals:         5       0       0       0       0       0       0
  5584 ;;      Temps:          0       0       0       0       0       0       0
  5585 ;;      Totals:         7       0       0       0       0       0       0
  5586 ;;Total ram usage:        7 bytes
  5587 ;; Hardware stack levels used: 1
  5588 ;; Hardware stack levels required when called: 1
  5589 ;; This function calls:
  5590 ;;		i2___lldiv
  5591 ;;		i2___lmul
  5592 ;; This function is called by:
  5593 ;;		i2_set_servo_angle
  5594 ;; This function uses a non-reentrant model
  5595 ;;
  5596                           
  5597                           	psect	text34
  5598   0025DE                     __ptext34:
  5599                           	callstack 0
  5600   0025DE                     i2_AngleToDutyCycle:
  5601                           	callstack 19
  5602                           
  5603                           ;incstack = 0
  5604                           ;i2AngleToDutyCycle@angle stored from wreg
  5605   0025DE  6E1C               	movwf	i2AngleToDutyCycle@angle^0,c
  5606   0025E0                     
  5607                           ;setting_hardaware/ccp1.c: 65: uint16_t AngleToDutyCycle(uint8_t angle);setting_hardawar
      +                          e/ccp1.c: 66: {;setting_hardaware/ccp1.c: 67:     if (angle > 180) {
  5608   0025E0  0EB4               	movlw	180
  5609   0025E2  641C               	cpfsgt	i2AngleToDutyCycle@angle^0,c
  5610   0025E4  EFF6  F012         	goto	i2u329_41
  5611   0025E8  EFF8  F012         	goto	i2u329_40
  5612   0025EC                     i2u329_41:
  5613   0025EC  EFFA  F012         	goto	i2l3207
  5614   0025F0                     i2u329_40:
  5615   0025F0                     
  5616                           ;setting_hardaware/ccp1.c: 68:         angle = 180;
  5617   0025F0  0EB4               	movlw	180
  5618   0025F2  6E1C               	movwf	i2AngleToDutyCycle@angle^0,c
  5619   0025F4                     i2l3207:
  5620                           
  5621                           ;setting_hardaware/ccp1.c: 79:     uint32_t D_value = 125UL + ( (uint32_t)angle * 25UL /
      +                           9UL );
  5622   0025F4  501C               	movf	i2AngleToDutyCycle@angle^0,w,c
  5623   0025F6  6E01               	movwf	i2___lmul@multiplier^0,c
  5624   0025F8  6A02               	clrf	(i2___lmul@multiplier+1)^0,c
  5625   0025FA  6A03               	clrf	(i2___lmul@multiplier+2)^0,c
  5626   0025FC  6A04               	clrf	(i2___lmul@multiplier+3)^0,c
  5627   0025FE  0E19               	movlw	25
  5628   002600  6E05               	movwf	i2___lmul@multiplicand^0,c
  5629   002602  0E00               	movlw	0
  5630   002604  6E06               	movwf	(i2___lmul@multiplicand+1)^0,c
  5631   002606  0E00               	movlw	0
  5632   002608  6E07               	movwf	(i2___lmul@multiplicand+2)^0,c
  5633   00260A  0E00               	movlw	0
  5634   00260C  6E08               	movwf	(i2___lmul@multiplicand+3)^0,c
  5635   00260E  ECEA  F016         	call	i2___lmul	;wreg free
  5636   002612  C001  F00D         	movff	?i2___lmul,i2___lldiv@dividend
  5637   002616  C002  F00E         	movff	?i2___lmul+1,i2___lldiv@dividend+1
  5638   00261A  C003  F00F         	movff	?i2___lmul+2,i2___lldiv@dividend+2
  5639   00261E  C004  F010         	movff	?i2___lmul+3,i2___lldiv@dividend+3
  5640   002622  0E09               	movlw	9
  5641   002624  6E11               	movwf	i2___lldiv@divisor^0,c
  5642   002626  0E00               	movlw	0
  5643   002628  6E12               	movwf	(i2___lldiv@divisor+1)^0,c
  5644   00262A  0E00               	movlw	0
  5645   00262C  6E13               	movwf	(i2___lldiv@divisor+2)^0,c
  5646   00262E  0E00               	movlw	0
  5647   002630  6E14               	movwf	(i2___lldiv@divisor+3)^0,c
  5648   002632  EC0C  F015         	call	i2___lldiv	;wreg free
  5649   002636  0E7D               	movlw	125
  5650   002638  240D               	addwf	?i2___lldiv^0,w,c
  5651   00263A  6E1D               	movwf	i2AngleToDutyCycle@D_value^0,c
  5652   00263C  0E00               	movlw	0
  5653   00263E  200E               	addwfc	(?i2___lldiv+1)^0,w,c
  5654   002640  6E1E               	movwf	(i2AngleToDutyCycle@D_value+1)^0,c
  5655   002642  0E00               	movlw	0
  5656   002644  200F               	addwfc	(?i2___lldiv+2)^0,w,c
  5657   002646  6E1F               	movwf	(i2AngleToDutyCycle@D_value+2)^0,c
  5658   002648  0E00               	movlw	0
  5659   00264A  2010               	addwfc	(?i2___lldiv+3)^0,w,c
  5660   00264C  6E20               	movwf	(i2AngleToDutyCycle@D_value+3)^0,c
  5661   00264E                     
  5662                           ;setting_hardaware/ccp1.c: 85:     if (D_value > D_MAX) D_value = D_MAX;
  5663   00264E  5020               	movf	(i2AngleToDutyCycle@D_value+3)^0,w,c
  5664   002650  101F               	iorwf	(i2AngleToDutyCycle@D_value+2)^0,w,c
  5665   002652  E10B               	bnz	i2u330_40
  5666   002654  0E72               	movlw	114
  5667   002656  5C1D               	subwf	i2AngleToDutyCycle@D_value^0,w,c
  5668   002658  0E02               	movlw	2
  5669   00265A  581E               	subwfb	(i2AngleToDutyCycle@D_value+1)^0,w,c
  5670   00265C  A0D8               	btfss	status,0,c
  5671   00265E  EF33  F013         	goto	i2u330_41
  5672   002662  EF35  F013         	goto	i2u330_40
  5673   002666                     i2u330_41:
  5674   002666  EF3D  F013         	goto	i2l3217
  5675   00266A                     i2u330_40:
  5676   00266A  0E71               	movlw	113
  5677   00266C  6E1D               	movwf	i2AngleToDutyCycle@D_value^0,c
  5678   00266E  0E02               	movlw	2
  5679   002670  6E1E               	movwf	(i2AngleToDutyCycle@D_value+1)^0,c
  5680   002672  0E00               	movlw	0
  5681   002674  6E1F               	movwf	(i2AngleToDutyCycle@D_value+2)^0,c
  5682   002676  0E00               	movlw	0
  5683   002678  6E20               	movwf	(i2AngleToDutyCycle@D_value+3)^0,c
  5684   00267A                     i2l3217:
  5685                           
  5686                           ;setting_hardaware/ccp1.c: 86:     if (D_value < D_MIN) D_value = D_MIN;
  5687   00267A  5020               	movf	(i2AngleToDutyCycle@D_value+3)^0,w,c
  5688   00267C  101F               	iorwf	(i2AngleToDutyCycle@D_value+2)^0,w,c
  5689   00267E  101E               	iorwf	(i2AngleToDutyCycle@D_value+1)^0,w,c
  5690   002680  E107               	bnz	i2u331_41
  5691   002682  0E7D               	movlw	125
  5692   002684  5C1D               	subwf	i2AngleToDutyCycle@D_value^0,w,c
  5693   002686  B0D8               	btfsc	status,0,c
  5694   002688  EF48  F013         	goto	i2u331_41
  5695   00268C  EF4A  F013         	goto	i2u331_40
  5696   002690                     i2u331_41:
  5697   002690  EF52  F013         	goto	i2l3221
  5698   002694                     i2u331_40:
  5699   002694  0E7D               	movlw	125
  5700   002696  6E1D               	movwf	i2AngleToDutyCycle@D_value^0,c
  5701   002698  0E00               	movlw	0
  5702   00269A  6E1E               	movwf	(i2AngleToDutyCycle@D_value+1)^0,c
  5703   00269C  0E00               	movlw	0
  5704   00269E  6E1F               	movwf	(i2AngleToDutyCycle@D_value+2)^0,c
  5705   0026A0  0E00               	movlw	0
  5706   0026A2  6E20               	movwf	(i2AngleToDutyCycle@D_value+3)^0,c
  5707   0026A4                     i2l3221:
  5708                           
  5709                           ;setting_hardaware/ccp1.c: 88:     return (uint16_t)D_value;
  5710   0026A4  C01D  F01A         	movff	i2AngleToDutyCycle@D_value,?i2_AngleToDutyCycle
  5711   0026A8  C01E  F01B         	movff	i2AngleToDutyCycle@D_value+1,?i2_AngleToDutyCycle+1
  5712   0026AC  0012               	return		;funcret
  5713   0026AE                     __end_ofi2_AngleToDutyCycle:
  5714                           	callstack 0
  5715                           
  5716 ;; *************** function i2___lldiv *****************
  5717 ;; Defined at:
  5718 ;;		line 7 in file "C:\Program Files\Microchip\xc8\v3.00\pic\sources\c99\common\__lldiv.c"
  5719 ;; Parameters:    Size  Location     Type
  5720 ;;  dividend        4   12[COMRAM] unsigned long 
  5721 ;;  divisor         4   16[COMRAM] unsigned long 
  5722 ;; Auto vars:     Size  Location     Type
  5723 ;;  quotient        4   20[COMRAM] unsigned long 
  5724 ;;  counter         1   24[COMRAM] unsigned char 
  5725 ;; Return value:  Size  Location     Type
  5726 ;;                  4   12[COMRAM] unsigned long 
  5727 ;; Registers used:
  5728 ;;		wreg, status,2, status,0
  5729 ;; Tracked objects:
  5730 ;;		On entry : 0/0
  5731 ;;		On exit  : 0/0
  5732 ;;		Unchanged: 0/0
  5733 ;; Data sizes:     COMRAM   BANK0   BANK1   BANK2   BANK3   BANK4   BANK5
  5734 ;;      Params:         8       0       0       0       0       0       0
  5735 ;;      Locals:         5       0       0       0       0       0       0
  5736 ;;      Temps:          0       0       0       0       0       0       0
  5737 ;;      Totals:        13       0       0       0       0       0       0
  5738 ;;Total ram usage:       13 bytes
  5739 ;; Hardware stack levels used: 1
  5740 ;; This function calls:
  5741 ;;		Nothing
  5742 ;; This function is called by:
  5743 ;;		i2_AngleToDutyCycle
  5744 ;; This function uses a non-reentrant model
  5745 ;;
  5746                           
  5747                           	psect	text35
  5748   002A18                     __ptext35:
  5749                           	callstack 0
  5750   002A18                     i2___lldiv:
  5751                           	callstack 19
  5752   002A18  0E00               	movlw	0
  5753   002A1A  6E15               	movwf	i2___lldiv@quotient^0,c
  5754   002A1C  0E00               	movlw	0
  5755   002A1E  6E16               	movwf	(i2___lldiv@quotient+1)^0,c
  5756   002A20  0E00               	movlw	0
  5757   002A22  6E17               	movwf	(i2___lldiv@quotient+2)^0,c
  5758   002A24  0E00               	movlw	0
  5759   002A26  6E18               	movwf	(i2___lldiv@quotient+3)^0,c
  5760   002A28  5011               	movf	i2___lldiv@divisor^0,w,c
  5761   002A2A  1012               	iorwf	(i2___lldiv@divisor+1)^0,w,c
  5762   002A2C  1013               	iorwf	(i2___lldiv@divisor+2)^0,w,c
  5763   002A2E  1014               	iorwf	(i2___lldiv@divisor+3)^0,w,c
  5764   002A30  B4D8               	btfsc	status,2,c
  5765   002A32  EF1D  F015         	goto	i2u253_41
  5766   002A36  EF1F  F015         	goto	i2u253_40
  5767   002A3A                     i2u253_41:
  5768   002A3A  EF55  F015         	goto	i2l376
  5769   002A3E                     i2u253_40:
  5770   002A3E  0E01               	movlw	1
  5771   002A40  6E19               	movwf	i2___lldiv@counter^0,c
  5772   002A42  EF29  F015         	goto	i2l2757
  5773   002A46                     i2l2755:
  5774   002A46  90D8               	bcf	status,0,c
  5775   002A48  3611               	rlcf	i2___lldiv@divisor^0,f,c
  5776   002A4A  3612               	rlcf	(i2___lldiv@divisor+1)^0,f,c
  5777   002A4C  3613               	rlcf	(i2___lldiv@divisor+2)^0,f,c
  5778   002A4E  3614               	rlcf	(i2___lldiv@divisor+3)^0,f,c
  5779   002A50  2A19               	incf	i2___lldiv@counter^0,f,c
  5780   002A52                     i2l2757:
  5781   002A52  AE14               	btfss	(i2___lldiv@divisor+3)^0,7,c
  5782   002A54  EF2E  F015         	goto	i2u254_41
  5783   002A58  EF30  F015         	goto	i2u254_40
  5784   002A5C                     i2u254_41:
  5785   002A5C  EF23  F015         	goto	i2l2755
  5786   002A60                     i2u254_40:
  5787   002A60                     i2l2759:
  5788   002A60  90D8               	bcf	status,0,c
  5789   002A62  3615               	rlcf	i2___lldiv@quotient^0,f,c
  5790   002A64  3616               	rlcf	(i2___lldiv@quotient+1)^0,f,c
  5791   002A66  3617               	rlcf	(i2___lldiv@quotient+2)^0,f,c
  5792   002A68  3618               	rlcf	(i2___lldiv@quotient+3)^0,f,c
  5793   002A6A  5011               	movf	i2___lldiv@divisor^0,w,c
  5794   002A6C  5C0D               	subwf	i2___lldiv@dividend^0,w,c
  5795   002A6E  5012               	movf	(i2___lldiv@divisor+1)^0,w,c
  5796   002A70  580E               	subwfb	(i2___lldiv@dividend+1)^0,w,c
  5797   002A72  5013               	movf	(i2___lldiv@divisor+2)^0,w,c
  5798   002A74  580F               	subwfb	(i2___lldiv@dividend+2)^0,w,c
  5799   002A76  5014               	movf	(i2___lldiv@divisor+3)^0,w,c
  5800   002A78  5810               	subwfb	(i2___lldiv@dividend+3)^0,w,c
  5801   002A7A  A0D8               	btfss	status,0,c
  5802   002A7C  EF42  F015         	goto	i2u255_41
  5803   002A80  EF44  F015         	goto	i2u255_40
  5804   002A84                     i2u255_41:
  5805   002A84  EF4D  F015         	goto	i2l2767
  5806   002A88                     i2u255_40:
  5807   002A88  5011               	movf	i2___lldiv@divisor^0,w,c
  5808   002A8A  5E0D               	subwf	i2___lldiv@dividend^0,f,c
  5809   002A8C  5012               	movf	(i2___lldiv@divisor+1)^0,w,c
  5810   002A8E  5A0E               	subwfb	(i2___lldiv@dividend+1)^0,f,c
  5811   002A90  5013               	movf	(i2___lldiv@divisor+2)^0,w,c
  5812   002A92  5A0F               	subwfb	(i2___lldiv@dividend+2)^0,f,c
  5813   002A94  5014               	movf	(i2___lldiv@divisor+3)^0,w,c
  5814   002A96  5A10               	subwfb	(i2___lldiv@dividend+3)^0,f,c
  5815   002A98  8015               	bsf	i2___lldiv@quotient^0,0,c
  5816   002A9A                     i2l2767:
  5817   002A9A  90D8               	bcf	status,0,c
  5818   002A9C  3214               	rrcf	(i2___lldiv@divisor+3)^0,f,c
  5819   002A9E  3213               	rrcf	(i2___lldiv@divisor+2)^0,f,c
  5820   002AA0  3212               	rrcf	(i2___lldiv@divisor+1)^0,f,c
  5821   002AA2  3211               	rrcf	i2___lldiv@divisor^0,f,c
  5822   002AA4  2E19               	decfsz	i2___lldiv@counter^0,f,c
  5823   002AA6  EF30  F015         	goto	i2l2759
  5824   002AAA                     i2l376:
  5825   002AAA  C015  F00D         	movff	i2___lldiv@quotient,?i2___lldiv
  5826   002AAE  C016  F00E         	movff	i2___lldiv@quotient+1,?i2___lldiv+1
  5827   002AB2  C017  F00F         	movff	i2___lldiv@quotient+2,?i2___lldiv+2
  5828   002AB6  C018  F010         	movff	i2___lldiv@quotient+3,?i2___lldiv+3
  5829   002ABA  0012               	return		;funcret
  5830   002ABC                     __end_ofi2___lldiv:
  5831                           	callstack 0
  5832                           
  5833 ;; *************** function _strtof *****************
  5834 ;; Defined at:
  5835 ;;		line 100 in file "C:\Program Files\Microchip\xc8\v3.00\pic\sources\c99\common\strtof.c"
  5836 ;; Parameters:    Size  Location     Type
  5837 ;;  s               1   25[COMRAM] PTR const unsigned char 
  5838 ;;		 -> mystring(20), 
  5839 ;;  res             2   26[COMRAM] PTR PTR unsigned char 
  5840 ;;		 -> NULL(0), 
  5841 ;; Auto vars:     Size  Location     Type
  5842 ;;  _u              4   45[COMRAM] struct .
  5843 ;;  eexp            2   43[COMRAM] int 
  5844 ;;  expon           2   41[COMRAM] int 
  5845 ;;  err             2   35[COMRAM] int 
  5846 ;;  i               1   49[COMRAM] unsigned char 
  5847 ;;  flags           1   40[COMRAM] unsigned char 
  5848 ;;  digit           1   39[COMRAM] unsigned char 
  5849 ;;  dpos            1   38[COMRAM] unsigned char 
  5850 ;;  xpos            1   37[COMRAM] unsigned char 
  5851 ;; Return value:  Size  Location     Type
  5852 ;;                  4   25[COMRAM] float 
  5853 ;; Registers used:
  5854 ;;		wreg, fsr2l, fsr2h, status,2, status,0, tblptrl, tblptrh, tblptru, prodl, prodh, cstack
  5855 ;; Tracked objects:
  5856 ;;		On entry : 0/0
  5857 ;;		On exit  : 0/0
  5858 ;;		Unchanged: 0/0
  5859 ;; Data sizes:     COMRAM   BANK0   BANK1   BANK2   BANK3   BANK4   BANK5
  5860 ;;      Params:         4       0       0       0       0       0       0
  5861 ;;      Locals:        15       0       0       0       0       0       0
  5862 ;;      Temps:          6       0       0       0       0       0       0
  5863 ;;      Totals:        25       0       0       0       0       0       0
  5864 ;;Total ram usage:       25 bytes
  5865 ;; Hardware stack levels used: 1
  5866 ;; Hardware stack levels required when called: 1
  5867 ;; This function calls:
  5868 ;;		___fldiv
  5869 ;;		___fleq
  5870 ;;		___flge
  5871 ;;		___flmul
  5872 ;;		___flneg
  5873 ;;		___wmul
  5874 ;;		___xxtofl
  5875 ;;		_isdigit
  5876 ;;		_isxdigit
  5877 ;;		_nanf
  5878 ;;		_toupper
  5879 ;;		i2___lmul
  5880 ;; This function is called by:
  5881 ;;		_MyusartRead
  5882 ;; This function uses a non-reentrant model
  5883 ;;
  5884                           
  5885                           	psect	text36
  5886   00063E                     __ptext36:
  5887                           	callstack 0
  5888   00063E                     _strtof:
  5889                           	callstack 20
  5890   00063E  0E00               	movlw	0
  5891   000640  6E25               	movwf	(strtof@err+1)^0,c
  5892   000642  0E00               	movlw	0
  5893   000644  6E24               	movwf	strtof@err^0,c
  5894   000646  501B               	movf	strtof@res^0,w,c
  5895   000648  101C               	iorwf	(strtof@res+1)^0,w,c
  5896   00064A  B4D8               	btfsc	status,2,c
  5897   00064C  EF2A  F003         	goto	i2u348_41
  5898   000650  EF2C  F003         	goto	i2u348_40
  5899   000654                     i2u348_41:
  5900   000654  EF35  F003         	goto	i2l3431
  5901   000658                     i2u348_40:
  5902   000658  C01B  FFD9         	movff	strtof@res,fsr2l
  5903   00065C  C01C  FFDA         	movff	strtof@res+1,fsr2h
  5904   000660  C01A  FFDF         	movff	strtof@s,indf2
  5905   000664  EF35  F003         	goto	i2l3431
  5906   000668                     i2l3429:
  5907   000668  2A1A               	incf	strtof@s^0,f,c
  5908   00066A                     i2l3431:
  5909   00066A  501A               	movf	strtof@s^0,w,c
  5910   00066C  6ED9               	movwf	fsr2l,c
  5911   00066E  6ADA               	clrf	fsr2h,c
  5912   000670  0E20               	movlw	32
  5913   000672  18DE               	xorwf	postinc2,w,c
  5914   000674  B4D8               	btfsc	status,2,c
  5915   000676  EF3F  F003         	goto	i2u349_41
  5916   00067A  EF42  F003         	goto	i2u349_40
  5917   00067E                     i2u349_41:
  5918   00067E  0E01               	movlw	1
  5919   000680  EF43  F003         	goto	i2u350_40
  5920   000684                     i2u349_40:
  5921   000684  0E00               	movlw	0
  5922   000686                     i2u350_40:
  5923   000686  6E2C               	movwf	strtof@eexp^0,c
  5924   000688  6A2D               	clrf	(strtof@eexp+1)^0,c
  5925   00068A  502C               	movf	strtof@eexp^0,w,c
  5926   00068C  102D               	iorwf	(strtof@eexp+1)^0,w,c
  5927   00068E  A4D8               	btfss	status,2,c
  5928   000690  EF4C  F003         	goto	i2u351_41
  5929   000694  EF4E  F003         	goto	i2u351_40
  5930   000698                     i2u351_41:
  5931   000698  EF34  F003         	goto	i2l3429
  5932   00069C                     i2u351_40:
  5933   00069C  501A               	movf	strtof@s^0,w,c
  5934   00069E  6ED9               	movwf	fsr2l,c
  5935   0006A0  6ADA               	clrf	fsr2h,c
  5936   0006A2  50DF               	movf	indf2,w,c
  5937   0006A4  6E1E               	movwf	??_strtof^0,c
  5938   0006A6  501E               	movf	??_strtof^0,w,c
  5939   0006A8  6E2C               	movwf	strtof@eexp^0,c
  5940   0006AA  6A2D               	clrf	(strtof@eexp+1)^0,c
  5941   0006AC  C02C  F01F         	movff	strtof@eexp,??_strtof+1
  5942   0006B0  0EF7               	movlw	247
  5943   0006B2  261F               	addwf	(??_strtof+1)^0,f,c
  5944   0006B4  0E04               	movlw	4
  5945   0006B6  641F               	cpfsgt	(??_strtof+1)^0,c
  5946   0006B8  EF60  F003         	goto	i2u352_41
  5947   0006BC  EF62  F003         	goto	i2u352_40
  5948   0006C0                     i2u352_41:
  5949   0006C0  EF34  F003         	goto	i2l3429
  5950   0006C4                     i2u352_40:
  5951   0006C4  6A29               	clrf	strtof@flags^0,c
  5952   0006C6  0E2D               	movlw	45
  5953   0006C8  182C               	xorwf	strtof@eexp^0,w,c
  5954   0006CA  102D               	iorwf	(strtof@eexp+1)^0,w,c
  5955   0006CC  A4D8               	btfss	status,2,c
  5956   0006CE  EF6B  F003         	goto	i2u353_41
  5957   0006D2  EF6D  F003         	goto	i2u353_40
  5958   0006D6                     i2u353_41:
  5959   0006D6  EF72  F003         	goto	i2l3441
  5960   0006DA                     i2u353_40:
  5961   0006DA  0E01               	movlw	1
  5962   0006DC  6E29               	movwf	strtof@flags^0,c
  5963   0006DE                     i2l3439:
  5964   0006DE  2A1A               	incf	strtof@s^0,f,c
  5965   0006E0  EF7E  F003         	goto	i2l3445
  5966   0006E4                     i2l3441:
  5967   0006E4  0E2B               	movlw	43
  5968   0006E6  182C               	xorwf	strtof@eexp^0,w,c
  5969   0006E8  102D               	iorwf	(strtof@eexp+1)^0,w,c
  5970   0006EA  A4D8               	btfss	status,2,c
  5971   0006EC  EF7A  F003         	goto	i2u354_41
  5972   0006F0  EF7C  F003         	goto	i2u354_40
  5973   0006F4                     i2u354_41:
  5974   0006F4  EF7E  F003         	goto	i2l3445
  5975   0006F8                     i2u354_40:
  5976   0006F8  EF6F  F003         	goto	i2l3439
  5977   0006FC                     i2l3445:
  5978   0006FC  6A32               	clrf	strtof@i^0,c
  5979   0006FE  EF82  F003         	goto	i2l3449
  5980   000702                     i2l3447:
  5981   000702  2A32               	incf	strtof@i^0,f,c
  5982   000704                     i2l3449:
  5983   000704  501A               	movf	strtof@s^0,w,c
  5984   000706  2432               	addwf	strtof@i^0,w,c
  5985   000708  6ED9               	movwf	fsr2l,c
  5986   00070A  6ADA               	clrf	fsr2h,c
  5987   00070C  50DF               	movf	indf2,w,c
  5988   00070E  B4D8               	btfsc	status,2,c
  5989   000710  EF8C  F003         	goto	i2u355_41
  5990   000714  EF8E  F003         	goto	i2u355_40
  5991   000718                     i2u355_41:
  5992   000718  EFB8  F003         	goto	i2l3455
  5993   00071C                     i2u355_40:
  5994   00071C  501A               	movf	strtof@s^0,w,c
  5995   00071E  2432               	addwf	strtof@i^0,w,c
  5996   000720  6ED9               	movwf	fsr2l,c
  5997   000722  6ADA               	clrf	fsr2h,c
  5998   000724  50DF               	movf	indf2,w,c
  5999   000726  6E1E               	movwf	??_strtof^0,c
  6000   000728  5032               	movf	strtof@i^0,w,c
  6001   00072A  0F1B               	addlw	low STR_4
  6002   00072C  6E1F               	movwf	(??_strtof+1)^0,c
  6003   00072E  C01F  FFF6         	movff	??_strtof+1,tblptrl
  6004   000732                     	if	0	;There is only one active tblptr byte
  6005   000732                     	endif
  6006   000732                     	if	0	;tblptru may be non-zero
  6007   000732                     	endif
  6008   000732                     	if	0	;tblptru may be non-zero
  6009   000732                     	endif
  6010   000732  0008               	tblrd		*
  6011   000734  50F5               	movf	tablat,w,c
  6012   000736  181E               	xorwf	??_strtof^0,w,c
  6013   000738  B4D8               	btfsc	status,2,c
  6014   00073A  EFA1  F003         	goto	i2u356_41
  6015   00073E  EFA3  F003         	goto	i2u356_40
  6016   000742                     i2u356_41:
  6017   000742  EF81  F003         	goto	i2l3447
  6018   000746                     i2u356_40:
  6019   000746  501A               	movf	strtof@s^0,w,c
  6020   000748  2432               	addwf	strtof@i^0,w,c
  6021   00074A  6ED9               	movwf	fsr2l,c
  6022   00074C  6ADA               	clrf	fsr2h,c
  6023   00074E  50DF               	movf	indf2,w,c
  6024   000750  6E1E               	movwf	??_strtof^0,c
  6025   000752  5032               	movf	strtof@i^0,w,c
  6026   000754  0F12               	addlw	low STR_5
  6027   000756  6E1F               	movwf	(??_strtof+1)^0,c
  6028   000758  C01F  FFF6         	movff	??_strtof+1,tblptrl
  6029   00075C                     	if	0	;There is only one active tblptr byte
  6030   00075C                     	endif
  6031   00075C                     	if	0	;tblptru may be non-zero
  6032   00075C                     	endif
  6033   00075C                     	if	0	;tblptru may be non-zero
  6034   00075C                     	endif
  6035   00075C  0008               	tblrd		*
  6036   00075E  50F5               	movf	tablat,w,c
  6037   000760  181E               	xorwf	??_strtof^0,w,c
  6038   000762  B4D8               	btfsc	status,2,c
  6039   000764  EFB6  F003         	goto	i2u357_41
  6040   000768  EFB8  F003         	goto	i2u357_40
  6041   00076C                     i2u357_41:
  6042   00076C  EF81  F003         	goto	i2l3447
  6043   000770                     i2u357_40:
  6044   000770                     i2l3455:
  6045   000770  0E02               	movlw	2
  6046   000772  6432               	cpfsgt	strtof@i^0,c
  6047   000774  EFBE  F003         	goto	i2u358_41
  6048   000778  EFC0  F003         	goto	i2u358_40
  6049   00077C                     i2u358_41:
  6050   00077C  EFE5  F003         	goto	i2l1067
  6051   000780                     i2u358_40:
  6052   000780  0E00               	movlw	0
  6053   000782  6E2E               	movwf	strtof@_u^0,c
  6054   000784  0E00               	movlw	0
  6055   000786  6E2F               	movwf	(strtof@_u+1)^0,c
  6056   000788  0E80               	movlw	128
  6057   00078A  6E30               	movwf	(strtof@_u+2)^0,c
  6058   00078C  0E7F               	movlw	127
  6059   00078E  6E31               	movwf	(strtof@_u+3)^0,c
  6060   000790  501B               	movf	strtof@res^0,w,c
  6061   000792  101C               	iorwf	(strtof@res+1)^0,w,c
  6062   000794  B4D8               	btfsc	status,2,c
  6063   000796  EFCF  F003         	goto	i2u359_41
  6064   00079A  EFD1  F003         	goto	i2u359_40
  6065   00079E                     i2u359_41:
  6066   00079E  EF75  F00A         	goto	i2l3803
  6067   0007A2                     i2u359_40:
  6068   0007A2  0E08               	movlw	8
  6069   0007A4  1832               	xorwf	strtof@i^0,w,c
  6070   0007A6  B4D8               	btfsc	status,2,c
  6071   0007A8  EFD8  F003         	goto	i2u360_41
  6072   0007AC  EFDA  F003         	goto	i2u360_40
  6073   0007B0                     i2u360_41:
  6074   0007B0  EFDC  F003         	goto	i2l3465
  6075   0007B4                     i2u360_40:
  6076   0007B4  0E03               	movlw	3
  6077   0007B6  6E32               	movwf	strtof@i^0,c
  6078   0007B8                     i2l3465:
  6079   0007B8  501A               	movf	strtof@s^0,w,c
  6080   0007BA  2432               	addwf	strtof@i^0,w,c
  6081   0007BC  C01B  FFD9         	movff	strtof@res,fsr2l
  6082   0007C0  C01C  FFDA         	movff	strtof@res+1,fsr2h
  6083   0007C4  6EDF               	movwf	indf2,c
  6084   0007C6  EF75  F00A         	goto	i2l3803
  6085   0007CA                     i2l1067:
  6086   0007CA  6A32               	clrf	strtof@i^0,c
  6087   0007CC  EFE9  F003         	goto	i2l3469
  6088   0007D0                     i2l3467:
  6089   0007D0  2A32               	incf	strtof@i^0,f,c
  6090   0007D2                     i2l3469:
  6091   0007D2  501A               	movf	strtof@s^0,w,c
  6092   0007D4  2432               	addwf	strtof@i^0,w,c
  6093   0007D6  6ED9               	movwf	fsr2l,c
  6094   0007D8  6ADA               	clrf	fsr2h,c
  6095   0007DA  50DF               	movf	indf2,w,c
  6096   0007DC  B4D8               	btfsc	status,2,c
  6097   0007DE  EFF3  F003         	goto	i2u361_41
  6098   0007E2  EFF5  F003         	goto	i2u361_40
  6099   0007E6                     i2u361_41:
  6100   0007E6  EF1F  F004         	goto	i2l3475
  6101   0007EA                     i2u361_40:
  6102   0007EA  501A               	movf	strtof@s^0,w,c
  6103   0007EC  2432               	addwf	strtof@i^0,w,c
  6104   0007EE  6ED9               	movwf	fsr2l,c
  6105   0007F0  6ADA               	clrf	fsr2h,c
  6106   0007F2  50DF               	movf	indf2,w,c
  6107   0007F4  6E1E               	movwf	??_strtof^0,c
  6108   0007F6  5032               	movf	strtof@i^0,w,c
  6109   0007F8  0F32               	addlw	low STR_9
  6110   0007FA  6E1F               	movwf	(??_strtof+1)^0,c
  6111   0007FC  C01F  FFF6         	movff	??_strtof+1,tblptrl
  6112   000800                     	if	0	;There is only one active tblptr byte
  6113   000800                     	endif
  6114   000800                     	if	0	;tblptru may be non-zero
  6115   000800                     	endif
  6116   000800                     	if	0	;tblptru may be non-zero
  6117   000800                     	endif
  6118   000800  0008               	tblrd		*
  6119   000802  50F5               	movf	tablat,w,c
  6120   000804  181E               	xorwf	??_strtof^0,w,c
  6121   000806  B4D8               	btfsc	status,2,c
  6122   000808  EF08  F004         	goto	i2u362_41
  6123   00080C  EF0A  F004         	goto	i2u362_40
  6124   000810                     i2u362_41:
  6125   000810  EFE8  F003         	goto	i2l3467
  6126   000814                     i2u362_40:
  6127   000814  501A               	movf	strtof@s^0,w,c
  6128   000816  2432               	addwf	strtof@i^0,w,c
  6129   000818  6ED9               	movwf	fsr2l,c
  6130   00081A  6ADA               	clrf	fsr2h,c
  6131   00081C  50DF               	movf	indf2,w,c
  6132   00081E  6E1E               	movwf	??_strtof^0,c
  6133   000820  5032               	movf	strtof@i^0,w,c
  6134   000822  0F2A               	addlw	low STR_10
  6135   000824  6E1F               	movwf	(??_strtof+1)^0,c
  6136   000826  C01F  FFF6         	movff	??_strtof+1,tblptrl
  6137   00082A                     	if	0	;There is only one active tblptr byte
  6138   00082A                     	endif
  6139   00082A                     	if	0	;tblptru may be non-zero
  6140   00082A                     	endif
  6141   00082A                     	if	0	;tblptru may be non-zero
  6142   00082A                     	endif
  6143   00082A  0008               	tblrd		*
  6144   00082C  50F5               	movf	tablat,w,c
  6145   00082E  181E               	xorwf	??_strtof^0,w,c
  6146   000830  B4D8               	btfsc	status,2,c
  6147   000832  EF1D  F004         	goto	i2u363_41
  6148   000836  EF1F  F004         	goto	i2u363_40
  6149   00083A                     i2u363_41:
  6150   00083A  EFE8  F003         	goto	i2l3467
  6151   00083E                     i2u363_40:
  6152   00083E                     i2l3475:
  6153   00083E  0E03               	movlw	3
  6154   000840  1832               	xorwf	strtof@i^0,w,c
  6155   000842  A4D8               	btfss	status,2,c
  6156   000844  EF26  F004         	goto	i2u364_41
  6157   000848  EF28  F004         	goto	i2u364_40
  6158   00084C                     i2u364_41:
  6159   00084C  EF7F  F004         	goto	i2l3499
  6160   000850                     i2u364_40:
  6161   000850  0E38               	movlw	low (STR_1+2)
  6162   000852  6E01               	movwf	nanf@s^0,c
  6163   000854  EC5A  F019         	call	_nanf	;wreg free
  6164   000858  C001  F02E         	movff	?_nanf,strtof@_u
  6165   00085C  C002  F02F         	movff	?_nanf+1,strtof@_u+1
  6166   000860  C003  F030         	movff	?_nanf+2,strtof@_u+2
  6167   000864  C004  F031         	movff	?_nanf+3,strtof@_u+3
  6168   000868  501B               	movf	strtof@res^0,w,c
  6169   00086A  101C               	iorwf	(strtof@res+1)^0,w,c
  6170   00086C  B4D8               	btfsc	status,2,c
  6171   00086E  EF3B  F004         	goto	i2u365_41
  6172   000872  EF3D  F004         	goto	i2u365_40
  6173   000876                     i2u365_41:
  6174   000876  EF75  F00A         	goto	i2l3803
  6175   00087A                     i2u365_40:
  6176   00087A  5032               	movf	strtof@i^0,w,c
  6177   00087C  261A               	addwf	strtof@s^0,f,c
  6178   00087E  501A               	movf	strtof@s^0,w,c
  6179   000880  6ED9               	movwf	fsr2l,c
  6180   000882  6ADA               	clrf	fsr2h,c
  6181   000884  0E28               	movlw	40
  6182   000886  18DE               	xorwf	postinc2,w,c
  6183   000888  A4D8               	btfss	status,2,c
  6184   00088A  EF49  F004         	goto	i2u366_41
  6185   00088E  EF4B  F004         	goto	i2u366_40
  6186   000892                     i2u366_41:
  6187   000892  EF77  F004         	goto	i2l3497
  6188   000896                     i2u366_40:
  6189   000896  6A32               	clrf	strtof@i^0,c
  6190   000898  EF4F  F004         	goto	i2l3489
  6191   00089C                     i2l3487:
  6192   00089C  2A32               	incf	strtof@i^0,f,c
  6193   00089E                     i2l3489:
  6194   00089E  501A               	movf	strtof@s^0,w,c
  6195   0008A0  2432               	addwf	strtof@i^0,w,c
  6196   0008A2  6ED9               	movwf	fsr2l,c
  6197   0008A4  6ADA               	clrf	fsr2h,c
  6198   0008A6  50DF               	movf	indf2,w,c
  6199   0008A8  B4D8               	btfsc	status,2,c
  6200   0008AA  EF59  F004         	goto	i2u367_41
  6201   0008AE  EF5B  F004         	goto	i2u367_40
  6202   0008B2                     i2u367_41:
  6203   0008B2  EF68  F004         	goto	i2l3493
  6204   0008B6                     i2u367_40:
  6205   0008B6  501A               	movf	strtof@s^0,w,c
  6206   0008B8  2432               	addwf	strtof@i^0,w,c
  6207   0008BA  6ED9               	movwf	fsr2l,c
  6208   0008BC  6ADA               	clrf	fsr2h,c
  6209   0008BE  0E29               	movlw	41
  6210   0008C0  18DE               	xorwf	postinc2,w,c
  6211   0008C2  A4D8               	btfss	status,2,c
  6212   0008C4  EF66  F004         	goto	i2u368_41
  6213   0008C8  EF68  F004         	goto	i2u368_40
  6214   0008CC                     i2u368_41:
  6215   0008CC  EF4E  F004         	goto	i2l3487
  6216   0008D0                     i2u368_40:
  6217   0008D0                     i2l3493:
  6218   0008D0  501A               	movf	strtof@s^0,w,c
  6219   0008D2  2432               	addwf	strtof@i^0,w,c
  6220   0008D4  6ED9               	movwf	fsr2l,c
  6221   0008D6  6ADA               	clrf	fsr2h,c
  6222   0008D8  0E29               	movlw	41
  6223   0008DA  18DE               	xorwf	postinc2,w,c
  6224   0008DC  A4D8               	btfss	status,2,c
  6225   0008DE  EF73  F004         	goto	i2u369_41
  6226   0008E2  EF75  F004         	goto	i2u369_40
  6227   0008E6                     i2u369_41:
  6228   0008E6  EF77  F004         	goto	i2l3497
  6229   0008EA                     i2u369_40:
  6230   0008EA  2832               	incf	strtof@i^0,w,c
  6231   0008EC  261A               	addwf	strtof@s^0,f,c
  6232   0008EE                     i2l3497:
  6233   0008EE  C01B  FFD9         	movff	strtof@res,fsr2l
  6234   0008F2  C01C  FFDA         	movff	strtof@res+1,fsr2h
  6235   0008F6  C01A  FFDF         	movff	strtof@s,indf2
  6236   0008FA  EF75  F00A         	goto	i2l3803
  6237   0008FE                     i2l3499:
  6238   0008FE  0E00               	movlw	0
  6239   000900  6E2D               	movwf	(strtof@eexp+1)^0,c
  6240   000902  0E00               	movlw	0
  6241   000904  6E2C               	movwf	strtof@eexp^0,c
  6242   000906  0E00               	movlw	0
  6243   000908  6E2E               	movwf	strtof@_u^0,c
  6244   00090A  0E00               	movlw	0
  6245   00090C  6E2F               	movwf	(strtof@_u+1)^0,c
  6246   00090E  0E00               	movlw	0
  6247   000910  6E30               	movwf	(strtof@_u+2)^0,c
  6248   000912  0E00               	movlw	0
  6249   000914  6E31               	movwf	(strtof@_u+3)^0,c
  6250   000916  6A26               	clrf	strtof@xpos^0,c
  6251   000918  6A27               	clrf	strtof@dpos^0,c
  6252   00091A  0E00               	movlw	0
  6253   00091C  6E2B               	movwf	(strtof@expon+1)^0,c
  6254   00091E  0E00               	movlw	0
  6255   000920  6E2A               	movwf	strtof@expon^0,c
  6256   000922  6A32               	clrf	strtof@i^0,c
  6257   000924  EF95  F004         	goto	i2l3509
  6258   000928                     i2l3507:
  6259   000928  2A32               	incf	strtof@i^0,f,c
  6260   00092A                     i2l3509:
  6261   00092A  501A               	movf	strtof@s^0,w,c
  6262   00092C  2432               	addwf	strtof@i^0,w,c
  6263   00092E  6ED9               	movwf	fsr2l,c
  6264   000930  6ADA               	clrf	fsr2h,c
  6265   000932  0E30               	movlw	48
  6266   000934  18DE               	xorwf	postinc2,w,c
  6267   000936  B4D8               	btfsc	status,2,c
  6268   000938  EFA0  F004         	goto	i2u370_41
  6269   00093C  EFA2  F004         	goto	i2u370_40
  6270   000940                     i2u370_41:
  6271   000940  EF94  F004         	goto	i2l3507
  6272   000944                     i2u370_40:
  6273   000944  5032               	movf	strtof@i^0,w,c
  6274   000946  B4D8               	btfsc	status,2,c
  6275   000948  EFA8  F004         	goto	i2u371_41
  6276   00094C  EFAA  F004         	goto	i2u371_40
  6277   000950                     i2u371_41:
  6278   000950  EF05  F008         	goto	i2l1150
  6279   000954                     i2u371_40:
  6280   000954  501A               	movf	strtof@s^0,w,c
  6281   000956  2432               	addwf	strtof@i^0,w,c
  6282   000958  6ED9               	movwf	fsr2l,c
  6283   00095A  6ADA               	clrf	fsr2h,c
  6284   00095C  0E78               	movlw	120
  6285   00095E  18DE               	xorwf	postinc2,w,c
  6286   000960  B4D8               	btfsc	status,2,c
  6287   000962  EFB5  F004         	goto	i2u372_41
  6288   000966  EFB7  F004         	goto	i2u372_40
  6289   00096A                     i2u372_41:
  6290   00096A  EFC4  F004         	goto	i2l3517
  6291   00096E                     i2u372_40:
  6292   00096E  501A               	movf	strtof@s^0,w,c
  6293   000970  2432               	addwf	strtof@i^0,w,c
  6294   000972  6ED9               	movwf	fsr2l,c
  6295   000974  6ADA               	clrf	fsr2h,c
  6296   000976  0E58               	movlw	88
  6297   000978  18DE               	xorwf	postinc2,w,c
  6298   00097A  A4D8               	btfss	status,2,c
  6299   00097C  EFC2  F004         	goto	i2u373_41
  6300   000980  EFC4  F004         	goto	i2u373_40
  6301   000984                     i2u373_41:
  6302   000984  EF05  F008         	goto	i2l1150
  6303   000988                     i2u373_40:
  6304   000988                     i2l3517:
  6305   000988  501A               	movf	strtof@s^0,w,c
  6306   00098A  2432               	addwf	strtof@i^0,w,c
  6307   00098C  6ED9               	movwf	fsr2l,c
  6308   00098E  6ADA               	clrf	fsr2h,c
  6309   000990  0E01               	movlw	1
  6310   000992  26D9               	addwf	fsr2l,f,c
  6311   000994  50DF               	movf	indf2,w,c
  6312   000996  6E1E               	movwf	??_strtof^0,c
  6313   000998  501E               	movf	??_strtof^0,w,c
  6314   00099A  6E01               	movwf	isxdigit@c^0,c
  6315   00099C  6A02               	clrf	(isxdigit@c+1)^0,c
  6316   00099E  EC7F  F017         	call	_isxdigit	;wreg free
  6317   0009A2  5001               	movf	?_isxdigit^0,w,c
  6318   0009A4  1002               	iorwf	(?_isxdigit+1)^0,w,c
  6319   0009A6  A4D8               	btfss	status,2,c
  6320   0009A8  EFD8  F004         	goto	i2u374_41
  6321   0009AC  EFDA  F004         	goto	i2u374_40
  6322   0009B0                     i2u374_41:
  6323   0009B0  EFEB  F004         	goto	i2l1094
  6324   0009B4                     i2u374_40:
  6325   0009B4  501A               	movf	strtof@s^0,w,c
  6326   0009B6  2432               	addwf	strtof@i^0,w,c
  6327   0009B8  6ED9               	movwf	fsr2l,c
  6328   0009BA  6ADA               	clrf	fsr2h,c
  6329   0009BC  0E01               	movlw	1
  6330   0009BE  26D9               	addwf	fsr2l,f,c
  6331   0009C0  0E2E               	movlw	46
  6332   0009C2  18DE               	xorwf	postinc2,w,c
  6333   0009C4  B4D8               	btfsc	status,2,c
  6334   0009C6  EFE7  F004         	goto	i2u375_41
  6335   0009CA  EFE9  F004         	goto	i2u375_40
  6336   0009CE                     i2u375_41:
  6337   0009CE  EFEB  F004         	goto	i2l1094
  6338   0009D2                     i2u375_40:
  6339   0009D2  EF30  F007         	goto	i2l3649
  6340   0009D6                     i2l1094:
  6341   0009D6  C032  F026         	movff	strtof@i,strtof@xpos
  6342   0009DA                     i2l3523:
  6343   0009DA  2A32               	incf	strtof@i^0,f,c
  6344   0009DC  501A               	movf	strtof@s^0,w,c
  6345   0009DE  2432               	addwf	strtof@i^0,w,c
  6346   0009E0  6ED9               	movwf	fsr2l,c
  6347   0009E2  6ADA               	clrf	fsr2h,c
  6348   0009E4  0E30               	movlw	48
  6349   0009E6  18DE               	xorwf	postinc2,w,c
  6350   0009E8  B4D8               	btfsc	status,2,c
  6351   0009EA  EFF9  F004         	goto	i2u376_41
  6352   0009EE  EFFB  F004         	goto	i2u376_40
  6353   0009F2                     i2u376_41:
  6354   0009F2  EFED  F004         	goto	i2l3523
  6355   0009F6                     i2u376_40:
  6356   0009F6                     i2l3529:
  6357   0009F6  501A               	movf	strtof@s^0,w,c
  6358   0009F8  2432               	addwf	strtof@i^0,w,c
  6359   0009FA  6ED9               	movwf	fsr2l,c
  6360   0009FC  6ADA               	clrf	fsr2h,c
  6361   0009FE  0E70               	movlw	112
  6362   000A00  18DE               	xorwf	postinc2,w,c
  6363   000A02  B4D8               	btfsc	status,2,c
  6364   000A04  EF06  F005         	goto	i2u377_41
  6365   000A08  EF08  F005         	goto	i2u377_40
  6366   000A0C                     i2u377_41:
  6367   000A0C  EF5E  F006         	goto	i2l3593
  6368   000A10                     i2u377_40:
  6369   000A10  501A               	movf	strtof@s^0,w,c
  6370   000A12  2432               	addwf	strtof@i^0,w,c
  6371   000A14  6ED9               	movwf	fsr2l,c
  6372   000A16  6ADA               	clrf	fsr2h,c
  6373   000A18  0E50               	movlw	80
  6374   000A1A  18DE               	xorwf	postinc2,w,c
  6375   000A1C  A4D8               	btfss	status,2,c
  6376   000A1E  EF13  F005         	goto	i2u378_41
  6377   000A22  EF15  F005         	goto	i2u378_40
  6378   000A26                     i2u378_41:
  6379   000A26  EF17  F005         	goto	i2l3535
  6380   000A2A                     i2u378_40:
  6381   000A2A  EF5E  F006         	goto	i2l3593
  6382   000A2E                     i2l3535:
  6383   000A2E  501A               	movf	strtof@s^0,w,c
  6384   000A30  2432               	addwf	strtof@i^0,w,c
  6385   000A32  6ED9               	movwf	fsr2l,c
  6386   000A34  6ADA               	clrf	fsr2h,c
  6387   000A36  0E2E               	movlw	46
  6388   000A38  18DE               	xorwf	postinc2,w,c
  6389   000A3A  A4D8               	btfss	status,2,c
  6390   000A3C  EF22  F005         	goto	i2u379_41
  6391   000A40  EF24  F005         	goto	i2u379_40
  6392   000A44                     i2u379_41:
  6393   000A44  EF2A  F005         	goto	i2l3543
  6394   000A48                     i2u379_40:
  6395   000A48  8829               	bsf	strtof@flags^0,4,c
  6396   000A4A  C032  F027         	movff	strtof@i,strtof@dpos
  6397   000A4E  2A32               	incf	strtof@i^0,f,c
  6398   000A50  EF5E  F006         	goto	i2l3593
  6399   000A54                     i2l3543:
  6400   000A54  501A               	movf	strtof@s^0,w,c
  6401   000A56  2432               	addwf	strtof@i^0,w,c
  6402   000A58  6ED9               	movwf	fsr2l,c
  6403   000A5A  6ADA               	clrf	fsr2h,c
  6404   000A5C  50DF               	movf	indf2,w,c
  6405   000A5E  6E1E               	movwf	??_strtof^0,c
  6406   000A60  501E               	movf	??_strtof^0,w,c
  6407   000A62  6E01               	movwf	isxdigit@c^0,c
  6408   000A64  6A02               	clrf	(isxdigit@c+1)^0,c
  6409   000A66  EC7F  F017         	call	_isxdigit	;wreg free
  6410   000A6A  5001               	movf	?_isxdigit^0,w,c
  6411   000A6C  1002               	iorwf	(?_isxdigit+1)^0,w,c
  6412   000A6E  B4D8               	btfsc	status,2,c
  6413   000A70  EF3C  F005         	goto	i2u380_41
  6414   000A74  EF3E  F005         	goto	i2u380_40
  6415   000A78                     i2u380_41:
  6416   000A78  EF30  F007         	goto	i2l3649
  6417   000A7C                     i2u380_40:
  6418   000A7C  6A28               	clrf	strtof@digit^0,c
  6419   000A7E  501A               	movf	strtof@s^0,w,c
  6420   000A80  2432               	addwf	strtof@i^0,w,c
  6421   000A82  6ED9               	movwf	fsr2l,c
  6422   000A84  6ADA               	clrf	fsr2h,c
  6423   000A86  50DF               	movf	indf2,w,c
  6424   000A88  6E1E               	movwf	??_strtof^0,c
  6425   000A8A  501E               	movf	??_strtof^0,w,c
  6426   000A8C  6E01               	movwf	isdigit@c^0,c
  6427   000A8E  6A02               	clrf	(isdigit@c+1)^0,c
  6428   000A90  EC0D  F019         	call	_isdigit	;wreg free
  6429   000A94  5001               	movf	?_isdigit^0,w,c
  6430   000A96  1002               	iorwf	(?_isdigit+1)^0,w,c
  6431   000A98  B4D8               	btfsc	status,2,c
  6432   000A9A  EF51  F005         	goto	i2u381_41
  6433   000A9E  EF53  F005         	goto	i2u381_40
  6434   000AA2                     i2u381_41:
  6435   000AA2  EF5C  F005         	goto	i2l3551
  6436   000AA6                     i2u381_40:
  6437   000AA6  501A               	movf	strtof@s^0,w,c
  6438   000AA8  2432               	addwf	strtof@i^0,w,c
  6439   000AAA  6ED9               	movwf	fsr2l,c
  6440   000AAC  6ADA               	clrf	fsr2h,c
  6441   000AAE  50DF               	movf	indf2,w,c
  6442   000AB0  0FD0               	addlw	208
  6443   000AB2  6E28               	movwf	strtof@digit^0,c
  6444   000AB4  EF6A  F005         	goto	i2l3553
  6445   000AB8                     i2l3551:
  6446   000AB8  501A               	movf	strtof@s^0,w,c
  6447   000ABA  2432               	addwf	strtof@i^0,w,c
  6448   000ABC  6ED9               	movwf	fsr2l,c
  6449   000ABE  6ADA               	clrf	fsr2h,c
  6450   000AC0  50DF               	movf	indf2,w,c
  6451   000AC2  6E1E               	movwf	??_strtof^0,c
  6452   000AC4  501E               	movf	??_strtof^0,w,c
  6453   000AC6  6E01               	movwf	toupper@c^0,c
  6454   000AC8  6A02               	clrf	(toupper@c+1)^0,c
  6455   000ACA  ECDF  F018         	call	_toupper	;wreg free
  6456   000ACE  5001               	movf	?_toupper^0,w,c
  6457   000AD0  0FC9               	addlw	201
  6458   000AD2  6E28               	movwf	strtof@digit^0,c
  6459   000AD4                     i2l3553:
  6460   000AD4  BE2D               	btfsc	(strtof@eexp+1)^0,7,c
  6461   000AD6  EF78  F005         	goto	i2u382_40
  6462   000ADA  502D               	movf	(strtof@eexp+1)^0,w,c
  6463   000ADC  E107               	bnz	i2u382_41
  6464   000ADE  0E08               	movlw	8
  6465   000AE0  5C2C               	subwf	strtof@eexp^0,w,c
  6466   000AE2  B0D8               	btfsc	status,0,c
  6467   000AE4  EF76  F005         	goto	i2u382_41
  6468   000AE8  EF78  F005         	goto	i2u382_40
  6469   000AEC                     i2u382_41:
  6470   000AEC  EF97  F005         	goto	i2l3557
  6471   000AF0                     i2u382_40:
  6472   000AF0  502C               	movf	strtof@eexp^0,w,c
  6473   000AF2  0807               	sublw	7
  6474   000AF4  6E1E               	movwf	??_strtof^0,c
  6475   000AF6  90D8               	bcf	status,0,c
  6476   000AF8  361E               	rlcf	??_strtof^0,f,c
  6477   000AFA  90D8               	bcf	status,0,c
  6478   000AFC  361E               	rlcf	??_strtof^0,f,c
  6479   000AFE  C028  F01F         	movff	strtof@digit,??_strtof+1
  6480   000B02  6A20               	clrf	(??_strtof+2)^0,c
  6481   000B04  6A21               	clrf	(??_strtof+3)^0,c
  6482   000B06  6A22               	clrf	(??_strtof+4)^0,c
  6483   000B08  2A1E               	incf	??_strtof^0,f,c
  6484   000B0A  EF8C  F005         	goto	i2u383_40
  6485   000B0E                     i2u383_45:
  6486   000B0E  90D8               	bcf	status,0,c
  6487   000B10  361F               	rlcf	(??_strtof+1)^0,f,c
  6488   000B12  3620               	rlcf	(??_strtof+2)^0,f,c
  6489   000B14  3621               	rlcf	(??_strtof+3)^0,f,c
  6490   000B16  3622               	rlcf	(??_strtof+4)^0,f,c
  6491   000B18                     i2u383_40:
  6492   000B18  2E1E               	decfsz	??_strtof^0,f,c
  6493   000B1A  EF87  F005         	goto	i2u383_45
  6494   000B1E  501F               	movf	(??_strtof+1)^0,w,c
  6495   000B20  122E               	iorwf	strtof@_u^0,f,c
  6496   000B22  5020               	movf	(??_strtof+2)^0,w,c
  6497   000B24  122F               	iorwf	(strtof@_u+1)^0,f,c
  6498   000B26  5021               	movf	(??_strtof+3)^0,w,c
  6499   000B28  1230               	iorwf	(strtof@_u+2)^0,f,c
  6500   000B2A  5022               	movf	(??_strtof+4)^0,w,c
  6501   000B2C  1231               	iorwf	(strtof@_u+3)^0,f,c
  6502   000B2E                     i2l3557:
  6503   000B2E  4A2C               	infsnz	strtof@eexp^0,f,c
  6504   000B30  2A2D               	incf	(strtof@eexp+1)^0,f,c
  6505   000B32  0E04               	movlw	4
  6506   000B34  262A               	addwf	strtof@expon^0,f,c
  6507   000B36  0E00               	movlw	0
  6508   000B38  222B               	addwfc	(strtof@expon+1)^0,f,c
  6509   000B3A  2A32               	incf	strtof@i^0,f,c
  6510   000B3C  EFFB  F004         	goto	i2l3529
  6511   000B40                     i2l3563:
  6512   000B40  501A               	movf	strtof@s^0,w,c
  6513   000B42  2432               	addwf	strtof@i^0,w,c
  6514   000B44  6ED9               	movwf	fsr2l,c
  6515   000B46  6ADA               	clrf	fsr2h,c
  6516   000B48  0E30               	movlw	48
  6517   000B4A  18DE               	xorwf	postinc2,w,c
  6518   000B4C  A4D8               	btfss	status,2,c
  6519   000B4E  EFAB  F005         	goto	i2u384_41
  6520   000B52  EFAD  F005         	goto	i2u384_40
  6521   000B56                     i2u384_41:
  6522   000B56  EFBC  F005         	goto	i2l3569
  6523   000B5A                     i2u384_40:
  6524   000B5A  502C               	movf	strtof@eexp^0,w,c
  6525   000B5C  102D               	iorwf	(strtof@eexp+1)^0,w,c
  6526   000B5E  A4D8               	btfss	status,2,c
  6527   000B60  EFB4  F005         	goto	i2u385_41
  6528   000B64  EFB6  F005         	goto	i2u385_40
  6529   000B68                     i2u385_41:
  6530   000B68  EFBC  F005         	goto	i2l3569
  6531   000B6C                     i2u385_40:
  6532   000B6C  0EFC               	movlw	252
  6533   000B6E  262A               	addwf	strtof@expon^0,f,c
  6534   000B70  0EFF               	movlw	255
  6535   000B72  222B               	addwfc	(strtof@expon+1)^0,f,c
  6536   000B74  EF5D  F006         	goto	i2l3591
  6537   000B78                     i2l3569:
  6538   000B78  501A               	movf	strtof@s^0,w,c
  6539   000B7A  2432               	addwf	strtof@i^0,w,c
  6540   000B7C  6ED9               	movwf	fsr2l,c
  6541   000B7E  6ADA               	clrf	fsr2h,c
  6542   000B80  50DF               	movf	indf2,w,c
  6543   000B82  6E1E               	movwf	??_strtof^0,c
  6544   000B84  501E               	movf	??_strtof^0,w,c
  6545   000B86  6E01               	movwf	isxdigit@c^0,c
  6546   000B88  6A02               	clrf	(isxdigit@c+1)^0,c
  6547   000B8A  EC7F  F017         	call	_isxdigit	;wreg free
  6548   000B8E  5001               	movf	?_isxdigit^0,w,c
  6549   000B90  1002               	iorwf	(?_isxdigit+1)^0,w,c
  6550   000B92  B4D8               	btfsc	status,2,c
  6551   000B94  EFCE  F005         	goto	i2u386_41
  6552   000B98  EFD0  F005         	goto	i2u386_40
  6553   000B9C                     i2u386_41:
  6554   000B9C  EF2D  F006         	goto	i2l3585
  6555   000BA0                     i2u386_40:
  6556   000BA0  6A28               	clrf	strtof@digit^0,c
  6557   000BA2  501A               	movf	strtof@s^0,w,c
  6558   000BA4  2432               	addwf	strtof@i^0,w,c
  6559   000BA6  6ED9               	movwf	fsr2l,c
  6560   000BA8  6ADA               	clrf	fsr2h,c
  6561   000BAA  50DF               	movf	indf2,w,c
  6562   000BAC  6E1E               	movwf	??_strtof^0,c
  6563   000BAE  501E               	movf	??_strtof^0,w,c
  6564   000BB0  6E01               	movwf	isdigit@c^0,c
  6565   000BB2  6A02               	clrf	(isdigit@c+1)^0,c
  6566   000BB4  EC0D  F019         	call	_isdigit	;wreg free
  6567   000BB8  5001               	movf	?_isdigit^0,w,c
  6568   000BBA  1002               	iorwf	(?_isdigit+1)^0,w,c
  6569   000BBC  B4D8               	btfsc	status,2,c
  6570   000BBE  EFE3  F005         	goto	i2u387_41
  6571   000BC2  EFE5  F005         	goto	i2u387_40
  6572   000BC6                     i2u387_41:
  6573   000BC6  EFEE  F005         	goto	i2l3577
  6574   000BCA                     i2u387_40:
  6575   000BCA  501A               	movf	strtof@s^0,w,c
  6576   000BCC  2432               	addwf	strtof@i^0,w,c
  6577   000BCE  6ED9               	movwf	fsr2l,c
  6578   000BD0  6ADA               	clrf	fsr2h,c
  6579   000BD2  50DF               	movf	indf2,w,c
  6580   000BD4  0FD0               	addlw	208
  6581   000BD6  6E28               	movwf	strtof@digit^0,c
  6582   000BD8  EFFC  F005         	goto	i2l3579
  6583   000BDC                     i2l3577:
  6584   000BDC  501A               	movf	strtof@s^0,w,c
  6585   000BDE  2432               	addwf	strtof@i^0,w,c
  6586   000BE0  6ED9               	movwf	fsr2l,c
  6587   000BE2  6ADA               	clrf	fsr2h,c
  6588   000BE4  50DF               	movf	indf2,w,c
  6589   000BE6  6E1E               	movwf	??_strtof^0,c
  6590   000BE8  501E               	movf	??_strtof^0,w,c
  6591   000BEA  6E01               	movwf	toupper@c^0,c
  6592   000BEC  6A02               	clrf	(toupper@c+1)^0,c
  6593   000BEE  ECDF  F018         	call	_toupper	;wreg free
  6594   000BF2  5001               	movf	?_toupper^0,w,c
  6595   000BF4  0FC9               	addlw	201
  6596   000BF6  6E28               	movwf	strtof@digit^0,c
  6597   000BF8                     i2l3579:
  6598   000BF8  BE2D               	btfsc	(strtof@eexp+1)^0,7,c
  6599   000BFA  EF0A  F006         	goto	i2u388_40
  6600   000BFE  502D               	movf	(strtof@eexp+1)^0,w,c
  6601   000C00  E107               	bnz	i2u388_41
  6602   000C02  0E08               	movlw	8
  6603   000C04  5C2C               	subwf	strtof@eexp^0,w,c
  6604   000C06  B0D8               	btfsc	status,0,c
  6605   000C08  EF08  F006         	goto	i2u388_41
  6606   000C0C  EF0A  F006         	goto	i2u388_40
  6607   000C10                     i2u388_41:
  6608   000C10  EF29  F006         	goto	i2l3583
  6609   000C14                     i2u388_40:
  6610   000C14  502C               	movf	strtof@eexp^0,w,c
  6611   000C16  0807               	sublw	7
  6612   000C18  6E1E               	movwf	??_strtof^0,c
  6613   000C1A  90D8               	bcf	status,0,c
  6614   000C1C  361E               	rlcf	??_strtof^0,f,c
  6615   000C1E  90D8               	bcf	status,0,c
  6616   000C20  361E               	rlcf	??_strtof^0,f,c
  6617   000C22  C028  F01F         	movff	strtof@digit,??_strtof+1
  6618   000C26  6A20               	clrf	(??_strtof+2)^0,c
  6619   000C28  6A21               	clrf	(??_strtof+3)^0,c
  6620   000C2A  6A22               	clrf	(??_strtof+4)^0,c
  6621   000C2C  2A1E               	incf	??_strtof^0,f,c
  6622   000C2E  EF1E  F006         	goto	i2u389_40
  6623   000C32                     i2u389_45:
  6624   000C32  90D8               	bcf	status,0,c
  6625   000C34  361F               	rlcf	(??_strtof+1)^0,f,c
  6626   000C36  3620               	rlcf	(??_strtof+2)^0,f,c
  6627   000C38  3621               	rlcf	(??_strtof+3)^0,f,c
  6628   000C3A  3622               	rlcf	(??_strtof+4)^0,f,c
  6629   000C3C                     i2u389_40:
  6630   000C3C  2E1E               	decfsz	??_strtof^0,f,c
  6631   000C3E  EF19  F006         	goto	i2u389_45
  6632   000C42  501F               	movf	(??_strtof+1)^0,w,c
  6633   000C44  122E               	iorwf	strtof@_u^0,f,c
  6634   000C46  5020               	movf	(??_strtof+2)^0,w,c
  6635   000C48  122F               	iorwf	(strtof@_u+1)^0,f,c
  6636   000C4A  5021               	movf	(??_strtof+3)^0,w,c
  6637   000C4C  1230               	iorwf	(strtof@_u+2)^0,f,c
  6638   000C4E  5022               	movf	(??_strtof+4)^0,w,c
  6639   000C50  1231               	iorwf	(strtof@_u+3)^0,f,c
  6640   000C52                     i2l3583:
  6641   000C52  4A2C               	infsnz	strtof@eexp^0,f,c
  6642   000C54  2A2D               	incf	(strtof@eexp+1)^0,f,c
  6643   000C56  EF5D  F006         	goto	i2l3591
  6644   000C5A                     i2l3585:
  6645   000C5A  5032               	movf	strtof@i^0,w,c
  6646   000C5C  6E1E               	movwf	??_strtof^0,c
  6647   000C5E  6A1F               	clrf	(??_strtof+1)^0,c
  6648   000C60  5027               	movf	strtof@dpos^0,w,c
  6649   000C62  6E20               	movwf	(??_strtof+2)^0,c
  6650   000C64  6A21               	clrf	(??_strtof+3)^0,c
  6651   000C66  0E01               	movlw	1
  6652   000C68  2620               	addwf	(??_strtof+2)^0,f,c
  6653   000C6A  0E00               	movlw	0
  6654   000C6C  2221               	addwfc	(??_strtof+3)^0,f,c
  6655   000C6E  501E               	movf	??_strtof^0,w,c
  6656   000C70  1820               	xorwf	(??_strtof+2)^0,w,c
  6657   000C72  E107               	bnz	i2u390_41
  6658   000C74  501F               	movf	(??_strtof+1)^0,w,c
  6659   000C76  1821               	xorwf	(??_strtof+3)^0,w,c
  6660   000C78  A4D8               	btfss	status,2,c
  6661   000C7A  EF41  F006         	goto	i2u390_41
  6662   000C7E  EF43  F006         	goto	i2u390_40
  6663   000C82                     i2u390_41:
  6664   000C82  EF65  F006         	goto	i2l3595
  6665   000C86                     i2u390_40:
  6666   000C86  5027               	movf	strtof@dpos^0,w,c
  6667   000C88  6E1E               	movwf	??_strtof^0,c
  6668   000C8A  6A1F               	clrf	(??_strtof+1)^0,c
  6669   000C8C  5026               	movf	strtof@xpos^0,w,c
  6670   000C8E  6E20               	movwf	(??_strtof+2)^0,c
  6671   000C90  6A21               	clrf	(??_strtof+3)^0,c
  6672   000C92  0E01               	movlw	1
  6673   000C94  2620               	addwf	(??_strtof+2)^0,f,c
  6674   000C96  0E00               	movlw	0
  6675   000C98  2221               	addwfc	(??_strtof+3)^0,f,c
  6676   000C9A  501E               	movf	??_strtof^0,w,c
  6677   000C9C  1820               	xorwf	(??_strtof+2)^0,w,c
  6678   000C9E  E107               	bnz	i2u391_41
  6679   000CA0  501F               	movf	(??_strtof+1)^0,w,c
  6680   000CA2  1821               	xorwf	(??_strtof+3)^0,w,c
  6681   000CA4  A4D8               	btfss	status,2,c
  6682   000CA6  EF57  F006         	goto	i2u391_41
  6683   000CAA  EF59  F006         	goto	i2u391_40
  6684   000CAE                     i2u391_41:
  6685   000CAE  EF65  F006         	goto	i2l3595
  6686   000CB2                     i2u391_40:
  6687   000CB2  C026  F032         	movff	strtof@xpos,strtof@i
  6688   000CB6  EF30  F007         	goto	i2l3649
  6689   000CBA                     i2l3591:
  6690   000CBA  2A32               	incf	strtof@i^0,f,c
  6691   000CBC                     i2l3593:
  6692   000CBC  B829               	btfsc	strtof@flags^0,4,c
  6693   000CBE  EF63  F006         	goto	i2u392_41
  6694   000CC2  EF65  F006         	goto	i2u392_40
  6695   000CC6                     i2u392_41:
  6696   000CC6  EFA0  F005         	goto	i2l3563
  6697   000CCA                     i2u392_40:
  6698   000CCA                     i2l3595:
  6699   000CCA  5032               	movf	strtof@i^0,w,c
  6700   000CCC  261A               	addwf	strtof@s^0,f,c
  6701   000CCE  6A32               	clrf	strtof@i^0,c
  6702   000CD0  501A               	movf	strtof@s^0,w,c
  6703   000CD2  6ED9               	movwf	fsr2l,c
  6704   000CD4  6ADA               	clrf	fsr2h,c
  6705   000CD6  0E70               	movlw	112
  6706   000CD8  18DE               	xorwf	postinc2,w,c
  6707   000CDA  B4D8               	btfsc	status,2,c
  6708   000CDC  EF72  F006         	goto	i2u393_41
  6709   000CE0  EF74  F006         	goto	i2u393_40
  6710   000CE4                     i2u393_41:
  6711   000CE4  EF82  F006         	goto	i2l3605
  6712   000CE8                     i2u393_40:
  6713   000CE8  501A               	movf	strtof@s^0,w,c
  6714   000CEA  6ED9               	movwf	fsr2l,c
  6715   000CEC  6ADA               	clrf	fsr2h,c
  6716   000CEE  0E50               	movlw	80
  6717   000CF0  18DE               	xorwf	postinc2,w,c
  6718   000CF2  B4D8               	btfsc	status,2,c
  6719   000CF4  EF7E  F006         	goto	i2u394_41
  6720   000CF8  EF80  F006         	goto	i2u394_40
  6721   000CFC                     i2u394_41:
  6722   000CFC  EF82  F006         	goto	i2l3605
  6723   000D00                     i2u394_40:
  6724   000D00  EF30  F007         	goto	i2l3649
  6725   000D04                     i2l3605:
  6726   000D04  2A32               	incf	strtof@i^0,f,c
  6727   000D06  501A               	movf	strtof@s^0,w,c
  6728   000D08  6ED9               	movwf	fsr2l,c
  6729   000D0A  6ADA               	clrf	fsr2h,c
  6730   000D0C  0E01               	movlw	1
  6731   000D0E  26D9               	addwf	fsr2l,f,c
  6732   000D10  0E2B               	movlw	43
  6733   000D12  18DE               	xorwf	postinc2,w,c
  6734   000D14  A4D8               	btfss	status,2,c
  6735   000D16  EF8F  F006         	goto	i2u395_41
  6736   000D1A  EF91  F006         	goto	i2u395_40
  6737   000D1E                     i2u395_41:
  6738   000D1E  EF94  F006         	goto	i2l3611
  6739   000D22                     i2u395_40:
  6740   000D22  2A32               	incf	strtof@i^0,f,c
  6741   000D24  EFA4  F006         	goto	i2l3615
  6742   000D28                     i2l3611:
  6743   000D28  501A               	movf	strtof@s^0,w,c
  6744   000D2A  6ED9               	movwf	fsr2l,c
  6745   000D2C  6ADA               	clrf	fsr2h,c
  6746   000D2E  0E01               	movlw	1
  6747   000D30  26D9               	addwf	fsr2l,f,c
  6748   000D32  0E2D               	movlw	45
  6749   000D34  18DE               	xorwf	postinc2,w,c
  6750   000D36  A4D8               	btfss	status,2,c
  6751   000D38  EFA0  F006         	goto	i2u396_41
  6752   000D3C  EFA2  F006         	goto	i2u396_40
  6753   000D40                     i2u396_41:
  6754   000D40  EFA4  F006         	goto	i2l3615
  6755   000D44                     i2u396_40:
  6756   000D44  8629               	bsf	strtof@flags^0,3,c
  6757   000D46  2A32               	incf	strtof@i^0,f,c
  6758   000D48                     i2l3615:
  6759   000D48  501A               	movf	strtof@s^0,w,c
  6760   000D4A  2432               	addwf	strtof@i^0,w,c
  6761   000D4C  6ED9               	movwf	fsr2l,c
  6762   000D4E  6ADA               	clrf	fsr2h,c
  6763   000D50  50DF               	movf	indf2,w,c
  6764   000D52  6E1E               	movwf	??_strtof^0,c
  6765   000D54  501E               	movf	??_strtof^0,w,c
  6766   000D56  6E01               	movwf	isdigit@c^0,c
  6767   000D58  6A02               	clrf	(isdigit@c+1)^0,c
  6768   000D5A  EC0D  F019         	call	_isdigit	;wreg free
  6769   000D5E  5001               	movf	?_isdigit^0,w,c
  6770   000D60  1002               	iorwf	(?_isdigit+1)^0,w,c
  6771   000D62  A4D8               	btfss	status,2,c
  6772   000D64  EFB6  F006         	goto	i2u397_41
  6773   000D68  EFB8  F006         	goto	i2u397_40
  6774   000D6C                     i2u397_41:
  6775   000D6C  EFBB  F006         	goto	i2l3619
  6776   000D70                     i2u397_40:
  6777   000D70  6A32               	clrf	strtof@i^0,c
  6778   000D72  EF30  F007         	goto	i2l3649
  6779   000D76                     i2l3619:
  6780   000D76  5032               	movf	strtof@i^0,w,c
  6781   000D78  261A               	addwf	strtof@s^0,f,c
  6782   000D7A  6A32               	clrf	strtof@i^0,c
  6783   000D7C  EFC1  F006         	goto	i2l3625
  6784   000D80                     i2l3623:
  6785   000D80  2A32               	incf	strtof@i^0,f,c
  6786   000D82                     i2l3625:
  6787   000D82  501A               	movf	strtof@s^0,w,c
  6788   000D84  2432               	addwf	strtof@i^0,w,c
  6789   000D86  6ED9               	movwf	fsr2l,c
  6790   000D88  6ADA               	clrf	fsr2h,c
  6791   000D8A  0E30               	movlw	48
  6792   000D8C  18DE               	xorwf	postinc2,w,c
  6793   000D8E  B4D8               	btfsc	status,2,c
  6794   000D90  EFCC  F006         	goto	i2u398_41
  6795   000D94  EFCE  F006         	goto	i2u398_40
  6796   000D98                     i2u398_41:
  6797   000D98  EFC0  F006         	goto	i2l3623
  6798   000D9C                     i2u398_40:
  6799   000D9C  0E00               	movlw	0
  6800   000D9E  6E2D               	movwf	(strtof@eexp+1)^0,c
  6801   000DA0  0E00               	movlw	0
  6802   000DA2  6E2C               	movwf	strtof@eexp^0,c
  6803   000DA4  EFFB  F006         	goto	i2l3637
  6804   000DA8                     i2l3629:
  6805   000DA8  5032               	movf	strtof@i^0,w,c
  6806   000DAA  B4D8               	btfsc	status,2,c
  6807   000DAC  EFDA  F006         	goto	i2u399_41
  6808   000DB0  EFDC  F006         	goto	i2u399_40
  6809   000DB4                     i2u399_41:
  6810   000DB4  EFEA  F006         	goto	i2l3633
  6811   000DB8                     i2u399_40:
  6812   000DB8  C02C  F001         	movff	strtof@eexp,___wmul@multiplier
  6813   000DBC  C02D  F002         	movff	strtof@eexp+1,___wmul@multiplier+1
  6814   000DC0  0E00               	movlw	0
  6815   000DC2  6E04               	movwf	(___wmul@multiplicand+1)^0,c
  6816   000DC4  0E0A               	movlw	10
  6817   000DC6  6E03               	movwf	___wmul@multiplicand^0,c
  6818   000DC8  EC36  F019         	call	___wmul	;wreg free
  6819   000DCC  C001  F02C         	movff	?___wmul,strtof@eexp
  6820   000DD0  C002  F02D         	movff	?___wmul+1,strtof@eexp+1
  6821   000DD4                     i2l3633:
  6822   000DD4  501A               	movf	strtof@s^0,w,c
  6823   000DD6  2432               	addwf	strtof@i^0,w,c
  6824   000DD8  6ED9               	movwf	fsr2l,c
  6825   000DDA  6ADA               	clrf	fsr2h,c
  6826   000DDC  50DF               	movf	indf2,w,c
  6827   000DDE  6E1E               	movwf	??_strtof^0,c
  6828   000DE0  0ED0               	movlw	208
  6829   000DE2  241E               	addwf	??_strtof^0,w,c
  6830   000DE4  6E1F               	movwf	(??_strtof+1)^0,c
  6831   000DE6  6A20               	clrf	(??_strtof+2)^0,c
  6832   000DE8  0EFF               	movlw	255
  6833   000DEA  2220               	addwfc	(??_strtof+2)^0,f,c
  6834   000DEC  501F               	movf	(??_strtof+1)^0,w,c
  6835   000DEE  262C               	addwf	strtof@eexp^0,f,c
  6836   000DF0  5020               	movf	(??_strtof+2)^0,w,c
  6837   000DF2  222D               	addwfc	(strtof@eexp+1)^0,f,c
  6838   000DF4  2A32               	incf	strtof@i^0,f,c
  6839   000DF6                     i2l3637:
  6840   000DF6  501A               	movf	strtof@s^0,w,c
  6841   000DF8  2432               	addwf	strtof@i^0,w,c
  6842   000DFA  6ED9               	movwf	fsr2l,c
  6843   000DFC  6ADA               	clrf	fsr2h,c
  6844   000DFE  50DF               	movf	indf2,w,c
  6845   000E00  6E1E               	movwf	??_strtof^0,c
  6846   000E02  501E               	movf	??_strtof^0,w,c
  6847   000E04  6E01               	movwf	isdigit@c^0,c
  6848   000E06  6A02               	clrf	(isdigit@c+1)^0,c
  6849   000E08  EC0D  F019         	call	_isdigit	;wreg free
  6850   000E0C  5001               	movf	?_isdigit^0,w,c
  6851   000E0E  1002               	iorwf	(?_isdigit+1)^0,w,c
  6852   000E10  A4D8               	btfss	status,2,c
  6853   000E12  EF0D  F007         	goto	i2u400_41
  6854   000E16  EF0F  F007         	goto	i2u400_40
  6855   000E1A                     i2u400_41:
  6856   000E1A  EFD4  F006         	goto	i2l3629
  6857   000E1E                     i2u400_40:
  6858   000E1E  5032               	movf	strtof@i^0,w,c
  6859   000E20  A4D8               	btfss	status,2,c
  6860   000E22  EF15  F007         	goto	i2u401_41
  6861   000E26  EF17  F007         	goto	i2u401_40
  6862   000E2A                     i2u401_41:
  6863   000E2A  EF21  F007         	goto	i2l1138
  6864   000E2E                     i2u401_40:
  6865   000E2E  0E00               	movlw	0
  6866   000E30  6E1A               	movwf	?_strtof^0,c
  6867   000E32  0E00               	movlw	0
  6868   000E34  6E1B               	movwf	(?_strtof+1)^0,c
  6869   000E36  0E00               	movlw	0
  6870   000E38  6E1C               	movwf	(?_strtof+2)^0,c
  6871   000E3A  0E00               	movlw	0
  6872   000E3C  6E1D               	movwf	(?_strtof+3)^0,c
  6873   000E3E  EFAB  F00A         	goto	i2l1139
  6874   000E42                     i2l1138:
  6875   000E42  A629               	btfss	strtof@flags^0,3,c
  6876   000E44  EF26  F007         	goto	i2u402_41
  6877   000E48  EF28  F007         	goto	i2u402_40
  6878   000E4C                     i2u402_41:
  6879   000E4C  EF2C  F007         	goto	i2l3647
  6880   000E50                     i2u402_40:
  6881   000E50  6C2C               	negf	strtof@eexp^0,c
  6882   000E52  1E2D               	comf	(strtof@eexp+1)^0,f,c
  6883   000E54  B0D8               	btfsc	status,0,c
  6884   000E56  2A2D               	incf	(strtof@eexp+1)^0,f,c
  6885   000E58                     i2l3647:
  6886   000E58  502C               	movf	strtof@eexp^0,w,c
  6887   000E5A  262A               	addwf	strtof@expon^0,f,c
  6888   000E5C  502D               	movf	(strtof@eexp+1)^0,w,c
  6889   000E5E  222B               	addwfc	(strtof@expon+1)^0,f,c
  6890   000E60                     i2l3649:
  6891   000E60  501B               	movf	strtof@res^0,w,c
  6892   000E62  101C               	iorwf	(strtof@res+1)^0,w,c
  6893   000E64  B4D8               	btfsc	status,2,c
  6894   000E66  EF37  F007         	goto	i2u403_41
  6895   000E6A  EF39  F007         	goto	i2u403_40
  6896   000E6E                     i2u403_41:
  6897   000E6E  EF40  F007         	goto	i2l3653
  6898   000E72                     i2u403_40:
  6899   000E72  501A               	movf	strtof@s^0,w,c
  6900   000E74  2432               	addwf	strtof@i^0,w,c
  6901   000E76  C01B  FFD9         	movff	strtof@res,fsr2l
  6902   000E7A  C01C  FFDA         	movff	strtof@res+1,fsr2h
  6903   000E7E  6EDF               	movwf	indf2,c
  6904   000E80                     i2l3653:
  6905   000E80  502E               	movf	strtof@_u^0,w,c
  6906   000E82  102F               	iorwf	(strtof@_u+1)^0,w,c
  6907   000E84  1030               	iorwf	(strtof@_u+2)^0,w,c
  6908   000E86  1031               	iorwf	(strtof@_u+3)^0,w,c
  6909   000E88  A4D8               	btfss	status,2,c
  6910   000E8A  EF49  F007         	goto	i2u404_41
  6911   000E8E  EF4B  F007         	goto	i2u404_40
  6912   000E92                     i2u404_41:
  6913   000E92  EF55  F007         	goto	i2l3659
  6914   000E96                     i2u404_40:
  6915   000E96  0E00               	movlw	0
  6916   000E98  6E1A               	movwf	?_strtof^0,c
  6917   000E9A  0E00               	movlw	0
  6918   000E9C  6E1B               	movwf	(?_strtof+1)^0,c
  6919   000E9E  0E00               	movlw	0
  6920   000EA0  6E1C               	movwf	(?_strtof+2)^0,c
  6921   000EA2  0E00               	movlw	0
  6922   000EA4  6E1D               	movwf	(?_strtof+3)^0,c
  6923   000EA6  EFAB  F00A         	goto	i2l1139
  6924   000EAA                     i2l3659:
  6925   000EAA  0EFF               	movlw	255
  6926   000EAC  142E               	andwf	strtof@_u^0,w,c
  6927   000EAE  6E1E               	movwf	??_strtof^0,c
  6928   000EB0  0E00               	movlw	0
  6929   000EB2  142F               	andwf	(strtof@_u+1)^0,w,c
  6930   000EB4  6E1F               	movwf	(??_strtof+1)^0,c
  6931   000EB6  0E00               	movlw	0
  6932   000EB8  1430               	andwf	(strtof@_u+2)^0,w,c
  6933   000EBA  6E20               	movwf	(??_strtof+2)^0,c
  6934   000EBC  0E00               	movlw	0
  6935   000EBE  1431               	andwf	(strtof@_u+3)^0,w,c
  6936   000EC0  6E21               	movwf	(??_strtof+3)^0,c
  6937   000EC2  5021               	movf	(??_strtof+3)^0,w,c
  6938   000EC4  1020               	iorwf	(??_strtof+2)^0,w,c
  6939   000EC6  101F               	iorwf	(??_strtof+1)^0,w,c
  6940   000EC8  E109               	bnz	i2u405_40
  6941   000ECA  0E81               	movlw	129
  6942   000ECC  5C1E               	subwf	??_strtof^0,w,c
  6943   000ECE  A0D8               	btfss	status,0,c
  6944   000ED0  EF6C  F007         	goto	i2u405_41
  6945   000ED4  EF6E  F007         	goto	i2u405_40
  6946   000ED8                     i2u405_41:
  6947   000ED8  EF80  F007         	goto	i2l3665
  6948   000EDC                     i2u405_40:
  6949   000EDC  0E00               	movlw	0
  6950   000EDE  262E               	addwf	strtof@_u^0,f,c
  6951   000EE0  0E01               	movlw	1
  6952   000EE2  222F               	addwfc	(strtof@_u+1)^0,f,c
  6953   000EE4  0E00               	movlw	0
  6954   000EE6  2230               	addwfc	(strtof@_u+2)^0,f,c
  6955   000EE8  0E00               	movlw	0
  6956   000EEA  2231               	addwfc	(strtof@_u+3)^0,f,c
  6957   000EEC  EF80  F007         	goto	i2l3665
  6958   000EF0                     i2l3663:
  6959   000EF0  90D8               	bcf	status,0,c
  6960   000EF2  362E               	rlcf	strtof@_u^0,f,c
  6961   000EF4  362F               	rlcf	(strtof@_u+1)^0,f,c
  6962   000EF6  3630               	rlcf	(strtof@_u+2)^0,f,c
  6963   000EF8  3631               	rlcf	(strtof@_u+3)^0,f,c
  6964   000EFA  062A               	decf	strtof@expon^0,f,c
  6965   000EFC  A0D8               	btfss	status,0,c
  6966   000EFE  062B               	decf	(strtof@expon+1)^0,f,c
  6967   000F00                     i2l3665:
  6968   000F00  AE31               	btfss	(strtof@_u+3)^0,7,c
  6969   000F02  EF85  F007         	goto	i2u406_41
  6970   000F06  EF87  F007         	goto	i2u406_40
  6971   000F0A                     i2u406_41:
  6972   000F0A  EF78  F007         	goto	i2l3663
  6973   000F0E                     i2u406_40:
  6974   000F0E  AE2B               	btfss	(strtof@expon+1)^0,7,c
  6975   000F10  EF93  F007         	goto	i2u407_41
  6976   000F14  0E83               	movlw	131
  6977   000F16  5C2A               	subwf	strtof@expon^0,w,c
  6978   000F18  0EFF               	movlw	255
  6979   000F1A  582B               	subwfb	(strtof@expon+1)^0,w,c
  6980   000F1C  B0D8               	btfsc	status,0,c
  6981   000F1E  EF93  F007         	goto	i2u407_41
  6982   000F22  EF95  F007         	goto	i2u407_40
  6983   000F26                     i2u407_41:
  6984   000F26  EFA1  F007         	goto	i2l3671
  6985   000F2A                     i2u407_40:
  6986   000F2A  0EFF               	movlw	255
  6987   000F2C  6E2B               	movwf	(strtof@expon+1)^0,c
  6988   000F2E  0E81               	movlw	129
  6989   000F30  6E2A               	movwf	strtof@expon^0,c
  6990   000F32  0E00               	movlw	0
  6991   000F34  6E2E               	movwf	strtof@_u^0,c
  6992   000F36  0E00               	movlw	0
  6993   000F38  6E2F               	movwf	(strtof@_u+1)^0,c
  6994   000F3A  0E00               	movlw	0
  6995   000F3C  6E30               	movwf	(strtof@_u+2)^0,c
  6996   000F3E  0E00               	movlw	0
  6997   000F40  6E31               	movwf	(strtof@_u+3)^0,c
  6998   000F42                     i2l3671:
  6999   000F42  0E81               	movlw	129
  7000   000F44  182A               	xorwf	strtof@expon^0,w,c
  7001   000F46  E108               	bnz	i2u408_40
  7002   000F48  282B               	incf	(strtof@expon+1)^0,w,c
  7003   000F4A  B4D8               	btfsc	status,2,c
  7004   000F4C  EFAA  F007         	goto	i2u408_41
  7005   000F50  EFAC  F007         	goto	i2u408_40
  7006   000F54                     i2u408_41:
  7007   000F54  EFB4  F007         	goto	i2l3675
  7008   000F58                     i2u408_40:
  7009   000F58  90D8               	bcf	status,0,c
  7010   000F5A  362E               	rlcf	strtof@_u^0,f,c
  7011   000F5C  362F               	rlcf	(strtof@_u+1)^0,f,c
  7012   000F5E  3630               	rlcf	(strtof@_u+2)^0,f,c
  7013   000F60  3631               	rlcf	(strtof@_u+3)^0,f,c
  7014   000F62  062A               	decf	strtof@expon^0,f,c
  7015   000F64  A0D8               	btfss	status,0,c
  7016   000F66  062B               	decf	(strtof@expon+1)^0,f,c
  7017   000F68                     i2l3675:
  7018   000F68  BE2B               	btfsc	(strtof@expon+1)^0,7,c
  7019   000F6A  EFC0  F007         	goto	i2u409_41
  7020   000F6E  502B               	movf	(strtof@expon+1)^0,w,c
  7021   000F70  E109               	bnz	i2u409_40
  7022   000F72  0E80               	movlw	128
  7023   000F74  5C2A               	subwf	strtof@expon^0,w,c
  7024   000F76  A0D8               	btfss	status,0,c
  7025   000F78  EFC0  F007         	goto	i2u409_41
  7026   000F7C  EFC2  F007         	goto	i2u409_40
  7027   000F80                     i2u409_41:
  7028   000F80  EFD4  F007         	goto	i2l3679
  7029   000F84                     i2u409_40:
  7030   000F84  0E00               	movlw	0
  7031   000F86  6E2E               	movwf	strtof@_u^0,c
  7032   000F88  0E00               	movlw	0
  7033   000F8A  6E2F               	movwf	(strtof@_u+1)^0,c
  7034   000F8C  0E00               	movlw	0
  7035   000F8E  6E30               	movwf	(strtof@_u+2)^0,c
  7036   000F90  0E00               	movlw	0
  7037   000F92  6E31               	movwf	(strtof@_u+3)^0,c
  7038   000F94  0E00               	movlw	0
  7039   000F96  6E2B               	movwf	(strtof@expon+1)^0,c
  7040   000F98  0E80               	movlw	128
  7041   000F9A  6E2A               	movwf	strtof@expon^0,c
  7042   000F9C  0E00               	movlw	0
  7043   000F9E  6E25               	movwf	(strtof@err+1)^0,c
  7044   000FA0  0E22               	movlw	34
  7045   000FA2  6E24               	movwf	strtof@err^0,c
  7046   000FA4  EF75  F00A         	goto	i2l3803
  7047   000FA8                     i2l3679:
  7048   000FA8  0E09               	movlw	9
  7049   000FAA  6E1E               	movwf	??_strtof^0,c
  7050   000FAC                     i2u410_45:
  7051   000FAC  90D8               	bcf	status,0,c
  7052   000FAE  3231               	rrcf	(strtof@_u+3)^0,f,c
  7053   000FB0  3230               	rrcf	(strtof@_u+2)^0,f,c
  7054   000FB2  322F               	rrcf	(strtof@_u+1)^0,f,c
  7055   000FB4  322E               	rrcf	strtof@_u^0,f,c
  7056   000FB6  2E1E               	decfsz	??_strtof^0,f,c
  7057   000FB8  EFD6  F007         	goto	i2u410_45
  7058   000FBC  0EFF               	movlw	255
  7059   000FBE  162E               	andwf	strtof@_u^0,f,c
  7060   000FC0  0EFF               	movlw	255
  7061   000FC2  162F               	andwf	(strtof@_u+1)^0,f,c
  7062   000FC4  0E7F               	movlw	127
  7063   000FC6  1630               	andwf	(strtof@_u+2)^0,f,c
  7064   000FC8  0E00               	movlw	0
  7065   000FCA  1631               	andwf	(strtof@_u+3)^0,f,c
  7066   000FCC  0E7F               	movlw	127
  7067   000FCE  242A               	addwf	strtof@expon^0,w,c
  7068   000FD0  6E1E               	movwf	??_strtof^0,c
  7069   000FD2  0E00               	movlw	0
  7070   000FD4  202B               	addwfc	(strtof@expon+1)^0,w,c
  7071   000FD6  6E1F               	movwf	(??_strtof+1)^0,c
  7072   000FD8  0EFF               	movlw	255
  7073   000FDA  141E               	andwf	??_strtof^0,w,c
  7074   000FDC  6E20               	movwf	(??_strtof+2)^0,c
  7075   000FDE  6A21               	clrf	(??_strtof+3)^0,c
  7076   000FE0  6A22               	clrf	(??_strtof+4)^0,c
  7077   000FE2  6A23               	clrf	(??_strtof+5)^0,c
  7078   000FE4  0E17               	movlw	23
  7079   000FE6                     i2u411_45:
  7080   000FE6  90D8               	bcf	status,0,c
  7081   000FE8  3620               	rlcf	(??_strtof+2)^0,f,c
  7082   000FEA  3621               	rlcf	(??_strtof+3)^0,f,c
  7083   000FEC  3622               	rlcf	(??_strtof+4)^0,f,c
  7084   000FEE  3623               	rlcf	(??_strtof+5)^0,f,c
  7085   000FF0  2EE8               	decfsz	wreg,f,c
  7086   000FF2  EFF3  F007         	goto	i2u411_45
  7087   000FF6  5020               	movf	(??_strtof+2)^0,w,c
  7088   000FF8  122E               	iorwf	strtof@_u^0,f,c
  7089   000FFA  5021               	movf	(??_strtof+3)^0,w,c
  7090   000FFC  122F               	iorwf	(strtof@_u+1)^0,f,c
  7091   000FFE  5022               	movf	(??_strtof+4)^0,w,c
  7092   001000  1230               	iorwf	(strtof@_u+2)^0,f,c
  7093   001002  5023               	movf	(??_strtof+5)^0,w,c
  7094   001004  1231               	iorwf	(strtof@_u+3)^0,f,c
  7095   001006  EF75  F00A         	goto	i2l3803
  7096   00100A                     i2l1150:
  7097   00100A  B829               	btfsc	strtof@flags^0,4,c
  7098   00100C  EF0A  F008         	goto	i2u412_41
  7099   001010  EF0C  F008         	goto	i2u412_40
  7100   001014                     i2u412_41:
  7101   001014  EF1C  F008         	goto	i2l3685
  7102   001018                     i2u412_40:
  7103   001018  501A               	movf	strtof@s^0,w,c
  7104   00101A  6ED9               	movwf	fsr2l,c
  7105   00101C  6ADA               	clrf	fsr2h,c
  7106   00101E  0E2E               	movlw	46
  7107   001020  18DE               	xorwf	postinc2,w,c
  7108   001022  A4D8               	btfss	status,2,c
  7109   001024  EF16  F008         	goto	i2u413_41
  7110   001028  EF18  F008         	goto	i2u413_40
  7111   00102C                     i2u413_41:
  7112   00102C  EF1C  F008         	goto	i2l3685
  7113   001030                     i2u413_40:
  7114   001030  8829               	bsf	strtof@flags^0,4,c
  7115   001032  2A1A               	incf	strtof@s^0,f,c
  7116   001034  EF05  F008         	goto	i2l1150
  7117   001038                     i2l3685:
  7118   001038  501A               	movf	strtof@s^0,w,c
  7119   00103A  6ED9               	movwf	fsr2l,c
  7120   00103C  6ADA               	clrf	fsr2h,c
  7121   00103E  50DF               	movf	indf2,w,c
  7122   001040  6E1E               	movwf	??_strtof^0,c
  7123   001042  501E               	movf	??_strtof^0,w,c
  7124   001044  6E01               	movwf	isdigit@c^0,c
  7125   001046  6A02               	clrf	(isdigit@c+1)^0,c
  7126   001048  EC0D  F019         	call	_isdigit	;wreg free
  7127   00104C  5001               	movf	?_isdigit^0,w,c
  7128   00104E  1002               	iorwf	(?_isdigit+1)^0,w,c
  7129   001050  A4D8               	btfss	status,2,c
  7130   001052  EF2D  F008         	goto	i2u414_41
  7131   001056  EF2F  F008         	goto	i2u414_40
  7132   00105A                     i2u414_41:
  7133   00105A  EF31  F008         	goto	i2l3689
  7134   00105E                     i2u414_40:
  7135   00105E  EF7D  F008         	goto	i2l3703
  7136   001062                     i2l3689:
  7137   001062  8229               	bsf	strtof@flags^0,1,c
  7138   001064  0E09               	movlw	9
  7139   001066  182C               	xorwf	strtof@eexp^0,w,c
  7140   001068  102D               	iorwf	(strtof@eexp+1)^0,w,c
  7141   00106A  B4D8               	btfsc	status,2,c
  7142   00106C  EF3A  F008         	goto	i2u415_41
  7143   001070  EF3C  F008         	goto	i2u415_40
  7144   001074                     i2u415_41:
  7145   001074  EF71  F008         	goto	i2l1155
  7146   001078                     i2u415_40:
  7147   001078  A829               	btfss	strtof@flags^0,4,c
  7148   00107A  EF41  F008         	goto	i2u416_41
  7149   00107E  EF43  F008         	goto	i2u416_40
  7150   001082                     i2u416_41:
  7151   001082  EF46  F008         	goto	i2l1156
  7152   001086                     i2u416_40:
  7153   001086  062A               	decf	strtof@expon^0,f,c
  7154   001088  A0D8               	btfss	status,0,c
  7155   00108A  062B               	decf	(strtof@expon+1)^0,f,c
  7156   00108C                     i2l1156:
  7157   00108C  4A2C               	infsnz	strtof@eexp^0,f,c
  7158   00108E  2A2D               	incf	(strtof@eexp+1)^0,f,c
  7159   001090  C02E  F001         	movff	strtof@_u,i2___lmul@multiplier
  7160   001094  C02F  F002         	movff	strtof@_u+1,i2___lmul@multiplier+1
  7161   001098  C030  F003         	movff	strtof@_u+2,i2___lmul@multiplier+2
  7162   00109C  C031  F004         	movff	strtof@_u+3,i2___lmul@multiplier+3
  7163   0010A0  0E0A               	movlw	10
  7164   0010A2  6E05               	movwf	i2___lmul@multiplicand^0,c
  7165   0010A4  0E00               	movlw	0
  7166   0010A6  6E06               	movwf	(i2___lmul@multiplicand+1)^0,c
  7167   0010A8  0E00               	movlw	0
  7168   0010AA  6E07               	movwf	(i2___lmul@multiplicand+2)^0,c
  7169   0010AC  0E00               	movlw	0
  7170   0010AE  6E08               	movwf	(i2___lmul@multiplicand+3)^0,c
  7171   0010B0  ECEA  F016         	call	i2___lmul	;wreg free
  7172   0010B4  C001  F02E         	movff	?i2___lmul,strtof@_u
  7173   0010B8  C002  F02F         	movff	?i2___lmul+1,strtof@_u+1
  7174   0010BC  C003  F030         	movff	?i2___lmul+2,strtof@_u+2
  7175   0010C0  C004  F031         	movff	?i2___lmul+3,strtof@_u+3
  7176   0010C4  501A               	movf	strtof@s^0,w,c
  7177   0010C6  6ED9               	movwf	fsr2l,c
  7178   0010C8  6ADA               	clrf	fsr2h,c
  7179   0010CA  50DF               	movf	indf2,w,c
  7180   0010CC  6E1E               	movwf	??_strtof^0,c
  7181   0010CE  0ED0               	movlw	208
  7182   0010D0  261E               	addwf	??_strtof^0,f,c
  7183   0010D2  501E               	movf	??_strtof^0,w,c
  7184   0010D4  262E               	addwf	strtof@_u^0,f,c
  7185   0010D6  0E00               	movlw	0
  7186   0010D8  222F               	addwfc	(strtof@_u+1)^0,f,c
  7187   0010DA  2230               	addwfc	(strtof@_u+2)^0,f,c
  7188   0010DC  2231               	addwfc	(strtof@_u+3)^0,f,c
  7189   0010DE  EF7A  F008         	goto	i2l1157
  7190   0010E2                     i2l1155:
  7191   0010E2  B829               	btfsc	strtof@flags^0,4,c
  7192   0010E4  EF76  F008         	goto	i2u417_41
  7193   0010E8  EF78  F008         	goto	i2u417_40
  7194   0010EC                     i2u417_41:
  7195   0010EC  EF7A  F008         	goto	i2l1157
  7196   0010F0                     i2u417_40:
  7197   0010F0  4A2A               	infsnz	strtof@expon^0,f,c
  7198   0010F2  2A2B               	incf	(strtof@expon+1)^0,f,c
  7199   0010F4                     i2l1157:
  7200   0010F4  2A1A               	incf	strtof@s^0,f,c
  7201   0010F6  EF05  F008         	goto	i2l1150
  7202   0010FA                     i2l3703:
  7203   0010FA  0E00               	movlw	0
  7204   0010FC  6E2D               	movwf	(strtof@eexp+1)^0,c
  7205   0010FE  0E00               	movlw	0
  7206   001100  6E2C               	movwf	strtof@eexp^0,c
  7207   001102  501A               	movf	strtof@s^0,w,c
  7208   001104  6ED9               	movwf	fsr2l,c
  7209   001106  6ADA               	clrf	fsr2h,c
  7210   001108  0E65               	movlw	101
  7211   00110A  18DE               	xorwf	postinc2,w,c
  7212   00110C  B4D8               	btfsc	status,2,c
  7213   00110E  EF8B  F008         	goto	i2u418_41
  7214   001112  EF8D  F008         	goto	i2u418_40
  7215   001116                     i2u418_41:
  7216   001116  EF99  F008         	goto	i2l3709
  7217   00111A                     i2u418_40:
  7218   00111A  501A               	movf	strtof@s^0,w,c
  7219   00111C  6ED9               	movwf	fsr2l,c
  7220   00111E  6ADA               	clrf	fsr2h,c
  7221   001120  0E45               	movlw	69
  7222   001122  18DE               	xorwf	postinc2,w,c
  7223   001124  A4D8               	btfss	status,2,c
  7224   001126  EF97  F008         	goto	i2u419_41
  7225   00112A  EF99  F008         	goto	i2u419_40
  7226   00112E                     i2u419_41:
  7227   00112E  EF13  F009         	goto	i2l3739
  7228   001132                     i2u419_40:
  7229   001132                     i2l3709:
  7230   001132  2A1A               	incf	strtof@s^0,f,c
  7231   001134  501A               	movf	strtof@s^0,w,c
  7232   001136  6ED9               	movwf	fsr2l,c
  7233   001138  6ADA               	clrf	fsr2h,c
  7234   00113A  0E2D               	movlw	45
  7235   00113C  18DE               	xorwf	postinc2,w,c
  7236   00113E  A4D8               	btfss	status,2,c
  7237   001140  EFA4  F008         	goto	i2u420_41
  7238   001144  EFA6  F008         	goto	i2u420_40
  7239   001148                     i2u420_41:
  7240   001148  EFAA  F008         	goto	i2l3713
  7241   00114C                     i2u420_40:
  7242   00114C  8629               	bsf	strtof@flags^0,3,c
  7243   00114E  2A1A               	incf	strtof@s^0,f,c
  7244   001150  EFB7  F008         	goto	i2l3719
  7245   001154                     i2l3713:
  7246   001154  501A               	movf	strtof@s^0,w,c
  7247   001156  6ED9               	movwf	fsr2l,c
  7248   001158  6ADA               	clrf	fsr2h,c
  7249   00115A  0E2B               	movlw	43
  7250   00115C  18DE               	xorwf	postinc2,w,c
  7251   00115E  A4D8               	btfss	status,2,c
  7252   001160  EFB4  F008         	goto	i2u421_41
  7253   001164  EFB6  F008         	goto	i2u421_40
  7254   001168                     i2u421_41:
  7255   001168  EFB7  F008         	goto	i2l3719
  7256   00116C                     i2u421_40:
  7257   00116C                     i2l3715:
  7258   00116C  2A1A               	incf	strtof@s^0,f,c
  7259   00116E                     i2l3719:
  7260   00116E  501A               	movf	strtof@s^0,w,c
  7261   001170  6ED9               	movwf	fsr2l,c
  7262   001172  6ADA               	clrf	fsr2h,c
  7263   001174  0E30               	movlw	48
  7264   001176  18DE               	xorwf	postinc2,w,c
  7265   001178  B4D8               	btfsc	status,2,c
  7266   00117A  EFC1  F008         	goto	i2u422_41
  7267   00117E  EFC3  F008         	goto	i2u422_40
  7268   001182                     i2u422_41:
  7269   001182  EFB6  F008         	goto	i2l3715
  7270   001186                     i2u422_40:
  7271   001186  6A28               	clrf	strtof@digit^0,c
  7272   001188  EFDE  F008         	goto	i2l3727
  7273   00118C                     i2l3721:
  7274   00118C  501A               	movf	strtof@s^0,w,c
  7275   00118E  6ED9               	movwf	fsr2l,c
  7276   001190  6ADA               	clrf	fsr2h,c
  7277   001192  50DF               	movf	indf2,w,c
  7278   001194  6E1E               	movwf	??_strtof^0,c
  7279   001196  0ED0               	movlw	208
  7280   001198  261E               	addwf	??_strtof^0,f,c
  7281   00119A  0E0A               	movlw	10
  7282   00119C  022C               	mulwf	strtof@eexp^0,c
  7283   00119E  CFF3 F01F          	movff	prodl,??_strtof+1
  7284   0011A2  CFF4 F020          	movff	prodh,??_strtof+2
  7285   0011A6  022D               	mulwf	(strtof@eexp+1)^0,c
  7286   0011A8  50F3               	movf	prodl,w,c
  7287   0011AA  2620               	addwf	(??_strtof+2)^0,f,c
  7288   0011AC  501E               	movf	??_strtof^0,w,c
  7289   0011AE  241F               	addwf	(??_strtof+1)^0,w,c
  7290   0011B0  6E2C               	movwf	strtof@eexp^0,c
  7291   0011B2  0E00               	movlw	0
  7292   0011B4  2020               	addwfc	(??_strtof+2)^0,w,c
  7293   0011B6  6E2D               	movwf	(strtof@eexp+1)^0,c
  7294   0011B8  2A1A               	incf	strtof@s^0,f,c
  7295   0011BA  2A28               	incf	strtof@digit^0,f,c
  7296   0011BC                     i2l3727:
  7297   0011BC  501A               	movf	strtof@s^0,w,c
  7298   0011BE  6ED9               	movwf	fsr2l,c
  7299   0011C0  6ADA               	clrf	fsr2h,c
  7300   0011C2  50DF               	movf	indf2,w,c
  7301   0011C4  6E1E               	movwf	??_strtof^0,c
  7302   0011C6  501E               	movf	??_strtof^0,w,c
  7303   0011C8  6E01               	movwf	isdigit@c^0,c
  7304   0011CA  6A02               	clrf	(isdigit@c+1)^0,c
  7305   0011CC  EC0D  F019         	call	_isdigit	;wreg free
  7306   0011D0  5001               	movf	?_isdigit^0,w,c
  7307   0011D2  1002               	iorwf	(?_isdigit+1)^0,w,c
  7308   0011D4  A4D8               	btfss	status,2,c
  7309   0011D6  EFEF  F008         	goto	i2u423_41
  7310   0011DA  EFF1  F008         	goto	i2u423_40
  7311   0011DE                     i2u423_41:
  7312   0011DE  EFC6  F008         	goto	i2l3721
  7313   0011E2                     i2u423_40:
  7314   0011E2  5028               	movf	strtof@digit^0,w,c
  7315   0011E4  A4D8               	btfss	status,2,c
  7316   0011E6  EFF7  F008         	goto	i2u424_41
  7317   0011EA  EFF9  F008         	goto	i2u424_40
  7318   0011EE                     i2u424_41:
  7319   0011EE  EF08  F009         	goto	i2l3735
  7320   0011F2                     i2u424_40:
  7321   0011F2  501A               	movf	strtof@s^0,w,c
  7322   0011F4  6ED9               	movwf	fsr2l,c
  7323   0011F6  6ADA               	clrf	fsr2h,c
  7324   0011F8  0EFF               	movlw	255
  7325   0011FA  26D9               	addwf	fsr2l,f,c
  7326   0011FC  0E30               	movlw	48
  7327   0011FE  18DE               	xorwf	postinc2,w,c
  7328   001200  B4D8               	btfsc	status,2,c
  7329   001202  EF05  F009         	goto	i2u425_41
  7330   001206  EF07  F009         	goto	i2u425_40
  7331   00120A                     i2u425_41:
  7332   00120A  EF08  F009         	goto	i2l3735
  7333   00120E                     i2u425_40:
  7334   00120E  061A               	decf	strtof@s^0,f,c
  7335   001210                     i2l3735:
  7336   001210  A629               	btfss	strtof@flags^0,3,c
  7337   001212  EF0D  F009         	goto	i2u426_41
  7338   001216  EF0F  F009         	goto	i2u426_40
  7339   00121A                     i2u426_41:
  7340   00121A  EF13  F009         	goto	i2l3739
  7341   00121E                     i2u426_40:
  7342   00121E  6C2C               	negf	strtof@eexp^0,c
  7343   001220  1E2D               	comf	(strtof@eexp+1)^0,f,c
  7344   001222  B0D8               	btfsc	status,0,c
  7345   001224  2A2D               	incf	(strtof@eexp+1)^0,f,c
  7346   001226                     i2l3739:
  7347   001226  502C               	movf	strtof@eexp^0,w,c
  7348   001228  262A               	addwf	strtof@expon^0,f,c
  7349   00122A  502D               	movf	(strtof@eexp+1)^0,w,c
  7350   00122C  222B               	addwfc	(strtof@expon+1)^0,f,c
  7351   00122E  501B               	movf	strtof@res^0,w,c
  7352   001230  101C               	iorwf	(strtof@res+1)^0,w,c
  7353   001232  B4D8               	btfsc	status,2,c
  7354   001234  EF1E  F009         	goto	i2u427_41
  7355   001238  EF20  F009         	goto	i2u427_40
  7356   00123C                     i2u427_41:
  7357   00123C  EF2D  F009         	goto	i2l3747
  7358   001240                     i2u427_40:
  7359   001240  A229               	btfss	strtof@flags^0,1,c
  7360   001242  EF25  F009         	goto	i2u428_41
  7361   001246  EF27  F009         	goto	i2u428_40
  7362   00124A                     i2u428_41:
  7363   00124A  EF2D  F009         	goto	i2l3747
  7364   00124E                     i2u428_40:
  7365   00124E  C01B  FFD9         	movff	strtof@res,fsr2l
  7366   001252  C01C  FFDA         	movff	strtof@res+1,fsr2h
  7367   001256  C01A  FFDF         	movff	strtof@s,indf2
  7368   00125A                     i2l3747:
  7369   00125A  C02E  F001         	movff	strtof@_u,___xxtofl@val
  7370   00125E  C02F  F002         	movff	strtof@_u+1,___xxtofl@val+1
  7371   001262  C030  F003         	movff	strtof@_u+2,___xxtofl@val+2
  7372   001266  C031  F004         	movff	strtof@_u+3,___xxtofl@val+3
  7373   00126A  0E00               	movlw	0
  7374   00126C  EC6E  F00F         	call	___xxtofl
  7375   001270  C001  F02E         	movff	?___xxtofl,strtof@_u
  7376   001274  C002  F02F         	movff	?___xxtofl+1,strtof@_u+1
  7377   001278  C003  F030         	movff	?___xxtofl+2,strtof@_u+2
  7378   00127C  C004  F031         	movff	?___xxtofl+3,strtof@_u+3
  7379   001280  C02E  F001         	movff	strtof@_u,___fleq@ff1
  7380   001284  C02F  F002         	movff	strtof@_u+1,___fleq@ff1+1
  7381   001288  C030  F003         	movff	strtof@_u+2,___fleq@ff1+2
  7382   00128C  C031  F004         	movff	strtof@_u+3,___fleq@ff1+3
  7383   001290  0E00               	movlw	0
  7384   001292  6E05               	movwf	___fleq@ff2^0,c
  7385   001294  0E00               	movlw	0
  7386   001296  6E06               	movwf	(___fleq@ff2+1)^0,c
  7387   001298  0E00               	movlw	0
  7388   00129A  6E07               	movwf	(___fleq@ff2+2)^0,c
  7389   00129C  0E00               	movlw	0
  7390   00129E  6E08               	movwf	(___fleq@ff2+3)^0,c
  7391   0012A0  EC11  F014         	call	___fleq	;wreg free
  7392   0012A4  A0D8               	btfss	status,0,c
  7393   0012A6  EF57  F009         	goto	i2u429_41
  7394   0012AA  EF59  F009         	goto	i2u429_40
  7395   0012AE                     i2u429_41:
  7396   0012AE  EF63  F009         	goto	i2l3755
  7397   0012B2                     i2u429_40:
  7398   0012B2  0E00               	movlw	0
  7399   0012B4  6E1A               	movwf	?_strtof^0,c
  7400   0012B6  0E00               	movlw	0
  7401   0012B8  6E1B               	movwf	(?_strtof+1)^0,c
  7402   0012BA  0E00               	movlw	0
  7403   0012BC  6E1C               	movwf	(?_strtof+2)^0,c
  7404   0012BE  0E00               	movlw	0
  7405   0012C0  6E1D               	movwf	(?_strtof+3)^0,c
  7406   0012C2  EFAB  F00A         	goto	i2l1139
  7407   0012C6                     i2l3755:
  7408   0012C6  BE2B               	btfsc	(strtof@expon+1)^0,7,c
  7409   0012C8  EF6A  F009         	goto	i2u430_40
  7410   0012CC  EF68  F009         	goto	i2u430_41
  7411   0012D0                     i2u430_41:
  7412   0012D0  EFF8  F009         	goto	i2l3783
  7413   0012D4                     i2u430_40:
  7414   0012D4  6C2A               	negf	strtof@expon^0,c
  7415   0012D6  1E2B               	comf	(strtof@expon+1)^0,f,c
  7416   0012D8  B0D8               	btfsc	status,0,c
  7417   0012DA  2A2B               	incf	(strtof@expon+1)^0,f,c
  7418   0012DC  EF8E  F009         	goto	i2l3763
  7419   0012E0                     i2l3759:
  7420   0012E0  C02E  F001         	movff	strtof@_u,___fldiv@b
  7421   0012E4  C02F  F002         	movff	strtof@_u+1,___fldiv@b+1
  7422   0012E8  C030  F003         	movff	strtof@_u+2,___fldiv@b+2
  7423   0012EC  C031  F004         	movff	strtof@_u+3,___fldiv@b+3
  7424   0012F0  0EF9               	movlw	249
  7425   0012F2  6E05               	movwf	___fldiv@a^0,c
  7426   0012F4  0E02               	movlw	2
  7427   0012F6  6E06               	movwf	(___fldiv@a+1)^0,c
  7428   0012F8  0E15               	movlw	21
  7429   0012FA  6E07               	movwf	(___fldiv@a+2)^0,c
  7430   0012FC  0E50               	movlw	80
  7431   0012FE  6E08               	movwf	(___fldiv@a+3)^0,c
  7432   001300  ECBF  F00C         	call	___fldiv	;wreg free
  7433   001304  C001  F02E         	movff	?___fldiv,strtof@_u
  7434   001308  C002  F02F         	movff	?___fldiv+1,strtof@_u+1
  7435   00130C  C003  F030         	movff	?___fldiv+2,strtof@_u+2
  7436   001310  C004  F031         	movff	?___fldiv+3,strtof@_u+3
  7437   001314  0EF6               	movlw	246
  7438   001316  262A               	addwf	strtof@expon^0,f,c
  7439   001318  0EFF               	movlw	255
  7440   00131A  222B               	addwfc	(strtof@expon+1)^0,f,c
  7441   00131C                     i2l3763:
  7442   00131C  BE2B               	btfsc	(strtof@expon+1)^0,7,c
  7443   00131E  EF9C  F009         	goto	i2u431_40
  7444   001322  502B               	movf	(strtof@expon+1)^0,w,c
  7445   001324  E107               	bnz	i2u431_41
  7446   001326  0E0A               	movlw	10
  7447   001328  5C2A               	subwf	strtof@expon^0,w,c
  7448   00132A  B0D8               	btfsc	status,0,c
  7449   00132C  EF9A  F009         	goto	i2u431_41
  7450   001330  EF9C  F009         	goto	i2u431_40
  7451   001334                     i2u431_41:
  7452   001334  EF70  F009         	goto	i2l3759
  7453   001338                     i2u431_40:
  7454   001338  EFBB  F009         	goto	i2l3769
  7455   00133C                     i2l3765:
  7456   00133C  C02E  F001         	movff	strtof@_u,___fldiv@b
  7457   001340  C02F  F002         	movff	strtof@_u+1,___fldiv@b+1
  7458   001344  C030  F003         	movff	strtof@_u+2,___fldiv@b+2
  7459   001348  C031  F004         	movff	strtof@_u+3,___fldiv@b+3
  7460   00134C  0E00               	movlw	0
  7461   00134E  6E05               	movwf	___fldiv@a^0,c
  7462   001350  0E00               	movlw	0
  7463   001352  6E06               	movwf	(___fldiv@a+1)^0,c
  7464   001354  0E20               	movlw	32
  7465   001356  6E07               	movwf	(___fldiv@a+2)^0,c
  7466   001358  0E41               	movlw	65
  7467   00135A  6E08               	movwf	(___fldiv@a+3)^0,c
  7468   00135C  ECBF  F00C         	call	___fldiv	;wreg free
  7469   001360  C001  F02E         	movff	?___fldiv,strtof@_u
  7470   001364  C002  F02F         	movff	?___fldiv+1,strtof@_u+1
  7471   001368  C003  F030         	movff	?___fldiv+2,strtof@_u+2
  7472   00136C  C004  F031         	movff	?___fldiv+3,strtof@_u+3
  7473   001370  062A               	decf	strtof@expon^0,f,c
  7474   001372  A0D8               	btfss	status,0,c
  7475   001374  062B               	decf	(strtof@expon+1)^0,f,c
  7476   001376                     i2l3769:
  7477   001376  502A               	movf	strtof@expon^0,w,c
  7478   001378  102B               	iorwf	(strtof@expon+1)^0,w,c
  7479   00137A  A4D8               	btfss	status,2,c
  7480   00137C  EFC2  F009         	goto	i2u432_41
  7481   001380  EFC4  F009         	goto	i2u432_40
  7482   001384                     i2u432_41:
  7483   001384  EF9E  F009         	goto	i2l3765
  7484   001388                     i2u432_40:
  7485   001388  C02E  F001         	movff	strtof@_u,___flge@ff1
  7486   00138C  C02F  F002         	movff	strtof@_u+1,___flge@ff1+1
  7487   001390  C030  F003         	movff	strtof@_u+2,___flge@ff1+2
  7488   001394  C031  F004         	movff	strtof@_u+3,___flge@ff1+3
  7489   001398  0E00               	movlw	0
  7490   00139A  6E05               	movwf	___flge@ff2^0,c
  7491   00139C  0E00               	movlw	0
  7492   00139E  6E06               	movwf	(___flge@ff2+1)^0,c
  7493   0013A0  0E80               	movlw	128
  7494   0013A2  6E07               	movwf	(___flge@ff2+2)^0,c
  7495   0013A4  0E00               	movlw	0
  7496   0013A6  6E08               	movwf	(___flge@ff2+3)^0,c
  7497   0013A8  EC95  F011         	call	___flge	;wreg free
  7498   0013AC  B0D8               	btfsc	status,0,c
  7499   0013AE  EFDB  F009         	goto	i2u433_41
  7500   0013B2  EFDD  F009         	goto	i2u433_40
  7501   0013B6                     i2u433_41:
  7502   0013B6  EF75  F00A         	goto	i2l3803
  7503   0013BA                     i2u433_40:
  7504   0013BA  A029               	btfss	strtof@flags^0,0,c
  7505   0013BC  EFE2  F009         	goto	i2u434_41
  7506   0013C0  EFE4  F009         	goto	i2u434_40
  7507   0013C4                     i2u434_41:
  7508   0013C4  EFEE  F009         	goto	i2l3779
  7509   0013C8                     i2u434_40:
  7510   0013C8  0E00               	movlw	0
  7511   0013CA  6E1A               	movwf	?_strtof^0,c
  7512   0013CC  0E00               	movlw	0
  7513   0013CE  6E1B               	movwf	(?_strtof+1)^0,c
  7514   0013D0  0E80               	movlw	128
  7515   0013D2  6E1C               	movwf	(?_strtof+2)^0,c
  7516   0013D4  0E80               	movlw	128
  7517   0013D6  6E1D               	movwf	(?_strtof+3)^0,c
  7518   0013D8  EFAB  F00A         	goto	i2l1139
  7519   0013DC                     i2l3779:
  7520   0013DC  0E00               	movlw	0
  7521   0013DE  6E1A               	movwf	?_strtof^0,c
  7522   0013E0  0E00               	movlw	0
  7523   0013E2  6E1B               	movwf	(?_strtof+1)^0,c
  7524   0013E4  0E80               	movlw	128
  7525   0013E6  6E1C               	movwf	(?_strtof+2)^0,c
  7526   0013E8  0E00               	movlw	0
  7527   0013EA  6E1D               	movwf	(?_strtof+3)^0,c
  7528   0013EC  EFAB  F00A         	goto	i2l1139
  7529   0013F0                     i2l3783:
  7530   0013F0  BE2B               	btfsc	(strtof@expon+1)^0,7,c
  7531   0013F2  EF03  F00A         	goto	i2u435_41
  7532   0013F6  502B               	movf	(strtof@expon+1)^0,w,c
  7533   0013F8  E108               	bnz	i2u435_40
  7534   0013FA  042A               	decf	strtof@expon^0,w,c
  7535   0013FC  A0D8               	btfss	status,0,c
  7536   0013FE  EF03  F00A         	goto	i2u435_41
  7537   001402  EF05  F00A         	goto	i2u435_40
  7538   001406                     i2u435_41:
  7539   001406  EF75  F00A         	goto	i2l3803
  7540   00140A                     i2u435_40:
  7541   00140A  EF25  F00A         	goto	i2l3791
  7542   00140E                     i2l3787:
  7543   00140E  C02E  F001         	movff	strtof@_u,___flmul@b
  7544   001412  C02F  F002         	movff	strtof@_u+1,___flmul@b+1
  7545   001416  C030  F003         	movff	strtof@_u+2,___flmul@b+2
  7546   00141A  C031  F004         	movff	strtof@_u+3,___flmul@b+3
  7547   00141E  0EF9               	movlw	249
  7548   001420  6E05               	movwf	___flmul@a^0,c
  7549   001422  0E02               	movlw	2
  7550   001424  6E06               	movwf	(___flmul@a+1)^0,c
  7551   001426  0E15               	movlw	21
  7552   001428  6E07               	movwf	(___flmul@a+2)^0,c
  7553   00142A  0E50               	movlw	80
  7554   00142C  6E08               	movwf	(___flmul@a+3)^0,c
  7555   00142E  ECAC  F00A         	call	___flmul	;wreg free
  7556   001432  C001  F02E         	movff	?___flmul,strtof@_u
  7557   001436  C002  F02F         	movff	?___flmul+1,strtof@_u+1
  7558   00143A  C003  F030         	movff	?___flmul+2,strtof@_u+2
  7559   00143E  C004  F031         	movff	?___flmul+3,strtof@_u+3
  7560   001442  0EF6               	movlw	246
  7561   001444  262A               	addwf	strtof@expon^0,f,c
  7562   001446  0EFF               	movlw	255
  7563   001448  222B               	addwfc	(strtof@expon+1)^0,f,c
  7564   00144A                     i2l3791:
  7565   00144A  502B               	movf	(strtof@expon+1)^0,w,c
  7566   00144C  E107               	bnz	i2u436_41
  7567   00144E  0E0A               	movlw	10
  7568   001450  5C2A               	subwf	strtof@expon^0,w,c
  7569   001452  B0D8               	btfsc	status,0,c
  7570   001454  EF2E  F00A         	goto	i2u436_41
  7571   001458  EF30  F00A         	goto	i2u436_40
  7572   00145C                     i2u436_41:
  7573   00145C  EF07  F00A         	goto	i2l3787
  7574   001460                     i2u436_40:
  7575   001460  EF4F  F00A         	goto	i2l3797
  7576   001464                     i2l3793:
  7577   001464  C02E  F001         	movff	strtof@_u,___flmul@b
  7578   001468  C02F  F002         	movff	strtof@_u+1,___flmul@b+1
  7579   00146C  C030  F003         	movff	strtof@_u+2,___flmul@b+2
  7580   001470  C031  F004         	movff	strtof@_u+3,___flmul@b+3
  7581   001474  0E00               	movlw	0
  7582   001476  6E05               	movwf	___flmul@a^0,c
  7583   001478  0E00               	movlw	0
  7584   00147A  6E06               	movwf	(___flmul@a+1)^0,c
  7585   00147C  0E20               	movlw	32
  7586   00147E  6E07               	movwf	(___flmul@a+2)^0,c
  7587   001480  0E41               	movlw	65
  7588   001482  6E08               	movwf	(___flmul@a+3)^0,c
  7589   001484  ECAC  F00A         	call	___flmul	;wreg free
  7590   001488  C001  F02E         	movff	?___flmul,strtof@_u
  7591   00148C  C002  F02F         	movff	?___flmul+1,strtof@_u+1
  7592   001490  C003  F030         	movff	?___flmul+2,strtof@_u+2
  7593   001494  C004  F031         	movff	?___flmul+3,strtof@_u+3
  7594   001498  062A               	decf	strtof@expon^0,f,c
  7595   00149A  A0D8               	btfss	status,0,c
  7596   00149C  062B               	decf	(strtof@expon+1)^0,f,c
  7597   00149E                     i2l3797:
  7598   00149E  502A               	movf	strtof@expon^0,w,c
  7599   0014A0  102B               	iorwf	(strtof@expon+1)^0,w,c
  7600   0014A2  A4D8               	btfss	status,2,c
  7601   0014A4  EF56  F00A         	goto	i2u437_41
  7602   0014A8  EF58  F00A         	goto	i2u437_40
  7603   0014AC                     i2u437_41:
  7604   0014AC  EF32  F00A         	goto	i2l3793
  7605   0014B0                     i2u437_40:
  7606   0014B0  0EFF               	movlw	255
  7607   0014B2  6E01               	movwf	___flge@ff1^0,c
  7608   0014B4  0EFF               	movlw	255
  7609   0014B6  6E02               	movwf	(___flge@ff1+1)^0,c
  7610   0014B8  0E7F               	movlw	127
  7611   0014BA  6E03               	movwf	(___flge@ff1+2)^0,c
  7612   0014BC  0E7F               	movlw	127
  7613   0014BE  6E04               	movwf	(___flge@ff1+3)^0,c
  7614   0014C0  C02E  F005         	movff	strtof@_u,___flge@ff2
  7615   0014C4  C02F  F006         	movff	strtof@_u+1,___flge@ff2+1
  7616   0014C8  C030  F007         	movff	strtof@_u+2,___flge@ff2+2
  7617   0014CC  C031  F008         	movff	strtof@_u+3,___flge@ff2+3
  7618   0014D0  EC95  F011         	call	___flge	;wreg free
  7619   0014D4  B0D8               	btfsc	status,0,c
  7620   0014D6  EF6F  F00A         	goto	i2u438_41
  7621   0014DA  EF71  F00A         	goto	i2u438_40
  7622   0014DE                     i2u438_41:
  7623   0014DE  EF75  F00A         	goto	i2l3803
  7624   0014E2                     i2u438_40:
  7625   0014E2  0E00               	movlw	0
  7626   0014E4  6E25               	movwf	(strtof@err+1)^0,c
  7627   0014E6  0E22               	movlw	34
  7628   0014E8  6E24               	movwf	strtof@err^0,c
  7629   0014EA                     i2l3803:
  7630   0014EA  5024               	movf	strtof@err^0,w,c
  7631   0014EC  1025               	iorwf	(strtof@err+1)^0,w,c
  7632   0014EE  B4D8               	btfsc	status,2,c
  7633   0014F0  EF7C  F00A         	goto	i2u439_41
  7634   0014F4  EF7E  F00A         	goto	i2u439_40
  7635   0014F8                     i2u439_41:
  7636   0014F8  EF8A  F00A         	goto	i2l3809
  7637   0014FC                     i2u439_40:
  7638   0014FC  C024  F048         	movff	strtof@err,_errno
  7639   001500  C025  F049         	movff	strtof@err+1,_errno+1
  7640   001504  0E00               	movlw	0
  7641   001506  6E2E               	movwf	strtof@_u^0,c
  7642   001508  0E00               	movlw	0
  7643   00150A  6E2F               	movwf	(strtof@_u+1)^0,c
  7644   00150C  0E80               	movlw	128
  7645   00150E  6E30               	movwf	(strtof@_u+2)^0,c
  7646   001510  0E7F               	movlw	127
  7647   001512  6E31               	movwf	(strtof@_u+3)^0,c
  7648   001514                     i2l3809:
  7649   001514  A029               	btfss	strtof@flags^0,0,c
  7650   001516  EF8F  F00A         	goto	i2u440_41
  7651   00151A  EF91  F00A         	goto	i2u440_40
  7652   00151E                     i2u440_41:
  7653   00151E  EFA3  F00A         	goto	i2l3813
  7654   001522                     i2u440_40:
  7655   001522  C02E  F001         	movff	strtof@_u,___flneg@f1
  7656   001526  C02F  F002         	movff	strtof@_u+1,___flneg@f1+1
  7657   00152A  C030  F003         	movff	strtof@_u+2,___flneg@f1+2
  7658   00152E  C031  F004         	movff	strtof@_u+3,___flneg@f1+3
  7659   001532  EC8F  F018         	call	___flneg	;wreg free
  7660   001536  C001  F02E         	movff	?___flneg,strtof@_u
  7661   00153A  C002  F02F         	movff	?___flneg+1,strtof@_u+1
  7662   00153E  C003  F030         	movff	?___flneg+2,strtof@_u+2
  7663   001542  C004  F031         	movff	?___flneg+3,strtof@_u+3
  7664   001546                     i2l3813:
  7665   001546  C02E  F01A         	movff	strtof@_u,?_strtof
  7666   00154A  C02F  F01B         	movff	strtof@_u+1,?_strtof+1
  7667   00154E  C030  F01C         	movff	strtof@_u+2,?_strtof+2
  7668   001552  C031  F01D         	movff	strtof@_u+3,?_strtof+3
  7669   001556                     i2l1139:
  7670   001556  0012               	return		;funcret
  7671   001558                     __end_of_strtof:
  7672                           	callstack 0
  7673                           
  7674 ;; *************** function i2___lmul *****************
  7675 ;; Defined at:
  7676 ;;		line 15 in file "C:\Program Files\Microchip\xc8\v3.00\pic\sources\c99\common\Umul32.c"
  7677 ;; Parameters:    Size  Location     Type
  7678 ;;  multiplier      4    0[COMRAM] unsigned long 
  7679 ;;  multiplicand    4    4[COMRAM] unsigned long 
  7680 ;; Auto vars:     Size  Location     Type
  7681 ;;  product         4    8[COMRAM] unsigned long 
  7682 ;; Return value:  Size  Location     Type
  7683 ;;                  4    0[COMRAM] unsigned long 
  7684 ;; Registers used:
  7685 ;;		wreg, status,2, status,0
  7686 ;; Tracked objects:
  7687 ;;		On entry : 0/0
  7688 ;;		On exit  : 0/0
  7689 ;;		Unchanged: 0/0
  7690 ;; Data sizes:     COMRAM   BANK0   BANK1   BANK2   BANK3   BANK4   BANK5
  7691 ;;      Params:         8       0       0       0       0       0       0
  7692 ;;      Locals:         4       0       0       0       0       0       0
  7693 ;;      Temps:          0       0       0       0       0       0       0
  7694 ;;      Totals:        12       0       0       0       0       0       0
  7695 ;;Total ram usage:       12 bytes
  7696 ;; Hardware stack levels used: 1
  7697 ;; This function calls:
  7698 ;;		Nothing
  7699 ;; This function is called by:
  7700 ;;		_strtof
  7701 ;;		i2_AngleToDutyCycle
  7702 ;; This function uses a non-reentrant model
  7703 ;;
  7704                           
  7705                           	psect	text37
  7706   002DD4                     __ptext37:
  7707                           	callstack 0
  7708   002DD4                     i2___lmul:
  7709                           	callstack 19
  7710   002DD4  0E00               	movlw	0
  7711   002DD6  6E09               	movwf	i2___lmul@product^0,c
  7712   002DD8  0E00               	movlw	0
  7713   002DDA  6E0A               	movwf	(i2___lmul@product+1)^0,c
  7714   002DDC  0E00               	movlw	0
  7715   002DDE  6E0B               	movwf	(i2___lmul@product+2)^0,c
  7716   002DE0  0E00               	movlw	0
  7717   002DE2  6E0C               	movwf	(i2___lmul@product+3)^0,c
  7718   002DE4                     i2l2741:
  7719   002DE4  A001               	btfss	i2___lmul@multiplier^0,0,c
  7720   002DE6  EFF7  F016         	goto	i2u251_41
  7721   002DEA  EFF9  F016         	goto	i2u251_40
  7722   002DEE                     i2u251_41:
  7723   002DEE  EF01  F017         	goto	i2l2745
  7724   002DF2                     i2u251_40:
  7725   002DF2  5005               	movf	i2___lmul@multiplicand^0,w,c
  7726   002DF4  2609               	addwf	i2___lmul@product^0,f,c
  7727   002DF6  5006               	movf	(i2___lmul@multiplicand+1)^0,w,c
  7728   002DF8  220A               	addwfc	(i2___lmul@product+1)^0,f,c
  7729   002DFA  5007               	movf	(i2___lmul@multiplicand+2)^0,w,c
  7730   002DFC  220B               	addwfc	(i2___lmul@product+2)^0,f,c
  7731   002DFE  5008               	movf	(i2___lmul@multiplicand+3)^0,w,c
  7732   002E00  220C               	addwfc	(i2___lmul@product+3)^0,f,c
  7733   002E02                     i2l2745:
  7734   002E02  90D8               	bcf	status,0,c
  7735   002E04  3605               	rlcf	i2___lmul@multiplicand^0,f,c
  7736   002E06  3606               	rlcf	(i2___lmul@multiplicand+1)^0,f,c
  7737   002E08  3607               	rlcf	(i2___lmul@multiplicand+2)^0,f,c
  7738   002E0A  3608               	rlcf	(i2___lmul@multiplicand+3)^0,f,c
  7739   002E0C  90D8               	bcf	status,0,c
  7740   002E0E  3204               	rrcf	(i2___lmul@multiplier+3)^0,f,c
  7741   002E10  3203               	rrcf	(i2___lmul@multiplier+2)^0,f,c
  7742   002E12  3202               	rrcf	(i2___lmul@multiplier+1)^0,f,c
  7743   002E14  3201               	rrcf	i2___lmul@multiplier^0,f,c
  7744   002E16  5001               	movf	i2___lmul@multiplier^0,w,c
  7745   002E18  1002               	iorwf	(i2___lmul@multiplier+1)^0,w,c
  7746   002E1A  1003               	iorwf	(i2___lmul@multiplier+2)^0,w,c
  7747   002E1C  1004               	iorwf	(i2___lmul@multiplier+3)^0,w,c
  7748   002E1E  A4D8               	btfss	status,2,c
  7749   002E20  EF14  F017         	goto	i2u252_41
  7750   002E24  EF16  F017         	goto	i2u252_40
  7751   002E28                     i2u252_41:
  7752   002E28  EFF2  F016         	goto	i2l2741
  7753   002E2C                     i2u252_40:
  7754   002E2C  C009  F001         	movff	i2___lmul@product,?i2___lmul
  7755   002E30  C00A  F002         	movff	i2___lmul@product+1,?i2___lmul+1
  7756   002E34  C00B  F003         	movff	i2___lmul@product+2,?i2___lmul+2
  7757   002E38  C00C  F004         	movff	i2___lmul@product+3,?i2___lmul+3
  7758   002E3C  0012               	return		;funcret
  7759   002E3E                     __end_ofi2___lmul:
  7760                           	callstack 0
  7761                           
  7762 ;; *************** function _toupper *****************
  7763 ;; Defined at:
  7764 ;;		line 8 in file "C:\Program Files\Microchip\xc8\v3.00\pic\sources\c99\common\toupper.c"
  7765 ;; Parameters:    Size  Location     Type
  7766 ;;  c               2    0[COMRAM] int 
  7767 ;; Auto vars:     Size  Location     Type
  7768 ;;		None
  7769 ;; Return value:  Size  Location     Type
  7770 ;;                  2    0[COMRAM] int 
  7771 ;; Registers used:
  7772 ;;		wreg, status,2, status,0
  7773 ;; Tracked objects:
  7774 ;;		On entry : 0/0
  7775 ;;		On exit  : 0/0
  7776 ;;		Unchanged: 0/0
  7777 ;; Data sizes:     COMRAM   BANK0   BANK1   BANK2   BANK3   BANK4   BANK5
  7778 ;;      Params:         2       0       0       0       0       0       0
  7779 ;;      Locals:         0       0       0       0       0       0       0
  7780 ;;      Temps:          1       0       0       0       0       0       0
  7781 ;;      Totals:         3       0       0       0       0       0       0
  7782 ;;Total ram usage:        3 bytes
  7783 ;; Hardware stack levels used: 1
  7784 ;; This function calls:
  7785 ;;		Nothing
  7786 ;; This function is called by:
  7787 ;;		_strtof
  7788 ;; This function uses a non-reentrant model
  7789 ;;
  7790                           
  7791                           	psect	text38
  7792   0031BE                     __ptext38:
  7793                           	callstack 0
  7794   0031BE                     _toupper:
  7795                           	callstack 20
  7796   0031BE  C001  F003         	movff	toupper@c,??_toupper
  7797   0031C2  0E9F               	movlw	159
  7798   0031C4  2603               	addwf	??_toupper^0,f,c
  7799   0031C6  0E1A               	movlw	26
  7800   0031C8  6003               	cpfslt	??_toupper^0,c
  7801   0031CA  EFE9  F018         	goto	i2u327_41
  7802   0031CE  EFEB  F018         	goto	i2u327_40
  7803   0031D2                     i2u327_41:
  7804   0031D2  EFF1  F018         	goto	i2l1225
  7805   0031D6                     i2u327_40:
  7806   0031D6  0E5F               	movlw	95
  7807   0031D8  1401               	andwf	toupper@c^0,w,c
  7808   0031DA  6E01               	movwf	?_toupper^0,c
  7809   0031DC  6A02               	clrf	(?_toupper+1)^0,c
  7810   0031DE  EFF5  F018         	goto	i2l1226
  7811   0031E2                     i2l1225:
  7812   0031E2  C001  F001         	movff	toupper@c,?_toupper
  7813   0031E6  C002  F002         	movff	toupper@c+1,?_toupper+1
  7814   0031EA                     i2l1226:
  7815   0031EA  0012               	return		;funcret
  7816   0031EC                     __end_of_toupper:
  7817                           	callstack 0
  7818                           
  7819 ;; *************** function _nanf *****************
  7820 ;; Defined at:
  7821 ;;		line 4 in file "C:\Program Files\Microchip\xc8\v3.00\pic\sources\c99\common\nanf.c"
  7822 ;; Parameters:    Size  Location     Type
  7823 ;;  s               1    0[COMRAM] PTR const unsigned char 
  7824 ;;		 -> STR_12(1), 
  7825 ;; Auto vars:     Size  Location     Type
  7826 ;;  u               4    4[COMRAM] struct .
  7827 ;; Return value:  Size  Location     Type
  7828 ;;                  4    0[COMRAM] float 
  7829 ;; Registers used:
  7830 ;;		wreg, status,2
  7831 ;; Tracked objects:
  7832 ;;		On entry : 0/0
  7833 ;;		On exit  : 0/0
  7834 ;;		Unchanged: 0/0
  7835 ;; Data sizes:     COMRAM   BANK0   BANK1   BANK2   BANK3   BANK4   BANK5
  7836 ;;      Params:         4       0       0       0       0       0       0
  7837 ;;      Locals:         4       0       0       0       0       0       0
  7838 ;;      Temps:          0       0       0       0       0       0       0
  7839 ;;      Totals:         8       0       0       0       0       0       0
  7840 ;;Total ram usage:        8 bytes
  7841 ;; Hardware stack levels used: 1
  7842 ;; This function calls:
  7843 ;;		Nothing
  7844 ;; This function is called by:
  7845 ;;		_strtof
  7846 ;; This function uses a non-reentrant model
  7847 ;;
  7848                           
  7849                           	psect	text39
  7850   0032B4                     __ptext39:
  7851                           	callstack 0
  7852   0032B4                     _nanf:
  7853                           	callstack 20
  7854   0032B4  0EFF               	movlw	255
  7855   0032B6  6E05               	movwf	nanf@u^0,c
  7856   0032B8  0EFF               	movlw	255
  7857   0032BA  6E06               	movwf	(nanf@u+1)^0,c
  7858   0032BC  0EFF               	movlw	255
  7859   0032BE  6E07               	movwf	(nanf@u+2)^0,c
  7860   0032C0  0E7F               	movlw	127
  7861   0032C2  6E08               	movwf	(nanf@u+3)^0,c
  7862   0032C4  C005  F001         	movff	nanf@u,?_nanf
  7863   0032C8  C006  F002         	movff	nanf@u+1,?_nanf+1
  7864   0032CC  C007  F003         	movff	nanf@u+2,?_nanf+2
  7865   0032D0  C008  F004         	movff	nanf@u+3,?_nanf+3
  7866   0032D4  0012               	return		;funcret
  7867   0032D6                     __end_of_nanf:
  7868                           	callstack 0
  7869                           
  7870 ;; *************** function _isxdigit *****************
  7871 ;; Defined at:
  7872 ;;		line 8 in file "C:\Program Files\Microchip\xc8\v3.00\pic\sources\c99\common\isxdigit.c"
  7873 ;; Parameters:    Size  Location     Type
  7874 ;;  c               2    0[COMRAM] int 
  7875 ;; Auto vars:     Size  Location     Type
  7876 ;;		None
  7877 ;; Return value:  Size  Location     Type
  7878 ;;                  2    0[COMRAM] int 
  7879 ;; Registers used:
  7880 ;;		wreg, status,2, status,0
  7881 ;; Tracked objects:
  7882 ;;		On entry : 0/0
  7883 ;;		On exit  : 0/0
  7884 ;;		Unchanged: 0/0
  7885 ;; Data sizes:     COMRAM   BANK0   BANK1   BANK2   BANK3   BANK4   BANK5
  7886 ;;      Params:         2       0       0       0       0       0       0
  7887 ;;      Locals:         1       0       0       0       0       0       0
  7888 ;;      Temps:          4       0       0       0       0       0       0
  7889 ;;      Totals:         7       0       0       0       0       0       0
  7890 ;;Total ram usage:        7 bytes
  7891 ;; Hardware stack levels used: 1
  7892 ;; This function calls:
  7893 ;;		Nothing
  7894 ;; This function is called by:
  7895 ;;		_strtof
  7896 ;; This function uses a non-reentrant model
  7897 ;;
  7898                           
  7899                           	psect	text40
  7900   002EFE                     __ptext40:
  7901                           	callstack 0
  7902   002EFE                     _isxdigit:
  7903                           	callstack 20
  7904   002EFE  0E01               	movlw	1
  7905   002F00  6E07               	movwf	_isxdigit$1899^0,c
  7906   002F02  C001  F003         	movff	isxdigit@c,??_isxdigit
  7907   002F06  0ED0               	movlw	208
  7908   002F08  2603               	addwf	??_isxdigit^0,f,c
  7909   002F0A  0E09               	movlw	9
  7910   002F0C  6403               	cpfsgt	??_isxdigit^0,c
  7911   002F0E  EF8B  F017         	goto	i2u323_41
  7912   002F12  EF8D  F017         	goto	i2u323_40
  7913   002F16                     i2u323_41:
  7914   002F16  EFA5  F017         	goto	i2l1215
  7915   002F1A                     i2u323_40:
  7916   002F1A  0E20               	movlw	32
  7917   002F1C  1001               	iorwf	isxdigit@c^0,w,c
  7918   002F1E  6E03               	movwf	??_isxdigit^0,c
  7919   002F20  0E00               	movlw	0
  7920   002F22  1002               	iorwf	(isxdigit@c+1)^0,w,c
  7921   002F24  6E04               	movwf	(??_isxdigit+1)^0,c
  7922   002F26  0E9F               	movlw	159
  7923   002F28  2403               	addwf	??_isxdigit^0,w,c
  7924   002F2A  6E05               	movwf	(??_isxdigit+2)^0,c
  7925   002F2C  0EFF               	movlw	255
  7926   002F2E  2004               	addwfc	(??_isxdigit+1)^0,w,c
  7927   002F30  6E06               	movwf	(??_isxdigit+3)^0,c
  7928   002F32  5006               	movf	(??_isxdigit+3)^0,w,c
  7929   002F34  E109               	bnz	i2u324_40
  7930   002F36  0E06               	movlw	6
  7931   002F38  5C05               	subwf	(??_isxdigit+2)^0,w,c
  7932   002F3A  A0D8               	btfss	status,0,c
  7933   002F3C  EFA2  F017         	goto	i2u324_41
  7934   002F40  EFA4  F017         	goto	i2u324_40
  7935   002F44                     i2u324_41:
  7936   002F44  EFA5  F017         	goto	i2l1215
  7937   002F48                     i2u324_40:
  7938   002F48  6A07               	clrf	_isxdigit$1899^0,c
  7939   002F4A                     i2l1215:
  7940   002F4A  C007  F001         	movff	_isxdigit$1899,?_isxdigit
  7941   002F4E  6A02               	clrf	(?_isxdigit+1)^0,c
  7942   002F50  0012               	return		;funcret
  7943   002F52                     __end_of_isxdigit:
  7944                           	callstack 0
  7945                           
  7946 ;; *************** function _isdigit *****************
  7947 ;; Defined at:
  7948 ;;		line 5 in file "C:\Program Files\Microchip\xc8\v3.00\pic\sources\c99\common\isdigit.c"
  7949 ;; Parameters:    Size  Location     Type
  7950 ;;  c               2    0[COMRAM] int 
  7951 ;; Auto vars:     Size  Location     Type
  7952 ;;		None
  7953 ;; Return value:  Size  Location     Type
  7954 ;;                  2    0[COMRAM] int 
  7955 ;; Registers used:
  7956 ;;		wreg, status,2, status,0
  7957 ;; Tracked objects:
  7958 ;;		On entry : 0/0
  7959 ;;		On exit  : 0/0
  7960 ;;		Unchanged: 0/0
  7961 ;; Data sizes:     COMRAM   BANK0   BANK1   BANK2   BANK3   BANK4   BANK5
  7962 ;;      Params:         2       0       0       0       0       0       0
  7963 ;;      Locals:         0       0       0       0       0       0       0
  7964 ;;      Temps:          2       0       0       0       0       0       0
  7965 ;;      Totals:         4       0       0       0       0       0       0
  7966 ;;Total ram usage:        4 bytes
  7967 ;; Hardware stack levels used: 1
  7968 ;; This function calls:
  7969 ;;		Nothing
  7970 ;; This function is called by:
  7971 ;;		_strtof
  7972 ;; This function uses a non-reentrant model
  7973 ;;
  7974                           
  7975                           	psect	text41
  7976   00321A                     __ptext41:
  7977                           	callstack 0
  7978   00321A                     _isdigit:
  7979                           	callstack 20
  7980   00321A  0ED0               	movlw	208
  7981   00321C  2401               	addwf	isdigit@c^0,w,c
  7982   00321E  6E03               	movwf	??_isdigit^0,c
  7983   003220  0EFF               	movlw	255
  7984   003222  2002               	addwfc	(isdigit@c+1)^0,w,c
  7985   003224  6E04               	movwf	(??_isdigit+1)^0,c
  7986   003226  5004               	movf	(??_isdigit+1)^0,w,c
  7987   003228  E10A               	bnz	i2u325_40
  7988   00322A  0E0A               	movlw	10
  7989   00322C  5C03               	subwf	??_isdigit^0,w,c
  7990   00322E  A0D8               	btfss	status,0,c
  7991   003230  EF1C  F019         	goto	i2u325_41
  7992   003234  EF1F  F019         	goto	i2u325_40
  7993   003238                     i2u325_41:
  7994   003238  0E01               	movlw	1
  7995   00323A  EF20  F019         	goto	i2u326_40
  7996   00323E                     i2u325_40:
  7997   00323E  0E00               	movlw	0
  7998   003240                     i2u326_40:
  7999   003240  6E01               	movwf	?_isdigit^0,c
  8000   003242  6A02               	clrf	(?_isdigit+1)^0,c
  8001   003244  0012               	return		;funcret
  8002   003246                     __end_of_isdigit:
  8003                           	callstack 0
  8004                           
  8005 ;; *************** function ___xxtofl *****************
  8006 ;; Defined at:
  8007 ;;		line 10 in file "C:\Program Files\Microchip\xc8\v3.00\pic\sources\c99\common\xxtofl.c"
  8008 ;; Parameters:    Size  Location     Type
  8009 ;;  sign            1    wreg     unsigned char 
  8010 ;;  val             4    0[COMRAM] long 
  8011 ;; Auto vars:     Size  Location     Type
  8012 ;;  sign            1    8[COMRAM] unsigned char 
  8013 ;;  arg             4   10[COMRAM] unsigned long 
  8014 ;;  exp             1    9[COMRAM] unsigned char 
  8015 ;; Return value:  Size  Location     Type
  8016 ;;                  4    0[COMRAM] unsigned char 
  8017 ;; Registers used:
  8018 ;;		wreg, status,2, status,0
  8019 ;; Tracked objects:
  8020 ;;		On entry : 0/0
  8021 ;;		On exit  : 0/0
  8022 ;;		Unchanged: 0/0
  8023 ;; Data sizes:     COMRAM   BANK0   BANK1   BANK2   BANK3   BANK4   BANK5
  8024 ;;      Params:         4       0       0       0       0       0       0
  8025 ;;      Locals:         6       0       0       0       0       0       0
  8026 ;;      Temps:          4       0       0       0       0       0       0
  8027 ;;      Totals:        14       0       0       0       0       0       0
  8028 ;;Total ram usage:       14 bytes
  8029 ;; Hardware stack levels used: 1
  8030 ;; This function calls:
  8031 ;;		Nothing
  8032 ;; This function is called by:
  8033 ;;		_strtof
  8034 ;; This function uses a non-reentrant model
  8035 ;;
  8036                           
  8037                           	psect	text42
  8038   001EDC                     __ptext42:
  8039                           	callstack 0
  8040   001EDC                     ___xxtofl:
  8041                           	callstack 20
  8042                           
  8043                           ;incstack = 0
  8044                           ;___xxtofl@sign stored from wreg
  8045   001EDC  6E09               	movwf	___xxtofl@sign^0,c
  8046   001EDE  5009               	movf	___xxtofl@sign^0,w,c
  8047   001EE0  B4D8               	btfsc	status,2,c
  8048   001EE2  EF75  F00F         	goto	i2u313_41
  8049   001EE6  EF77  F00F         	goto	i2u313_40
  8050   001EEA                     i2u313_41:
  8051   001EEA  EF99  F00F         	goto	i2l1004
  8052   001EEE                     i2u313_40:
  8053   001EEE  BE04               	btfsc	(___xxtofl@val+3)^0,7,c
  8054   001EF0  EF7E  F00F         	goto	i2u314_40
  8055   001EF4  EF7C  F00F         	goto	i2u314_41
  8056   001EF8                     i2u314_41:
  8057   001EF8  EF99  F00F         	goto	i2l1004
  8058   001EFC                     i2u314_40:
  8059   001EFC  C001  F005         	movff	___xxtofl@val,??___xxtofl
  8060   001F00  C002  F006         	movff	___xxtofl@val+1,??___xxtofl+1
  8061   001F04  C003  F007         	movff	___xxtofl@val+2,??___xxtofl+2
  8062   001F08  C004  F008         	movff	___xxtofl@val+3,??___xxtofl+3
  8063   001F0C  1E05               	comf	??___xxtofl^0,f,c
  8064   001F0E  1E06               	comf	(??___xxtofl+1)^0,f,c
  8065   001F10  1E07               	comf	(??___xxtofl+2)^0,f,c
  8066   001F12  1E08               	comf	(??___xxtofl+3)^0,f,c
  8067   001F14  2A05               	incf	??___xxtofl^0,f,c
  8068   001F16  0E00               	movlw	0
  8069   001F18  2206               	addwfc	(??___xxtofl+1)^0,f,c
  8070   001F1A  2207               	addwfc	(??___xxtofl+2)^0,f,c
  8071   001F1C  2208               	addwfc	(??___xxtofl+3)^0,f,c
  8072   001F1E  C005  F00B         	movff	??___xxtofl,___xxtofl@arg
  8073   001F22  C006  F00C         	movff	??___xxtofl+1,___xxtofl@arg+1
  8074   001F26  C007  F00D         	movff	??___xxtofl+2,___xxtofl@arg+2
  8075   001F2A  C008  F00E         	movff	??___xxtofl+3,___xxtofl@arg+3
  8076   001F2E  EFA1  F00F         	goto	i2l3129
  8077   001F32                     i2l1004:
  8078   001F32  C001  F00B         	movff	___xxtofl@val,___xxtofl@arg
  8079   001F36  C002  F00C         	movff	___xxtofl@val+1,___xxtofl@arg+1
  8080   001F3A  C003  F00D         	movff	___xxtofl@val+2,___xxtofl@arg+2
  8081   001F3E  C004  F00E         	movff	___xxtofl@val+3,___xxtofl@arg+3
  8082   001F42                     i2l3129:
  8083   001F42  5001               	movf	___xxtofl@val^0,w,c
  8084   001F44  1002               	iorwf	(___xxtofl@val+1)^0,w,c
  8085   001F46  1003               	iorwf	(___xxtofl@val+2)^0,w,c
  8086   001F48  1004               	iorwf	(___xxtofl@val+3)^0,w,c
  8087   001F4A  A4D8               	btfss	status,2,c
  8088   001F4C  EFAA  F00F         	goto	i2u315_41
  8089   001F50  EFAC  F00F         	goto	i2u315_40
  8090   001F54                     i2u315_41:
  8091   001F54  EFB6  F00F         	goto	i2l3135
  8092   001F58                     i2u315_40:
  8093   001F58  0E00               	movlw	0
  8094   001F5A  6E01               	movwf	?___xxtofl^0,c
  8095   001F5C  0E00               	movlw	0
  8096   001F5E  6E02               	movwf	(?___xxtofl+1)^0,c
  8097   001F60  0E00               	movlw	0
  8098   001F62  6E03               	movwf	(?___xxtofl+2)^0,c
  8099   001F64  0E00               	movlw	0
  8100   001F66  6E04               	movwf	(?___xxtofl+3)^0,c
  8101   001F68  EF47  F010         	goto	i2l1007
  8102   001F6C                     i2l3135:
  8103   001F6C  0E96               	movlw	150
  8104   001F6E  6E0A               	movwf	___xxtofl@exp^0,c
  8105   001F70  EFC0  F00F         	goto	i2l3139
  8106   001F74                     i2l3137:
  8107   001F74  2A0A               	incf	___xxtofl@exp^0,f,c
  8108   001F76  90D8               	bcf	status,0,c
  8109   001F78  320E               	rrcf	(___xxtofl@arg+3)^0,f,c
  8110   001F7A  320D               	rrcf	(___xxtofl@arg+2)^0,f,c
  8111   001F7C  320C               	rrcf	(___xxtofl@arg+1)^0,f,c
  8112   001F7E  320B               	rrcf	___xxtofl@arg^0,f,c
  8113   001F80                     i2l3139:
  8114   001F80  0E00               	movlw	0
  8115   001F82  140B               	andwf	___xxtofl@arg^0,w,c
  8116   001F84  6E05               	movwf	??___xxtofl^0,c
  8117   001F86  0E00               	movlw	0
  8118   001F88  140C               	andwf	(___xxtofl@arg+1)^0,w,c
  8119   001F8A  6E06               	movwf	(??___xxtofl+1)^0,c
  8120   001F8C  0E00               	movlw	0
  8121   001F8E  140D               	andwf	(___xxtofl@arg+2)^0,w,c
  8122   001F90  6E07               	movwf	(??___xxtofl+2)^0,c
  8123   001F92  0EFE               	movlw	254
  8124   001F94  140E               	andwf	(___xxtofl@arg+3)^0,w,c
  8125   001F96  6E08               	movwf	(??___xxtofl+3)^0,c
  8126   001F98  5005               	movf	??___xxtofl^0,w,c
  8127   001F9A  1006               	iorwf	(??___xxtofl+1)^0,w,c
  8128   001F9C  1007               	iorwf	(??___xxtofl+2)^0,w,c
  8129   001F9E  1008               	iorwf	(??___xxtofl+3)^0,w,c
  8130   001FA0  A4D8               	btfss	status,2,c
  8131   001FA2  EFD5  F00F         	goto	i2u316_41
  8132   001FA6  EFD7  F00F         	goto	i2u316_40
  8133   001FAA                     i2u316_41:
  8134   001FAA  EFBA  F00F         	goto	i2l3137
  8135   001FAE                     i2u316_40:
  8136   001FAE  EFE5  F00F         	goto	i2l1011
  8137   001FB2                     i2l3141:
  8138   001FB2  2A0A               	incf	___xxtofl@exp^0,f,c
  8139   001FB4  0E01               	movlw	1
  8140   001FB6  260B               	addwf	___xxtofl@arg^0,f,c
  8141   001FB8  0E00               	movlw	0
  8142   001FBA  220C               	addwfc	(___xxtofl@arg+1)^0,f,c
  8143   001FBC  220D               	addwfc	(___xxtofl@arg+2)^0,f,c
  8144   001FBE  220E               	addwfc	(___xxtofl@arg+3)^0,f,c
  8145   001FC0  90D8               	bcf	status,0,c
  8146   001FC2  320E               	rrcf	(___xxtofl@arg+3)^0,f,c
  8147   001FC4  320D               	rrcf	(___xxtofl@arg+2)^0,f,c
  8148   001FC6  320C               	rrcf	(___xxtofl@arg+1)^0,f,c
  8149   001FC8  320B               	rrcf	___xxtofl@arg^0,f,c
  8150   001FCA                     i2l1011:
  8151   001FCA  0E00               	movlw	0
  8152   001FCC  140B               	andwf	___xxtofl@arg^0,w,c
  8153   001FCE  6E05               	movwf	??___xxtofl^0,c
  8154   001FD0  0E00               	movlw	0
  8155   001FD2  140C               	andwf	(___xxtofl@arg+1)^0,w,c
  8156   001FD4  6E06               	movwf	(??___xxtofl+1)^0,c
  8157   001FD6  0E00               	movlw	0
  8158   001FD8  140D               	andwf	(___xxtofl@arg+2)^0,w,c
  8159   001FDA  6E07               	movwf	(??___xxtofl+2)^0,c
  8160   001FDC  0EFF               	movlw	255
  8161   001FDE  140E               	andwf	(___xxtofl@arg+3)^0,w,c
  8162   001FE0  6E08               	movwf	(??___xxtofl+3)^0,c
  8163   001FE2  5005               	movf	??___xxtofl^0,w,c
  8164   001FE4  1006               	iorwf	(??___xxtofl+1)^0,w,c
  8165   001FE6  1007               	iorwf	(??___xxtofl+2)^0,w,c
  8166   001FE8  1008               	iorwf	(??___xxtofl+3)^0,w,c
  8167   001FEA  A4D8               	btfss	status,2,c
  8168   001FEC  EFFA  F00F         	goto	i2u317_41
  8169   001FF0  EFFC  F00F         	goto	i2u317_40
  8170   001FF4                     i2u317_41:
  8171   001FF4  EFD9  F00F         	goto	i2l3141
  8172   001FF8                     i2u317_40:
  8173   001FF8  EF04  F010         	goto	i2l3149
  8174   001FFC                     i2l3147:
  8175   001FFC  060A               	decf	___xxtofl@exp^0,f,c
  8176   001FFE  90D8               	bcf	status,0,c
  8177   002000  360B               	rlcf	___xxtofl@arg^0,f,c
  8178   002002  360C               	rlcf	(___xxtofl@arg+1)^0,f,c
  8179   002004  360D               	rlcf	(___xxtofl@arg+2)^0,f,c
  8180   002006  360E               	rlcf	(___xxtofl@arg+3)^0,f,c
  8181   002008                     i2l3149:
  8182   002008  BE0D               	btfsc	(___xxtofl@arg+2)^0,7,c
  8183   00200A  EF09  F010         	goto	i2u318_41
  8184   00200E  EF0B  F010         	goto	i2u318_40
  8185   002012                     i2u318_41:
  8186   002012  EF13  F010         	goto	i2l1018
  8187   002016                     i2u318_40:
  8188   002016  0E02               	movlw	2
  8189   002018  600A               	cpfslt	___xxtofl@exp^0,c
  8190   00201A  EF11  F010         	goto	i2u319_41
  8191   00201E  EF13  F010         	goto	i2u319_40
  8192   002022                     i2u319_41:
  8193   002022  EFFE  F00F         	goto	i2l3147
  8194   002026                     i2u319_40:
  8195   002026                     i2l1018:
  8196   002026  B00A               	btfsc	___xxtofl@exp^0,0,c
  8197   002028  EF18  F010         	goto	i2u320_41
  8198   00202C  EF1A  F010         	goto	i2u320_40
  8199   002030                     i2u320_41:
  8200   002030  EF1B  F010         	goto	i2l3155
  8201   002034                     i2u320_40:
  8202   002034  9E0D               	bcf	(___xxtofl@arg+2)^0,7,c
  8203   002036                     i2l3155:
  8204   002036  90D8               	bcf	status,0,c
  8205   002038  320A               	rrcf	___xxtofl@exp^0,f,c
  8206   00203A  C00A  F005         	movff	___xxtofl@exp,??___xxtofl
  8207   00203E  6A06               	clrf	(??___xxtofl+1)^0,c
  8208   002040  6A07               	clrf	(??___xxtofl+2)^0,c
  8209   002042  6A08               	clrf	(??___xxtofl+3)^0,c
  8210   002044  C005  F008         	movff	??___xxtofl,??___xxtofl+3
  8211   002048  6A07               	clrf	(??___xxtofl+2)^0,c
  8212   00204A  6A06               	clrf	(??___xxtofl+1)^0,c
  8213   00204C  6A05               	clrf	??___xxtofl^0,c
  8214   00204E  5005               	movf	??___xxtofl^0,w,c
  8215   002050  120B               	iorwf	___xxtofl@arg^0,f,c
  8216   002052  5006               	movf	(??___xxtofl+1)^0,w,c
  8217   002054  120C               	iorwf	(___xxtofl@arg+1)^0,f,c
  8218   002056  5007               	movf	(??___xxtofl+2)^0,w,c
  8219   002058  120D               	iorwf	(___xxtofl@arg+2)^0,f,c
  8220   00205A  5008               	movf	(??___xxtofl+3)^0,w,c
  8221   00205C  120E               	iorwf	(___xxtofl@arg+3)^0,f,c
  8222   00205E  5009               	movf	___xxtofl@sign^0,w,c
  8223   002060  B4D8               	btfsc	status,2,c
  8224   002062  EF35  F010         	goto	i2u321_41
  8225   002066  EF37  F010         	goto	i2u321_40
  8226   00206A                     i2u321_41:
  8227   00206A  EF3F  F010         	goto	i2l3165
  8228   00206E                     i2u321_40:
  8229   00206E  BE04               	btfsc	(___xxtofl@val+3)^0,7,c
  8230   002070  EF3E  F010         	goto	i2u322_40
  8231   002074  EF3C  F010         	goto	i2u322_41
  8232   002078                     i2u322_41:
  8233   002078  EF3F  F010         	goto	i2l3165
  8234   00207C                     i2u322_40:
  8235   00207C  8E0E               	bsf	(___xxtofl@arg+3)^0,7,c
  8236   00207E                     i2l3165:
  8237   00207E  C00B  F001         	movff	___xxtofl@arg,?___xxtofl
  8238   002082  C00C  F002         	movff	___xxtofl@arg+1,?___xxtofl+1
  8239   002086  C00D  F003         	movff	___xxtofl@arg+2,?___xxtofl+2
  8240   00208A  C00E  F004         	movff	___xxtofl@arg+3,?___xxtofl+3
  8241   00208E                     i2l1007:
  8242   00208E  0012               	return		;funcret
  8243   002090                     __end_of___xxtofl:
  8244                           	callstack 0
  8245                           
  8246 ;; *************** function ___wmul *****************
  8247 ;; Defined at:
  8248 ;;		line 15 in file "C:\Program Files\Microchip\xc8\v3.00\pic\sources\c99\common\Umul16.c"
  8249 ;; Parameters:    Size  Location     Type
  8250 ;;  multiplier      2    0[COMRAM] unsigned int 
  8251 ;;  multiplicand    2    2[COMRAM] unsigned int 
  8252 ;; Auto vars:     Size  Location     Type
  8253 ;;  product         2    4[COMRAM] unsigned int 
  8254 ;; Return value:  Size  Location     Type
  8255 ;;                  2    0[COMRAM] unsigned int 
  8256 ;; Registers used:
  8257 ;;		wreg, status,2, status,0, prodl, prodh
  8258 ;; Tracked objects:
  8259 ;;		On entry : 0/0
  8260 ;;		On exit  : 0/0
  8261 ;;		Unchanged: 0/0
  8262 ;; Data sizes:     COMRAM   BANK0   BANK1   BANK2   BANK3   BANK4   BANK5
  8263 ;;      Params:         4       0       0       0       0       0       0
  8264 ;;      Locals:         2       0       0       0       0       0       0
  8265 ;;      Temps:          0       0       0       0       0       0       0
  8266 ;;      Totals:         6       0       0       0       0       0       0
  8267 ;;Total ram usage:        6 bytes
  8268 ;; Hardware stack levels used: 1
  8269 ;; This function calls:
  8270 ;;		Nothing
  8271 ;; This function is called by:
  8272 ;;		_strtof
  8273 ;; This function uses a non-reentrant model
  8274 ;;
  8275                           
  8276                           	psect	text43
  8277   00326C                     __ptext43:
  8278                           	callstack 0
  8279   00326C                     ___wmul:
  8280                           	callstack 20
  8281   00326C  5001               	movf	___wmul@multiplier^0,w,c
  8282   00326E  0203               	mulwf	___wmul@multiplicand^0,c
  8283   003270  CFF3 F005          	movff	prodl,___wmul@product
  8284   003274  CFF4 F006          	movff	prodh,___wmul@product+1
  8285   003278  5001               	movf	___wmul@multiplier^0,w,c
  8286   00327A  0204               	mulwf	(___wmul@multiplicand+1)^0,c
  8287   00327C  50F3               	movf	243,w,c
  8288   00327E  2606               	addwf	(___wmul@product+1)^0,f,c
  8289   003280  5002               	movf	(___wmul@multiplier+1)^0,w,c
  8290   003282  0203               	mulwf	___wmul@multiplicand^0,c
  8291   003284  50F3               	movf	243,w,c
  8292   003286  2606               	addwf	(___wmul@product+1)^0,f,c
  8293   003288  C005  F001         	movff	___wmul@product,?___wmul
  8294   00328C  C006  F002         	movff	___wmul@product+1,?___wmul+1
  8295   003290  0012               	return		;funcret
  8296   003292                     __end_of___wmul:
  8297                           	callstack 0
  8298                           
  8299 ;; *************** function ___flneg *****************
  8300 ;; Defined at:
  8301 ;;		line 15 in file "C:\Program Files\Microchip\xc8\v3.00\pic\sources\c99\common\flneg.c"
  8302 ;; Parameters:    Size  Location     Type
  8303 ;;  f1              4    0[COMRAM] unsigned int 
  8304 ;; Auto vars:     Size  Location     Type
  8305 ;;		None
  8306 ;; Return value:  Size  Location     Type
  8307 ;;                  4    0[COMRAM] unsigned int 
  8308 ;; Registers used:
  8309 ;;		wreg, status,2, status,0
  8310 ;; Tracked objects:
  8311 ;;		On entry : 0/0
  8312 ;;		On exit  : 0/0
  8313 ;;		Unchanged: 0/0
  8314 ;; Data sizes:     COMRAM   BANK0   BANK1   BANK2   BANK3   BANK4   BANK5
  8315 ;;      Params:         4       0       0       0       0       0       0
  8316 ;;      Locals:         0       0       0       0       0       0       0
  8317 ;;      Temps:          0       0       0       0       0       0       0
  8318 ;;      Totals:         4       0       0       0       0       0       0
  8319 ;;Total ram usage:        4 bytes
  8320 ;; Hardware stack levels used: 1
  8321 ;; This function calls:
  8322 ;;		Nothing
  8323 ;; This function is called by:
  8324 ;;		_strtof
  8325 ;; This function uses a non-reentrant model
  8326 ;;
  8327                           
  8328                           	psect	text44
  8329   00311E                     __ptext44:
  8330                           	callstack 0
  8331   00311E                     ___flneg:
  8332                           	callstack 20
  8333   00311E  5001               	movf	___flneg@f1^0,w,c
  8334   003120  1002               	iorwf	(___flneg@f1+1)^0,w,c
  8335   003122  1003               	iorwf	(___flneg@f1+2)^0,w,c
  8336   003124  1004               	iorwf	(___flneg@f1+3)^0,w,c
  8337   003126  B4D8               	btfsc	status,2,c
  8338   003128  EF98  F018         	goto	i2u312_41
  8339   00312C  EF9A  F018         	goto	i2u312_40
  8340   003130                     i2u312_41:
  8341   003130  EFA2  F018         	goto	i2l3119
  8342   003134                     i2u312_40:
  8343   003134  0E00               	movlw	0
  8344   003136  1A01               	xorwf	___flneg@f1^0,f,c
  8345   003138  0E00               	movlw	0
  8346   00313A  1A02               	xorwf	(___flneg@f1+1)^0,f,c
  8347   00313C  0E00               	movlw	0
  8348   00313E  1A03               	xorwf	(___flneg@f1+2)^0,f,c
  8349   003140  0E80               	movlw	128
  8350   003142  1A04               	xorwf	(___flneg@f1+3)^0,f,c
  8351   003144                     i2l3119:
  8352   003144  C001  F001         	movff	___flneg@f1,?___flneg
  8353   003148  C002  F002         	movff	___flneg@f1+1,?___flneg+1
  8354   00314C  C003  F003         	movff	___flneg@f1+2,?___flneg+2
  8355   003150  C004  F004         	movff	___flneg@f1+3,?___flneg+3
  8356   003154  0012               	return		;funcret
  8357   003156                     __end_of___flneg:
  8358                           	callstack 0
  8359                           
  8360 ;; *************** function ___flmul *****************
  8361 ;; Defined at:
  8362 ;;		line 8 in file "C:\Program Files\Microchip\xc8\v3.00\pic\sources\c99\common\sprcmul.c"
  8363 ;; Parameters:    Size  Location     Type
  8364 ;;  b               4    0[COMRAM] unsigned int 
  8365 ;;  a               4    4[COMRAM] unsigned int 
  8366 ;; Auto vars:     Size  Location     Type
  8367 ;;  prod            4   19[COMRAM] struct .
  8368 ;;  grs             4   13[COMRAM] unsigned long 
  8369 ;;  temp            2   23[COMRAM] struct .
  8370 ;;  bexp            1   18[COMRAM] unsigned char 
  8371 ;;  aexp            1   17[COMRAM] unsigned char 
  8372 ;;  sign            1   12[COMRAM] unsigned char 
  8373 ;; Return value:  Size  Location     Type
  8374 ;;                  4    0[COMRAM] unsigned char 
  8375 ;; Registers used:
  8376 ;;		wreg, status,2, status,0, prodl, prodh
  8377 ;; Tracked objects:
  8378 ;;		On entry : 0/0
  8379 ;;		On exit  : 0/0
  8380 ;;		Unchanged: 0/0
  8381 ;; Data sizes:     COMRAM   BANK0   BANK1   BANK2   BANK3   BANK4   BANK5
  8382 ;;      Params:         8       0       0       0       0       0       0
  8383 ;;      Locals:        13       0       0       0       0       0       0
  8384 ;;      Temps:          4       0       0       0       0       0       0
  8385 ;;      Totals:        25       0       0       0       0       0       0
  8386 ;;Total ram usage:       25 bytes
  8387 ;; Hardware stack levels used: 1
  8388 ;; This function calls:
  8389 ;;		Nothing
  8390 ;; This function is called by:
  8391 ;;		_strtof
  8392 ;; This function uses a non-reentrant model
  8393 ;;
  8394                           
  8395                           	psect	text45
  8396   001558                     __ptext45:
  8397                           	callstack 0
  8398   001558                     ___flmul:
  8399                           	callstack 20
  8400   001558  5004               	movf	(___flmul@b+3)^0,w,c
  8401   00155A  0B80               	andlw	128
  8402   00155C  6E0D               	movwf	___flmul@sign^0,c
  8403   00155E  5004               	movf	(___flmul@b+3)^0,w,c
  8404   001560  2404               	addwf	(___flmul@b+3)^0,w,c
  8405   001562  6E13               	movwf	___flmul@bexp^0,c
  8406   001564  AE03               	btfss	(___flmul@b+2)^0,7,c
  8407   001566  EFB7  F00A         	goto	i2u285_41
  8408   00156A  EFB9  F00A         	goto	i2u285_40
  8409   00156E                     i2u285_41:
  8410   00156E  EFBA  F00A         	goto	i2l2955
  8411   001572                     i2u285_40:
  8412   001572  8013               	bsf	___flmul@bexp^0,0,c
  8413   001574                     i2l2955:
  8414   001574  5013               	movf	___flmul@bexp^0,w,c
  8415   001576  B4D8               	btfsc	status,2,c
  8416   001578  EFC0  F00A         	goto	i2u286_41
  8417   00157C  EFC2  F00A         	goto	i2u286_40
  8418   001580                     i2u286_41:
  8419   001580  EFD5  F00A         	goto	i2l2963
  8420   001584                     i2u286_40:
  8421   001584  2813               	incf	___flmul@bexp^0,w,c
  8422   001586  A4D8               	btfss	status,2,c
  8423   001588  EFC8  F00A         	goto	i2u287_41
  8424   00158C  EFCA  F00A         	goto	i2u287_40
  8425   001590                     i2u287_41:
  8426   001590  EFD2  F00A         	goto	i2l2961
  8427   001594                     i2u287_40:
  8428   001594  0E00               	movlw	0
  8429   001596  6E01               	movwf	___flmul@b^0,c
  8430   001598  0E00               	movlw	0
  8431   00159A  6E02               	movwf	(___flmul@b+1)^0,c
  8432   00159C  0E00               	movlw	0
  8433   00159E  6E03               	movwf	(___flmul@b+2)^0,c
  8434   0015A0  0E00               	movlw	0
  8435   0015A2  6E04               	movwf	(___flmul@b+3)^0,c
  8436   0015A4                     i2l2961:
  8437   0015A4  8E03               	bsf	(___flmul@b+2)^0,7,c
  8438   0015A6  EFDD  F00A         	goto	i2l2965
  8439   0015AA                     i2l2963:
  8440   0015AA  0E00               	movlw	0
  8441   0015AC  6E01               	movwf	___flmul@b^0,c
  8442   0015AE  0E00               	movlw	0
  8443   0015B0  6E02               	movwf	(___flmul@b+1)^0,c
  8444   0015B2  0E00               	movlw	0
  8445   0015B4  6E03               	movwf	(___flmul@b+2)^0,c
  8446   0015B6  0E00               	movlw	0
  8447   0015B8  6E04               	movwf	(___flmul@b+3)^0,c
  8448   0015BA                     i2l2965:
  8449   0015BA  5008               	movf	(___flmul@a+3)^0,w,c
  8450   0015BC  0B80               	andlw	128
  8451   0015BE  1A0D               	xorwf	___flmul@sign^0,f,c
  8452   0015C0  5008               	movf	(___flmul@a+3)^0,w,c
  8453   0015C2  2408               	addwf	(___flmul@a+3)^0,w,c
  8454   0015C4  6E12               	movwf	___flmul@aexp^0,c
  8455   0015C6  AE07               	btfss	(___flmul@a+2)^0,7,c
  8456   0015C8  EFE8  F00A         	goto	i2u288_41
  8457   0015CC  EFEA  F00A         	goto	i2u288_40
  8458   0015D0                     i2u288_41:
  8459   0015D0  EFEB  F00A         	goto	i2l2973
  8460   0015D4                     i2u288_40:
  8461   0015D4  8012               	bsf	___flmul@aexp^0,0,c
  8462   0015D6                     i2l2973:
  8463   0015D6  5012               	movf	___flmul@aexp^0,w,c
  8464   0015D8  B4D8               	btfsc	status,2,c
  8465   0015DA  EFF1  F00A         	goto	i2u289_41
  8466   0015DE  EFF3  F00A         	goto	i2u289_40
  8467   0015E2                     i2u289_41:
  8468   0015E2  EF06  F00B         	goto	i2l2981
  8469   0015E6                     i2u289_40:
  8470   0015E6  2812               	incf	___flmul@aexp^0,w,c
  8471   0015E8  A4D8               	btfss	status,2,c
  8472   0015EA  EFF9  F00A         	goto	i2u290_41
  8473   0015EE  EFFB  F00A         	goto	i2u290_40
  8474   0015F2                     i2u290_41:
  8475   0015F2  EF03  F00B         	goto	i2l2979
  8476   0015F6                     i2u290_40:
  8477   0015F6  0E00               	movlw	0
  8478   0015F8  6E05               	movwf	___flmul@a^0,c
  8479   0015FA  0E00               	movlw	0
  8480   0015FC  6E06               	movwf	(___flmul@a+1)^0,c
  8481   0015FE  0E00               	movlw	0
  8482   001600  6E07               	movwf	(___flmul@a+2)^0,c
  8483   001602  0E00               	movlw	0
  8484   001604  6E08               	movwf	(___flmul@a+3)^0,c
  8485   001606                     i2l2979:
  8486   001606  8E07               	bsf	(___flmul@a+2)^0,7,c
  8487   001608  EF0E  F00B         	goto	i2l963
  8488   00160C                     i2l2981:
  8489   00160C  0E00               	movlw	0
  8490   00160E  6E05               	movwf	___flmul@a^0,c
  8491   001610  0E00               	movlw	0
  8492   001612  6E06               	movwf	(___flmul@a+1)^0,c
  8493   001614  0E00               	movlw	0
  8494   001616  6E07               	movwf	(___flmul@a+2)^0,c
  8495   001618  0E00               	movlw	0
  8496   00161A  6E08               	movwf	(___flmul@a+3)^0,c
  8497   00161C                     i2l963:
  8498   00161C  5012               	movf	___flmul@aexp^0,w,c
  8499   00161E  B4D8               	btfsc	status,2,c
  8500   001620  EF14  F00B         	goto	i2u291_41
  8501   001624  EF16  F00B         	goto	i2u291_40
  8502   001628                     i2u291_41:
  8503   001628  EF1E  F00B         	goto	i2l2985
  8504   00162C                     i2u291_40:
  8505   00162C  5013               	movf	___flmul@bexp^0,w,c
  8506   00162E  A4D8               	btfss	status,2,c
  8507   001630  EF1C  F00B         	goto	i2u292_41
  8508   001634  EF1E  F00B         	goto	i2u292_40
  8509   001638                     i2u292_41:
  8510   001638  EF28  F00B         	goto	i2l2989
  8511   00163C                     i2u292_40:
  8512   00163C                     i2l2985:
  8513   00163C  0E00               	movlw	0
  8514   00163E  6E01               	movwf	?___flmul^0,c
  8515   001640  0E00               	movlw	0
  8516   001642  6E02               	movwf	(?___flmul+1)^0,c
  8517   001644  0E00               	movlw	0
  8518   001646  6E03               	movwf	(?___flmul+2)^0,c
  8519   001648  0E00               	movlw	0
  8520   00164A  6E04               	movwf	(?___flmul+3)^0,c
  8521   00164C  EFBE  F00C         	goto	i2l967
  8522   001650                     i2l2989:
  8523   001650  5007               	movf	(___flmul@a+2)^0,w,c
  8524   001652  0201               	mulwf	___flmul@b^0,c
  8525   001654  CFF3 F018          	movff	prodl,___flmul@temp
  8526   001658  CFF4 F019          	movff	prodh,___flmul@temp+1
  8527   00165C  5018               	movf	___flmul@temp^0,w,c
  8528   00165E  6E0E               	movwf	___flmul@grs^0,c
  8529   001660  6A0F               	clrf	(___flmul@grs+1)^0,c
  8530   001662  6A10               	clrf	(___flmul@grs+2)^0,c
  8531   001664  6A11               	clrf	(___flmul@grs+3)^0,c
  8532   001666  5019               	movf	(___flmul@temp+1)^0,w,c
  8533   001668  6E14               	movwf	___flmul@prod^0,c
  8534   00166A  6A15               	clrf	(___flmul@prod+1)^0,c
  8535   00166C  6A16               	clrf	(___flmul@prod+2)^0,c
  8536   00166E  6A17               	clrf	(___flmul@prod+3)^0,c
  8537   001670  5006               	movf	(___flmul@a+1)^0,w,c
  8538   001672  0202               	mulwf	(___flmul@b+1)^0,c
  8539   001674  CFF3 F018          	movff	prodl,___flmul@temp
  8540   001678  CFF4 F019          	movff	prodh,___flmul@temp+1
  8541   00167C  5018               	movf	___flmul@temp^0,w,c
  8542   00167E  260E               	addwf	___flmul@grs^0,f,c
  8543   001680  0E00               	movlw	0
  8544   001682  220F               	addwfc	(___flmul@grs+1)^0,f,c
  8545   001684  2210               	addwfc	(___flmul@grs+2)^0,f,c
  8546   001686  2211               	addwfc	(___flmul@grs+3)^0,f,c
  8547   001688  5019               	movf	(___flmul@temp+1)^0,w,c
  8548   00168A  2614               	addwf	___flmul@prod^0,f,c
  8549   00168C  0E00               	movlw	0
  8550   00168E  2215               	addwfc	(___flmul@prod+1)^0,f,c
  8551   001690  2216               	addwfc	(___flmul@prod+2)^0,f,c
  8552   001692  2217               	addwfc	(___flmul@prod+3)^0,f,c
  8553   001694  5005               	movf	___flmul@a^0,w,c
  8554   001696  0203               	mulwf	(___flmul@b+2)^0,c
  8555   001698  CFF3 F018          	movff	prodl,___flmul@temp
  8556   00169C  CFF4 F019          	movff	prodh,___flmul@temp+1
  8557   0016A0  5018               	movf	___flmul@temp^0,w,c
  8558   0016A2  260E               	addwf	___flmul@grs^0,f,c
  8559   0016A4  0E00               	movlw	0
  8560   0016A6  220F               	addwfc	(___flmul@grs+1)^0,f,c
  8561   0016A8  2210               	addwfc	(___flmul@grs+2)^0,f,c
  8562   0016AA  2211               	addwfc	(___flmul@grs+3)^0,f,c
  8563   0016AC  5019               	movf	(___flmul@temp+1)^0,w,c
  8564   0016AE  2614               	addwf	___flmul@prod^0,f,c
  8565   0016B0  0E00               	movlw	0
  8566   0016B2  2215               	addwfc	(___flmul@prod+1)^0,f,c
  8567   0016B4  2216               	addwfc	(___flmul@prod+2)^0,f,c
  8568   0016B6  2217               	addwfc	(___flmul@prod+3)^0,f,c
  8569   0016B8  C010  F011         	movff	___flmul@grs+2,___flmul@grs+3
  8570   0016BC  C00F  F010         	movff	___flmul@grs+1,___flmul@grs+2
  8571   0016C0  C00E  F00F         	movff	___flmul@grs,___flmul@grs+1
  8572   0016C4  6A0E               	clrf	___flmul@grs^0,c
  8573   0016C6  5005               	movf	___flmul@a^0,w,c
  8574   0016C8  0202               	mulwf	(___flmul@b+1)^0,c
  8575   0016CA  CFF3 F018          	movff	prodl,___flmul@temp
  8576   0016CE  CFF4 F019          	movff	prodh,___flmul@temp+1
  8577   0016D2  5018               	movf	___flmul@temp^0,w,c
  8578   0016D4  260E               	addwf	___flmul@grs^0,f,c
  8579   0016D6  5019               	movf	(___flmul@temp+1)^0,w,c
  8580   0016D8  220F               	addwfc	(___flmul@grs+1)^0,f,c
  8581   0016DA  0E00               	movlw	0
  8582   0016DC  2210               	addwfc	(___flmul@grs+2)^0,f,c
  8583   0016DE  0E00               	movlw	0
  8584   0016E0  2211               	addwfc	(___flmul@grs+3)^0,f,c
  8585   0016E2  5006               	movf	(___flmul@a+1)^0,w,c
  8586   0016E4  0201               	mulwf	___flmul@b^0,c
  8587   0016E6  CFF3 F018          	movff	prodl,___flmul@temp
  8588   0016EA  CFF4 F019          	movff	prodh,___flmul@temp+1
  8589   0016EE  5018               	movf	___flmul@temp^0,w,c
  8590   0016F0  260E               	addwf	___flmul@grs^0,f,c
  8591   0016F2  5019               	movf	(___flmul@temp+1)^0,w,c
  8592   0016F4  220F               	addwfc	(___flmul@grs+1)^0,f,c
  8593   0016F6  0E00               	movlw	0
  8594   0016F8  2210               	addwfc	(___flmul@grs+2)^0,f,c
  8595   0016FA  0E00               	movlw	0
  8596   0016FC  2211               	addwfc	(___flmul@grs+3)^0,f,c
  8597   0016FE  C010  F011         	movff	___flmul@grs+2,___flmul@grs+3
  8598   001702  C00F  F010         	movff	___flmul@grs+1,___flmul@grs+2
  8599   001706  C00E  F00F         	movff	___flmul@grs,___flmul@grs+1
  8600   00170A  6A0E               	clrf	___flmul@grs^0,c
  8601   00170C  5005               	movf	___flmul@a^0,w,c
  8602   00170E  0201               	mulwf	___flmul@b^0,c
  8603   001710  CFF3 F018          	movff	prodl,___flmul@temp
  8604   001714  CFF4 F019          	movff	prodh,___flmul@temp+1
  8605   001718  5018               	movf	___flmul@temp^0,w,c
  8606   00171A  260E               	addwf	___flmul@grs^0,f,c
  8607   00171C  5019               	movf	(___flmul@temp+1)^0,w,c
  8608   00171E  220F               	addwfc	(___flmul@grs+1)^0,f,c
  8609   001720  0E00               	movlw	0
  8610   001722  2210               	addwfc	(___flmul@grs+2)^0,f,c
  8611   001724  0E00               	movlw	0
  8612   001726  2211               	addwfc	(___flmul@grs+3)^0,f,c
  8613   001728  5007               	movf	(___flmul@a+2)^0,w,c
  8614   00172A  0202               	mulwf	(___flmul@b+1)^0,c
  8615   00172C  CFF3 F018          	movff	prodl,___flmul@temp
  8616   001730  CFF4 F019          	movff	prodh,___flmul@temp+1
  8617   001734  5018               	movf	___flmul@temp^0,w,c
  8618   001736  2614               	addwf	___flmul@prod^0,f,c
  8619   001738  5019               	movf	(___flmul@temp+1)^0,w,c
  8620   00173A  2215               	addwfc	(___flmul@prod+1)^0,f,c
  8621   00173C  0E00               	movlw	0
  8622   00173E  2216               	addwfc	(___flmul@prod+2)^0,f,c
  8623   001740  0E00               	movlw	0
  8624   001742  2217               	addwfc	(___flmul@prod+3)^0,f,c
  8625   001744  5006               	movf	(___flmul@a+1)^0,w,c
  8626   001746  0203               	mulwf	(___flmul@b+2)^0,c
  8627   001748  CFF3 F018          	movff	prodl,___flmul@temp
  8628   00174C  CFF4 F019          	movff	prodh,___flmul@temp+1
  8629   001750  5018               	movf	___flmul@temp^0,w,c
  8630   001752  2614               	addwf	___flmul@prod^0,f,c
  8631   001754  5019               	movf	(___flmul@temp+1)^0,w,c
  8632   001756  2215               	addwfc	(___flmul@prod+1)^0,f,c
  8633   001758  0E00               	movlw	0
  8634   00175A  2216               	addwfc	(___flmul@prod+2)^0,f,c
  8635   00175C  0E00               	movlw	0
  8636   00175E  2217               	addwfc	(___flmul@prod+3)^0,f,c
  8637   001760  5007               	movf	(___flmul@a+2)^0,w,c
  8638   001762  0203               	mulwf	(___flmul@b+2)^0,c
  8639   001764  CFF3 F018          	movff	prodl,___flmul@temp
  8640   001768  CFF4 F019          	movff	prodh,___flmul@temp+1
  8641   00176C  5018               	movf	___flmul@temp^0,w,c
  8642   00176E  6E09               	movwf	??___flmul^0,c
  8643   001770  5019               	movf	(___flmul@temp+1)^0,w,c
  8644   001772  6E0A               	movwf	(??___flmul+1)^0,c
  8645   001774  6A0B               	clrf	(??___flmul+2)^0,c
  8646   001776  6A0C               	clrf	(??___flmul+3)^0,c
  8647   001778  C00B  F00C         	movff	??___flmul+2,??___flmul+3
  8648   00177C  C00A  F00B         	movff	??___flmul+1,??___flmul+2
  8649   001780  C009  F00A         	movff	??___flmul,??___flmul+1
  8650   001784  6A09               	clrf	??___flmul^0,c
  8651   001786  5009               	movf	??___flmul^0,w,c
  8652   001788  2614               	addwf	___flmul@prod^0,f,c
  8653   00178A  500A               	movf	(??___flmul+1)^0,w,c
  8654   00178C  2215               	addwfc	(___flmul@prod+1)^0,f,c
  8655   00178E  500B               	movf	(??___flmul+2)^0,w,c
  8656   001790  2216               	addwfc	(___flmul@prod+2)^0,f,c
  8657   001792  500C               	movf	(??___flmul+3)^0,w,c
  8658   001794  2217               	addwfc	(___flmul@prod+3)^0,f,c
  8659   001796  C00E  F009         	movff	___flmul@grs,??___flmul
  8660   00179A  C00F  F00A         	movff	___flmul@grs+1,??___flmul+1
  8661   00179E  C010  F00B         	movff	___flmul@grs+2,??___flmul+2
  8662   0017A2  C011  F00C         	movff	___flmul@grs+3,??___flmul+3
  8663   0017A6  0E19               	movlw	25
  8664   0017A8  EFDB  F00B         	goto	i2u293_40
  8665   0017AC                     i2u293_45:
  8666   0017AC  90D8               	bcf	status,0,c
  8667   0017AE  320C               	rrcf	(??___flmul+3)^0,f,c
  8668   0017B0  320B               	rrcf	(??___flmul+2)^0,f,c
  8669   0017B2  320A               	rrcf	(??___flmul+1)^0,f,c
  8670   0017B4  3209               	rrcf	??___flmul^0,f,c
  8671   0017B6                     i2u293_40:
  8672   0017B6  2EE8               	decfsz	wreg,f,c
  8673   0017B8  EFD6  F00B         	goto	i2u293_45
  8674   0017BC  5009               	movf	??___flmul^0,w,c
  8675   0017BE  2614               	addwf	___flmul@prod^0,f,c
  8676   0017C0  500A               	movf	(??___flmul+1)^0,w,c
  8677   0017C2  2215               	addwfc	(___flmul@prod+1)^0,f,c
  8678   0017C4  500B               	movf	(??___flmul+2)^0,w,c
  8679   0017C6  2216               	addwfc	(___flmul@prod+2)^0,f,c
  8680   0017C8  500C               	movf	(??___flmul+3)^0,w,c
  8681   0017CA  2217               	addwfc	(___flmul@prod+3)^0,f,c
  8682   0017CC  C010  F011         	movff	___flmul@grs+2,___flmul@grs+3
  8683   0017D0  C00F  F010         	movff	___flmul@grs+1,___flmul@grs+2
  8684   0017D4  C00E  F00F         	movff	___flmul@grs,___flmul@grs+1
  8685   0017D8  6A0E               	clrf	___flmul@grs^0,c
  8686   0017DA  5012               	movf	___flmul@aexp^0,w,c
  8687   0017DC  C013  F009         	movff	___flmul@bexp,??___flmul
  8688   0017E0  6A0A               	clrf	(??___flmul+1)^0,c
  8689   0017E2  2609               	addwf	??___flmul^0,f,c
  8690   0017E4  0E00               	movlw	0
  8691   0017E6  220A               	addwfc	(??___flmul+1)^0,f,c
  8692   0017E8  0E82               	movlw	130
  8693   0017EA  2409               	addwf	??___flmul^0,w,c
  8694   0017EC  6E18               	movwf	___flmul@temp^0,c
  8695   0017EE  0EFF               	movlw	255
  8696   0017F0  200A               	addwfc	(??___flmul+1)^0,w,c
  8697   0017F2  6E19               	movwf	(___flmul@temp+1)^0,c
  8698   0017F4  EF11  F00C         	goto	i2l3037
  8699   0017F8                     i2l3031:
  8700   0017F8  90D8               	bcf	status,0,c
  8701   0017FA  3614               	rlcf	___flmul@prod^0,f,c
  8702   0017FC  3615               	rlcf	(___flmul@prod+1)^0,f,c
  8703   0017FE  3616               	rlcf	(___flmul@prod+2)^0,f,c
  8704   001800  3617               	rlcf	(___flmul@prod+3)^0,f,c
  8705   001802  AE11               	btfss	(___flmul@grs+3)^0,7,c
  8706   001804  EF06  F00C         	goto	i2u294_41
  8707   001808  EF08  F00C         	goto	i2u294_40
  8708   00180C                     i2u294_41:
  8709   00180C  EF09  F00C         	goto	i2l970
  8710   001810                     i2u294_40:
  8711   001810  8014               	bsf	___flmul@prod^0,0,c
  8712   001812                     i2l970:
  8713   001812  90D8               	bcf	status,0,c
  8714   001814  360E               	rlcf	___flmul@grs^0,f,c
  8715   001816  360F               	rlcf	(___flmul@grs+1)^0,f,c
  8716   001818  3610               	rlcf	(___flmul@grs+2)^0,f,c
  8717   00181A  3611               	rlcf	(___flmul@grs+3)^0,f,c
  8718   00181C  0618               	decf	___flmul@temp^0,f,c
  8719   00181E  A0D8               	btfss	status,0,c
  8720   001820  0619               	decf	(___flmul@temp+1)^0,f,c
  8721   001822                     i2l3037:
  8722   001822  AE16               	btfss	(___flmul@prod+2)^0,7,c
  8723   001824  EF16  F00C         	goto	i2u295_41
  8724   001828  EF18  F00C         	goto	i2u295_40
  8725   00182C                     i2u295_41:
  8726   00182C  EFFC  F00B         	goto	i2l3031
  8727   001830                     i2u295_40:
  8728   001830  6A12               	clrf	___flmul@aexp^0,c
  8729   001832  AE11               	btfss	(___flmul@grs+3)^0,7,c
  8730   001834  EF1E  F00C         	goto	i2u296_41
  8731   001838  EF20  F00C         	goto	i2u296_40
  8732   00183C                     i2u296_41:
  8733   00183C  EF44  F00C         	goto	i2l972
  8734   001840                     i2u296_40:
  8735   001840  0EFF               	movlw	255
  8736   001842  140E               	andwf	___flmul@grs^0,w,c
  8737   001844  6E09               	movwf	??___flmul^0,c
  8738   001846  0EFF               	movlw	255
  8739   001848  140F               	andwf	(___flmul@grs+1)^0,w,c
  8740   00184A  6E0A               	movwf	(??___flmul+1)^0,c
  8741   00184C  0EFF               	movlw	255
  8742   00184E  1410               	andwf	(___flmul@grs+2)^0,w,c
  8743   001850  6E0B               	movwf	(??___flmul+2)^0,c
  8744   001852  0E7F               	movlw	127
  8745   001854  1411               	andwf	(___flmul@grs+3)^0,w,c
  8746   001856  6E0C               	movwf	(??___flmul+3)^0,c
  8747   001858  5009               	movf	??___flmul^0,w,c
  8748   00185A  100A               	iorwf	(??___flmul+1)^0,w,c
  8749   00185C  100B               	iorwf	(??___flmul+2)^0,w,c
  8750   00185E  100C               	iorwf	(??___flmul+3)^0,w,c
  8751   001860  B4D8               	btfsc	status,2,c
  8752   001862  EF35  F00C         	goto	i2u297_41
  8753   001866  EF37  F00C         	goto	i2u297_40
  8754   00186A                     i2u297_41:
  8755   00186A  EF3B  F00C         	goto	i2l973
  8756   00186E                     i2u297_40:
  8757   00186E                     i2l3041:
  8758   00186E  0E01               	movlw	1
  8759   001870  6E12               	movwf	___flmul@aexp^0,c
  8760   001872  EF44  F00C         	goto	i2l972
  8761   001876                     i2l973:
  8762   001876  A014               	btfss	___flmul@prod^0,0,c
  8763   001878  EF40  F00C         	goto	i2u298_41
  8764   00187C  EF42  F00C         	goto	i2u298_40
  8765   001880                     i2u298_41:
  8766   001880  EF44  F00C         	goto	i2l972
  8767   001884                     i2u298_40:
  8768   001884  EF37  F00C         	goto	i2l3041
  8769   001888                     i2l972:
  8770   001888  5012               	movf	___flmul@aexp^0,w,c
  8771   00188A  B4D8               	btfsc	status,2,c
  8772   00188C  EF4A  F00C         	goto	i2u299_41
  8773   001890  EF4C  F00C         	goto	i2u299_40
  8774   001894                     i2u299_41:
  8775   001894  EF70  F00C         	goto	i2l3053
  8776   001898                     i2u299_40:
  8777   001898  0E01               	movlw	1
  8778   00189A  2614               	addwf	___flmul@prod^0,f,c
  8779   00189C  0E00               	movlw	0
  8780   00189E  2215               	addwfc	(___flmul@prod+1)^0,f,c
  8781   0018A0  2216               	addwfc	(___flmul@prod+2)^0,f,c
  8782   0018A2  2217               	addwfc	(___flmul@prod+3)^0,f,c
  8783   0018A4  A017               	btfss	(___flmul@prod+3)^0,0,c
  8784   0018A6  EF57  F00C         	goto	i2u300_41
  8785   0018AA  EF59  F00C         	goto	i2u300_40
  8786   0018AE                     i2u300_41:
  8787   0018AE  EF70  F00C         	goto	i2l3053
  8788   0018B2                     i2u300_40:
  8789   0018B2  C014  F009         	movff	___flmul@prod,??___flmul
  8790   0018B6  C015  F00A         	movff	___flmul@prod+1,??___flmul+1
  8791   0018BA  C016  F00B         	movff	___flmul@prod+2,??___flmul+2
  8792   0018BE  C017  F00C         	movff	___flmul@prod+3,??___flmul+3
  8793   0018C2  340C               	rlcf	(??___flmul+3)^0,w,c
  8794   0018C4  320C               	rrcf	(??___flmul+3)^0,f,c
  8795   0018C6  320B               	rrcf	(??___flmul+2)^0,f,c
  8796   0018C8  320A               	rrcf	(??___flmul+1)^0,f,c
  8797   0018CA  3209               	rrcf	??___flmul^0,f,c
  8798   0018CC  C009  F014         	movff	??___flmul,___flmul@prod
  8799   0018D0  C00A  F015         	movff	??___flmul+1,___flmul@prod+1
  8800   0018D4  C00B  F016         	movff	??___flmul+2,___flmul@prod+2
  8801   0018D8  C00C  F017         	movff	??___flmul+3,___flmul@prod+3
  8802   0018DC  4A18               	infsnz	___flmul@temp^0,f,c
  8803   0018DE  2A19               	incf	(___flmul@temp+1)^0,f,c
  8804   0018E0                     i2l3053:
  8805   0018E0  BE19               	btfsc	(___flmul@temp+1)^0,7,c
  8806   0018E2  EF7B  F00C         	goto	i2u301_41
  8807   0018E6  5019               	movf	(___flmul@temp+1)^0,w,c
  8808   0018E8  E108               	bnz	i2u301_40
  8809   0018EA  2818               	incf	___flmul@temp^0,w,c
  8810   0018EC  A0D8               	btfss	status,0,c
  8811   0018EE  EF7B  F00C         	goto	i2u301_41
  8812   0018F2  EF7D  F00C         	goto	i2u301_40
  8813   0018F6                     i2u301_41:
  8814   0018F6  EF87  F00C         	goto	i2l3057
  8815   0018FA                     i2u301_40:
  8816   0018FA  0E00               	movlw	0
  8817   0018FC  6E14               	movwf	___flmul@prod^0,c
  8818   0018FE  0E00               	movlw	0
  8819   001900  6E15               	movwf	(___flmul@prod+1)^0,c
  8820   001902  0E80               	movlw	128
  8821   001904  6E16               	movwf	(___flmul@prod+2)^0,c
  8822   001906  0E7F               	movlw	127
  8823   001908  6E17               	movwf	(___flmul@prod+3)^0,c
  8824   00190A  EFB4  F00C         	goto	i2l3071
  8825   00190E                     i2l3057:
  8826   00190E  BE19               	btfsc	(___flmul@temp+1)^0,7,c
  8827   001910  EF94  F00C         	goto	i2u302_40
  8828   001914  5019               	movf	(___flmul@temp+1)^0,w,c
  8829   001916  E106               	bnz	i2u302_41
  8830   001918  0418               	decf	___flmul@temp^0,w,c
  8831   00191A  B0D8               	btfsc	status,0,c
  8832   00191C  EF92  F00C         	goto	i2u302_41
  8833   001920  EF94  F00C         	goto	i2u302_40
  8834   001924                     i2u302_41:
  8835   001924  EF9F  F00C         	goto	i2l980
  8836   001928                     i2u302_40:
  8837   001928  0E00               	movlw	0
  8838   00192A  6E14               	movwf	___flmul@prod^0,c
  8839   00192C  0E00               	movlw	0
  8840   00192E  6E15               	movwf	(___flmul@prod+1)^0,c
  8841   001930  0E00               	movlw	0
  8842   001932  6E16               	movwf	(___flmul@prod+2)^0,c
  8843   001934  0E00               	movlw	0
  8844   001936  6E17               	movwf	(___flmul@prod+3)^0,c
  8845   001938  6A0D               	clrf	___flmul@sign^0,c
  8846   00193A  EFB4  F00C         	goto	i2l3071
  8847   00193E                     i2l980:
  8848   00193E  C018  F013         	movff	___flmul@temp,___flmul@bexp
  8849   001942  0EFF               	movlw	255
  8850   001944  1614               	andwf	___flmul@prod^0,f,c
  8851   001946  0EFF               	movlw	255
  8852   001948  1615               	andwf	(___flmul@prod+1)^0,f,c
  8853   00194A  0E7F               	movlw	127
  8854   00194C  1616               	andwf	(___flmul@prod+2)^0,f,c
  8855   00194E  0E00               	movlw	0
  8856   001950  1617               	andwf	(___flmul@prod+3)^0,f,c
  8857   001952  A013               	btfss	___flmul@bexp^0,0,c
  8858   001954  EFAE  F00C         	goto	i2u303_41
  8859   001958  EFB0  F00C         	goto	i2u303_40
  8860   00195C                     i2u303_41:
  8861   00195C  EFB1  F00C         	goto	i2l3069
  8862   001960                     i2u303_40:
  8863   001960  8E16               	bsf	(___flmul@prod+2)^0,7,c
  8864   001962                     i2l3069:
  8865   001962  90D8               	bcf	status,0,c
  8866   001964  3013               	rrcf	___flmul@bexp^0,w,c
  8867   001966  6E17               	movwf	(___flmul@prod+3)^0,c
  8868   001968                     i2l3071:
  8869   001968  500D               	movf	___flmul@sign^0,w,c
  8870   00196A  1217               	iorwf	(___flmul@prod+3)^0,f,c
  8871   00196C  C014  F001         	movff	___flmul@prod,?___flmul
  8872   001970  C015  F002         	movff	___flmul@prod+1,?___flmul+1
  8873   001974  C016  F003         	movff	___flmul@prod+2,?___flmul+2
  8874   001978  C017  F004         	movff	___flmul@prod+3,?___flmul+3
  8875   00197C                     i2l967:
  8876   00197C  0012               	return		;funcret
  8877   00197E                     __end_of___flmul:
  8878                           	callstack 0
  8879                           
  8880 ;; *************** function ___flge *****************
  8881 ;; Defined at:
  8882 ;;		line 4 in file "C:\Program Files\Microchip\xc8\v3.00\pic\sources\c99\common\flge.c"
  8883 ;; Parameters:    Size  Location     Type
  8884 ;;  ff1             4    0[COMRAM] unsigned char 
  8885 ;;  ff2             4    4[COMRAM] unsigned char 
  8886 ;; Auto vars:     Size  Location     Type
  8887 ;;		None
  8888 ;; Return value:  Size  Location     Type
  8889 ;;		None               void
  8890 ;; Registers used:
  8891 ;;		wreg, status,2, status,0
  8892 ;; Tracked objects:
  8893 ;;		On entry : 0/0
  8894 ;;		On exit  : 0/0
  8895 ;;		Unchanged: 0/0
  8896 ;; Data sizes:     COMRAM   BANK0   BANK1   BANK2   BANK3   BANK4   BANK5
  8897 ;;      Params:         8       0       0       0       0       0       0
  8898 ;;      Locals:         0       0       0       0       0       0       0
  8899 ;;      Temps:          4       0       0       0       0       0       0
  8900 ;;      Totals:        12       0       0       0       0       0       0
  8901 ;;Total ram usage:       12 bytes
  8902 ;; Hardware stack levels used: 1
  8903 ;; This function calls:
  8904 ;;		Nothing
  8905 ;; This function is called by:
  8906 ;;		_strtof
  8907 ;; This function uses a non-reentrant model
  8908 ;;
  8909                           
  8910                           	psect	text46
  8911   00232A                     __ptext46:
  8912                           	callstack 0
  8913   00232A                     ___flge:
  8914                           	callstack 20
  8915   00232A  0E00               	movlw	0
  8916   00232C  1401               	andwf	___flge@ff1^0,w,c
  8917   00232E  6E09               	movwf	??___flge^0,c
  8918   002330  0E00               	movlw	0
  8919   002332  1402               	andwf	(___flge@ff1+1)^0,w,c
  8920   002334  6E0A               	movwf	(??___flge+1)^0,c
  8921   002336  0E80               	movlw	128
  8922   002338  1403               	andwf	(___flge@ff1+2)^0,w,c
  8923   00233A  6E0B               	movwf	(??___flge+2)^0,c
  8924   00233C  0E7F               	movlw	127
  8925   00233E  1404               	andwf	(___flge@ff1+3)^0,w,c
  8926   002340  6E0C               	movwf	(??___flge+3)^0,c
  8927   002342  5009               	movf	??___flge^0,w,c
  8928   002344  100A               	iorwf	(??___flge+1)^0,w,c
  8929   002346  100B               	iorwf	(??___flge+2)^0,w,c
  8930   002348  100C               	iorwf	(??___flge+3)^0,w,c
  8931   00234A  A4D8               	btfss	status,2,c
  8932   00234C  EFAA  F011         	goto	i2u307_41
  8933   002350  EFAC  F011         	goto	i2u307_40
  8934   002354                     i2u307_41:
  8935   002354  EFB4  F011         	goto	i2l3097
  8936   002358                     i2u307_40:
  8937   002358  0E00               	movlw	0
  8938   00235A  6E01               	movwf	___flge@ff1^0,c
  8939   00235C  0E00               	movlw	0
  8940   00235E  6E02               	movwf	(___flge@ff1+1)^0,c
  8941   002360  0E00               	movlw	0
  8942   002362  6E03               	movwf	(___flge@ff1+2)^0,c
  8943   002364  0E00               	movlw	0
  8944   002366  6E04               	movwf	(___flge@ff1+3)^0,c
  8945   002368                     i2l3097:
  8946   002368  0E00               	movlw	0
  8947   00236A  1405               	andwf	___flge@ff2^0,w,c
  8948   00236C  6E09               	movwf	??___flge^0,c
  8949   00236E  0E00               	movlw	0
  8950   002370  1406               	andwf	(___flge@ff2+1)^0,w,c
  8951   002372  6E0A               	movwf	(??___flge+1)^0,c
  8952   002374  0E80               	movlw	128
  8953   002376  1407               	andwf	(___flge@ff2+2)^0,w,c
  8954   002378  6E0B               	movwf	(??___flge+2)^0,c
  8955   00237A  0E7F               	movlw	127
  8956   00237C  1408               	andwf	(___flge@ff2+3)^0,w,c
  8957   00237E  6E0C               	movwf	(??___flge+3)^0,c
  8958   002380  5009               	movf	??___flge^0,w,c
  8959   002382  100A               	iorwf	(??___flge+1)^0,w,c
  8960   002384  100B               	iorwf	(??___flge+2)^0,w,c
  8961   002386  100C               	iorwf	(??___flge+3)^0,w,c
  8962   002388  A4D8               	btfss	status,2,c
  8963   00238A  EFC9  F011         	goto	i2u308_41
  8964   00238E  EFCB  F011         	goto	i2u308_40
  8965   002392                     i2u308_41:
  8966   002392  EFD3  F011         	goto	i2l3101
  8967   002396                     i2u308_40:
  8968   002396  0E00               	movlw	0
  8969   002398  6E05               	movwf	___flge@ff2^0,c
  8970   00239A  0E00               	movlw	0
  8971   00239C  6E06               	movwf	(___flge@ff2+1)^0,c
  8972   00239E  0E00               	movlw	0
  8973   0023A0  6E07               	movwf	(___flge@ff2+2)^0,c
  8974   0023A2  0E00               	movlw	0
  8975   0023A4  6E08               	movwf	(___flge@ff2+3)^0,c
  8976   0023A6                     i2l3101:
  8977   0023A6  AE04               	btfss	(___flge@ff1+3)^0,7,c
  8978   0023A8  EFD8  F011         	goto	i2u309_41
  8979   0023AC  EFDA  F011         	goto	i2u309_40
  8980   0023B0                     i2u309_41:
  8981   0023B0  EFE3  F011         	goto	i2l3105
  8982   0023B4                     i2u309_40:
  8983   0023B4  6C01               	negf	___flge@ff1^0,c
  8984   0023B6  1E02               	comf	(___flge@ff1+1)^0,f,c
  8985   0023B8  B0D8               	btfsc	status,0,c
  8986   0023BA  2A02               	incf	(___flge@ff1+1)^0,f,c
  8987   0023BC  1E03               	comf	(___flge@ff1+2)^0,f,c
  8988   0023BE  B0D8               	btfsc	status,0,c
  8989   0023C0  2A03               	incf	(___flge@ff1+2)^0,f,c
  8990   0023C2  0E80               	movlw	128
  8991   0023C4  5604               	subfwb	(___flge@ff1+3)^0,f,c
  8992   0023C6                     i2l3105:
  8993   0023C6  AE08               	btfss	(___flge@ff2+3)^0,7,c
  8994   0023C8  EFE8  F011         	goto	i2u310_41
  8995   0023CC  EFEA  F011         	goto	i2u310_40
  8996   0023D0                     i2u310_41:
  8997   0023D0  EFF3  F011         	goto	i2l614
  8998   0023D4                     i2u310_40:
  8999   0023D4  6C05               	negf	___flge@ff2^0,c
  9000   0023D6  1E06               	comf	(___flge@ff2+1)^0,f,c
  9001   0023D8  B0D8               	btfsc	status,0,c
  9002   0023DA  2A06               	incf	(___flge@ff2+1)^0,f,c
  9003   0023DC  1E07               	comf	(___flge@ff2+2)^0,f,c
  9004   0023DE  B0D8               	btfsc	status,0,c
  9005   0023E0  2A07               	incf	(___flge@ff2+2)^0,f,c
  9006   0023E2  0E80               	movlw	128
  9007   0023E4  5608               	subfwb	(___flge@ff2+3)^0,f,c
  9008   0023E6                     i2l614:
  9009   0023E6  0E00               	movlw	0
  9010   0023E8  1A01               	xorwf	___flge@ff1^0,f,c
  9011   0023EA  0E00               	movlw	0
  9012   0023EC  1A02               	xorwf	(___flge@ff1+1)^0,f,c
  9013   0023EE  0E00               	movlw	0
  9014   0023F0  1A03               	xorwf	(___flge@ff1+2)^0,f,c
  9015   0023F2  0E80               	movlw	128
  9016   0023F4  1A04               	xorwf	(___flge@ff1+3)^0,f,c
  9017   0023F6  0E00               	movlw	0
  9018   0023F8  1A05               	xorwf	___flge@ff2^0,f,c
  9019   0023FA  0E00               	movlw	0
  9020   0023FC  1A06               	xorwf	(___flge@ff2+1)^0,f,c
  9021   0023FE  0E00               	movlw	0
  9022   002400  1A07               	xorwf	(___flge@ff2+2)^0,f,c
  9023   002402  0E80               	movlw	128
  9024   002404  1A08               	xorwf	(___flge@ff2+3)^0,f,c
  9025   002406  5005               	movf	___flge@ff2^0,w,c
  9026   002408  5C01               	subwf	___flge@ff1^0,w,c
  9027   00240A  5006               	movf	(___flge@ff2+1)^0,w,c
  9028   00240C  5802               	subwfb	(___flge@ff1+1)^0,w,c
  9029   00240E  5007               	movf	(___flge@ff2+2)^0,w,c
  9030   002410  5803               	subwfb	(___flge@ff1+2)^0,w,c
  9031   002412  5008               	movf	(___flge@ff2+3)^0,w,c
  9032   002414  5804               	subwfb	(___flge@ff1+3)^0,w,c
  9033   002416  B0D8               	btfsc	status,0,c
  9034   002418  EF10  F012         	goto	i2u311_41
  9035   00241C  EF12  F012         	goto	i2u311_40
  9036   002420                     i2u311_41:
  9037   002420  EF15  F012         	goto	i2l3111
  9038   002424                     i2u311_40:
  9039   002424  90D8               	bcf	status,0,c
  9040   002426  EF16  F012         	goto	i2l619
  9041   00242A                     i2l3111:
  9042   00242A  80D8               	bsf	status,0,c
  9043   00242C                     i2l619:
  9044   00242C  0012               	return		;funcret
  9045   00242E                     __end_of___flge:
  9046                           	callstack 0
  9047                           
  9048 ;; *************** function ___fleq *****************
  9049 ;; Defined at:
  9050 ;;		line 4 in file "C:\Program Files\Microchip\xc8\v3.00\pic\sources\c99\common\fleq.c"
  9051 ;; Parameters:    Size  Location     Type
  9052 ;;  ff1             4    0[COMRAM] unsigned char 
  9053 ;;  ff2             4    4[COMRAM] unsigned char 
  9054 ;; Auto vars:     Size  Location     Type
  9055 ;;		None
  9056 ;; Return value:  Size  Location     Type
  9057 ;;		None               void
  9058 ;; Registers used:
  9059 ;;		wreg, status,2, status,0
  9060 ;; Tracked objects:
  9061 ;;		On entry : 0/0
  9062 ;;		On exit  : 0/0
  9063 ;;		Unchanged: 0/0
  9064 ;; Data sizes:     COMRAM   BANK0   BANK1   BANK2   BANK3   BANK4   BANK5
  9065 ;;      Params:         8       0       0       0       0       0       0
  9066 ;;      Locals:         0       0       0       0       0       0       0
  9067 ;;      Temps:          4       0       0       0       0       0       0
  9068 ;;      Totals:        12       0       0       0       0       0       0
  9069 ;;Total ram usage:       12 bytes
  9070 ;; Hardware stack levels used: 1
  9071 ;; This function calls:
  9072 ;;		Nothing
  9073 ;; This function is called by:
  9074 ;;		_strtof
  9075 ;; This function uses a non-reentrant model
  9076 ;;
  9077                           
  9078                           	psect	text47
  9079   002822                     __ptext47:
  9080                           	callstack 0
  9081   002822                     ___fleq:
  9082                           	callstack 20
  9083   002822  0E00               	movlw	0
  9084   002824  1401               	andwf	___fleq@ff1^0,w,c
  9085   002826  6E09               	movwf	??___fleq^0,c
  9086   002828  0E00               	movlw	0
  9087   00282A  1402               	andwf	(___fleq@ff1+1)^0,w,c
  9088   00282C  6E0A               	movwf	(??___fleq+1)^0,c
  9089   00282E  0E80               	movlw	128
  9090   002830  1403               	andwf	(___fleq@ff1+2)^0,w,c
  9091   002832  6E0B               	movwf	(??___fleq+2)^0,c
  9092   002834  0E7F               	movlw	127
  9093   002836  1404               	andwf	(___fleq@ff1+3)^0,w,c
  9094   002838  6E0C               	movwf	(??___fleq+3)^0,c
  9095   00283A  5009               	movf	??___fleq^0,w,c
  9096   00283C  100A               	iorwf	(??___fleq+1)^0,w,c
  9097   00283E  100B               	iorwf	(??___fleq+2)^0,w,c
  9098   002840  100C               	iorwf	(??___fleq+3)^0,w,c
  9099   002842  A4D8               	btfss	status,2,c
  9100   002844  EF26  F014         	goto	i2u304_41
  9101   002848  EF28  F014         	goto	i2u304_40
  9102   00284C                     i2u304_41:
  9103   00284C  EF30  F014         	goto	i2l3081
  9104   002850                     i2u304_40:
  9105   002850  0E00               	movlw	0
  9106   002852  6E01               	movwf	___fleq@ff1^0,c
  9107   002854  0E00               	movlw	0
  9108   002856  6E02               	movwf	(___fleq@ff1+1)^0,c
  9109   002858  0E00               	movlw	0
  9110   00285A  6E03               	movwf	(___fleq@ff1+2)^0,c
  9111   00285C  0E00               	movlw	0
  9112   00285E  6E04               	movwf	(___fleq@ff1+3)^0,c
  9113   002860                     i2l3081:
  9114   002860  0E00               	movlw	0
  9115   002862  1405               	andwf	___fleq@ff2^0,w,c
  9116   002864  6E09               	movwf	??___fleq^0,c
  9117   002866  0E00               	movlw	0
  9118   002868  1406               	andwf	(___fleq@ff2+1)^0,w,c
  9119   00286A  6E0A               	movwf	(??___fleq+1)^0,c
  9120   00286C  0E80               	movlw	128
  9121   00286E  1407               	andwf	(___fleq@ff2+2)^0,w,c
  9122   002870  6E0B               	movwf	(??___fleq+2)^0,c
  9123   002872  0E7F               	movlw	127
  9124   002874  1408               	andwf	(___fleq@ff2+3)^0,w,c
  9125   002876  6E0C               	movwf	(??___fleq+3)^0,c
  9126   002878  5009               	movf	??___fleq^0,w,c
  9127   00287A  100A               	iorwf	(??___fleq+1)^0,w,c
  9128   00287C  100B               	iorwf	(??___fleq+2)^0,w,c
  9129   00287E  100C               	iorwf	(??___fleq+3)^0,w,c
  9130   002880  A4D8               	btfss	status,2,c
  9131   002882  EF45  F014         	goto	i2u305_41
  9132   002886  EF47  F014         	goto	i2u305_40
  9133   00288A                     i2u305_41:
  9134   00288A  EF4F  F014         	goto	i2l3085
  9135   00288E                     i2u305_40:
  9136   00288E  0E00               	movlw	0
  9137   002890  6E05               	movwf	___fleq@ff2^0,c
  9138   002892  0E00               	movlw	0
  9139   002894  6E06               	movwf	(___fleq@ff2+1)^0,c
  9140   002896  0E00               	movlw	0
  9141   002898  6E07               	movwf	(___fleq@ff2+2)^0,c
  9142   00289A  0E00               	movlw	0
  9143   00289C  6E08               	movwf	(___fleq@ff2+3)^0,c
  9144   00289E                     i2l3085:
  9145   00289E  5005               	movf	___fleq@ff2^0,w,c
  9146   0028A0  1801               	xorwf	___fleq@ff1^0,w,c
  9147   0028A2  E10F               	bnz	i2u306_40
  9148   0028A4  5006               	movf	(___fleq@ff2+1)^0,w,c
  9149   0028A6  1802               	xorwf	(___fleq@ff1+1)^0,w,c
  9150   0028A8  E10C               	bnz	i2u306_40
  9151   0028AA  5007               	movf	(___fleq@ff2+2)^0,w,c
  9152   0028AC  1803               	xorwf	(___fleq@ff1+2)^0,w,c
  9153   0028AE  E109               	bnz	i2u306_40
  9154   0028B0  5008               	movf	(___fleq@ff2+3)^0,w,c
  9155   0028B2  1804               	xorwf	(___fleq@ff1+3)^0,w,c
  9156   0028B4  B4D8               	btfsc	status,2,c
  9157   0028B6  EF5F  F014         	goto	i2u306_41
  9158   0028BA  EF61  F014         	goto	i2u306_40
  9159   0028BE                     i2u306_41:
  9160   0028BE  EF64  F014         	goto	i2l3089
  9161   0028C2                     i2u306_40:
  9162   0028C2  90D8               	bcf	status,0,c
  9163   0028C4  EF65  F014         	goto	i2l608
  9164   0028C8                     i2l3089:
  9165   0028C8  80D8               	bsf	status,0,c
  9166   0028CA                     i2l608:
  9167   0028CA  0012               	return		;funcret
  9168   0028CC                     __end_of___fleq:
  9169                           	callstack 0
  9170                           
  9171 ;; *************** function ___fldiv *****************
  9172 ;; Defined at:
  9173 ;;		line 11 in file "C:\Program Files\Microchip\xc8\v3.00\pic\sources\c99\common\sprcdiv.c"
  9174 ;; Parameters:    Size  Location     Type
  9175 ;;  b               4    0[COMRAM] unsigned char 
  9176 ;;  a               4    4[COMRAM] unsigned char 
  9177 ;; Auto vars:     Size  Location     Type
  9178 ;;  grs             4   19[COMRAM] unsigned long 
  9179 ;;  rem             4   12[COMRAM] unsigned long 
  9180 ;;  new_exp         2   17[COMRAM] short 
  9181 ;;  aexp            1   24[COMRAM] unsigned char 
  9182 ;;  bexp            1   23[COMRAM] unsigned char 
  9183 ;;  sign            1   16[COMRAM] unsigned char 
  9184 ;; Return value:  Size  Location     Type
  9185 ;;                  4    0[COMRAM] unsigned char 
  9186 ;; Registers used:
  9187 ;;		wreg, status,2, status,0
  9188 ;; Tracked objects:
  9189 ;;		On entry : 0/0
  9190 ;;		On exit  : 0/0
  9191 ;;		Unchanged: 0/0
  9192 ;; Data sizes:     COMRAM   BANK0   BANK1   BANK2   BANK3   BANK4   BANK5
  9193 ;;      Params:         8       0       0       0       0       0       0
  9194 ;;      Locals:        13       0       0       0       0       0       0
  9195 ;;      Temps:          4       0       0       0       0       0       0
  9196 ;;      Totals:        25       0       0       0       0       0       0
  9197 ;;Total ram usage:       25 bytes
  9198 ;; Hardware stack levels used: 1
  9199 ;; This function calls:
  9200 ;;		Nothing
  9201 ;; This function is called by:
  9202 ;;		_strtof
  9203 ;; This function uses a non-reentrant model
  9204 ;;
  9205                           
  9206                           	psect	text48
  9207   00197E                     __ptext48:
  9208                           	callstack 0
  9209   00197E                     ___fldiv:
  9210                           	callstack 20
  9211   00197E  5004               	movf	(___fldiv@b+3)^0,w,c
  9212   001980  0B80               	andlw	128
  9213   001982  6E11               	movwf	___fldiv@sign^0,c
  9214   001984  5004               	movf	(___fldiv@b+3)^0,w,c
  9215   001986  2404               	addwf	(___fldiv@b+3)^0,w,c
  9216   001988  6E18               	movwf	___fldiv@bexp^0,c
  9217   00198A  AE03               	btfss	(___fldiv@b+2)^0,7,c
  9218   00198C  EFCA  F00C         	goto	i2u262_41
  9219   001990  EFCC  F00C         	goto	i2u262_40
  9220   001994                     i2u262_41:
  9221   001994  EFCD  F00C         	goto	i2l2819
  9222   001998                     i2u262_40:
  9223   001998  8018               	bsf	___fldiv@bexp^0,0,c
  9224   00199A                     i2l2819:
  9225   00199A  5018               	movf	___fldiv@bexp^0,w,c
  9226   00199C  B4D8               	btfsc	status,2,c
  9227   00199E  EFD3  F00C         	goto	i2u263_41
  9228   0019A2  EFD5  F00C         	goto	i2u263_40
  9229   0019A6                     i2u263_41:
  9230   0019A6  EFE9  F00C         	goto	i2l2829
  9231   0019AA                     i2u263_40:
  9232   0019AA  2818               	incf	___fldiv@bexp^0,w,c
  9233   0019AC  A4D8               	btfss	status,2,c
  9234   0019AE  EFDB  F00C         	goto	i2u264_41
  9235   0019B2  EFDD  F00C         	goto	i2u264_40
  9236   0019B6                     i2u264_41:
  9237   0019B6  EFE5  F00C         	goto	i2l2825
  9238   0019BA                     i2u264_40:
  9239   0019BA  0E00               	movlw	0
  9240   0019BC  6E01               	movwf	___fldiv@b^0,c
  9241   0019BE  0E00               	movlw	0
  9242   0019C0  6E02               	movwf	(___fldiv@b+1)^0,c
  9243   0019C2  0E00               	movlw	0
  9244   0019C4  6E03               	movwf	(___fldiv@b+2)^0,c
  9245   0019C6  0E00               	movlw	0
  9246   0019C8  6E04               	movwf	(___fldiv@b+3)^0,c
  9247   0019CA                     i2l2825:
  9248   0019CA  8E03               	bsf	(___fldiv@b+2)^0,7,c
  9249   0019CC  6A04               	clrf	(___fldiv@b+3)^0,c
  9250   0019CE  EFF1  F00C         	goto	i2l2831
  9251   0019D2                     i2l2829:
  9252   0019D2  0E00               	movlw	0
  9253   0019D4  6E01               	movwf	___fldiv@b^0,c
  9254   0019D6  0E00               	movlw	0
  9255   0019D8  6E02               	movwf	(___fldiv@b+1)^0,c
  9256   0019DA  0E00               	movlw	0
  9257   0019DC  6E03               	movwf	(___fldiv@b+2)^0,c
  9258   0019DE  0E00               	movlw	0
  9259   0019E0  6E04               	movwf	(___fldiv@b+3)^0,c
  9260   0019E2                     i2l2831:
  9261   0019E2  5008               	movf	(___fldiv@a+3)^0,w,c
  9262   0019E4  0B80               	andlw	128
  9263   0019E6  1A11               	xorwf	___fldiv@sign^0,f,c
  9264   0019E8  5008               	movf	(___fldiv@a+3)^0,w,c
  9265   0019EA  2408               	addwf	(___fldiv@a+3)^0,w,c
  9266   0019EC  6E19               	movwf	___fldiv@aexp^0,c
  9267   0019EE  AE07               	btfss	(___fldiv@a+2)^0,7,c
  9268   0019F0  EFFC  F00C         	goto	i2u265_41
  9269   0019F4  EFFE  F00C         	goto	i2u265_40
  9270   0019F8                     i2u265_41:
  9271   0019F8  EFFF  F00C         	goto	i2l2839
  9272   0019FC                     i2u265_40:
  9273   0019FC  8019               	bsf	___fldiv@aexp^0,0,c
  9274   0019FE                     i2l2839:
  9275   0019FE  5019               	movf	___fldiv@aexp^0,w,c
  9276   001A00  B4D8               	btfsc	status,2,c
  9277   001A02  EF05  F00D         	goto	i2u266_41
  9278   001A06  EF07  F00D         	goto	i2u266_40
  9279   001A0A                     i2u266_41:
  9280   001A0A  EF1B  F00D         	goto	i2l2849
  9281   001A0E                     i2u266_40:
  9282   001A0E  2819               	incf	___fldiv@aexp^0,w,c
  9283   001A10  A4D8               	btfss	status,2,c
  9284   001A12  EF0D  F00D         	goto	i2u267_41
  9285   001A16  EF0F  F00D         	goto	i2u267_40
  9286   001A1A                     i2u267_41:
  9287   001A1A  EF17  F00D         	goto	i2l2845
  9288   001A1E                     i2u267_40:
  9289   001A1E  0E00               	movlw	0
  9290   001A20  6E05               	movwf	___fldiv@a^0,c
  9291   001A22  0E00               	movlw	0
  9292   001A24  6E06               	movwf	(___fldiv@a+1)^0,c
  9293   001A26  0E00               	movlw	0
  9294   001A28  6E07               	movwf	(___fldiv@a+2)^0,c
  9295   001A2A  0E00               	movlw	0
  9296   001A2C  6E08               	movwf	(___fldiv@a+3)^0,c
  9297   001A2E                     i2l2845:
  9298   001A2E  8E07               	bsf	(___fldiv@a+2)^0,7,c
  9299   001A30  6A08               	clrf	(___fldiv@a+3)^0,c
  9300   001A32  EF23  F00D         	goto	i2l2851
  9301   001A36                     i2l2849:
  9302   001A36  0E00               	movlw	0
  9303   001A38  6E05               	movwf	___fldiv@a^0,c
  9304   001A3A  0E00               	movlw	0
  9305   001A3C  6E06               	movwf	(___fldiv@a+1)^0,c
  9306   001A3E  0E00               	movlw	0
  9307   001A40  6E07               	movwf	(___fldiv@a+2)^0,c
  9308   001A42  0E00               	movlw	0
  9309   001A44  6E08               	movwf	(___fldiv@a+3)^0,c
  9310   001A46                     i2l2851:
  9311   001A46  5005               	movf	___fldiv@a^0,w,c
  9312   001A48  1006               	iorwf	(___fldiv@a+1)^0,w,c
  9313   001A4A  1007               	iorwf	(___fldiv@a+2)^0,w,c
  9314   001A4C  1008               	iorwf	(___fldiv@a+3)^0,w,c
  9315   001A4E  A4D8               	btfss	status,2,c
  9316   001A50  EF2C  F00D         	goto	i2u268_41
  9317   001A54  EF2E  F00D         	goto	i2u268_40
  9318   001A58                     i2u268_41:
  9319   001A58  EF46  F00D         	goto	i2l2863
  9320   001A5C                     i2u268_40:
  9321   001A5C  0E00               	movlw	0
  9322   001A5E  6E01               	movwf	___fldiv@b^0,c
  9323   001A60  0E00               	movlw	0
  9324   001A62  6E02               	movwf	(___fldiv@b+1)^0,c
  9325   001A64  0E00               	movlw	0
  9326   001A66  6E03               	movwf	(___fldiv@b+2)^0,c
  9327   001A68  0E00               	movlw	0
  9328   001A6A  6E04               	movwf	(___fldiv@b+3)^0,c
  9329   001A6C  0E80               	movlw	128
  9330   001A6E  1203               	iorwf	(___fldiv@b+2)^0,f,c
  9331   001A70  0E7F               	movlw	127
  9332   001A72  1204               	iorwf	(___fldiv@b+3)^0,f,c
  9333   001A74                     i2l2857:
  9334   001A74  5011               	movf	___fldiv@sign^0,w,c
  9335   001A76  1204               	iorwf	(___fldiv@b+3)^0,f,c
  9336   001A78  C001  F001         	movff	___fldiv@b,?___fldiv
  9337   001A7C  C002  F002         	movff	___fldiv@b+1,?___fldiv+1
  9338   001A80  C003  F003         	movff	___fldiv@b+2,?___fldiv+2
  9339   001A84  C004  F004         	movff	___fldiv@b+3,?___fldiv+3
  9340   001A88  EF86  F00E         	goto	i2l931
  9341   001A8C                     i2l2863:
  9342   001A8C  5018               	movf	___fldiv@bexp^0,w,c
  9343   001A8E  A4D8               	btfss	status,2,c
  9344   001A90  EF4C  F00D         	goto	i2u269_41
  9345   001A94  EF4E  F00D         	goto	i2u269_40
  9346   001A98                     i2u269_41:
  9347   001A98  EF58  F00D         	goto	i2l2871
  9348   001A9C                     i2u269_40:
  9349   001A9C  0E00               	movlw	0
  9350   001A9E  6E01               	movwf	?___fldiv^0,c
  9351   001AA0  0E00               	movlw	0
  9352   001AA2  6E02               	movwf	(?___fldiv+1)^0,c
  9353   001AA4  0E00               	movlw	0
  9354   001AA6  6E03               	movwf	(?___fldiv+2)^0,c
  9355   001AA8  0E00               	movlw	0
  9356   001AAA  6E04               	movwf	(?___fldiv+3)^0,c
  9357   001AAC  EF86  F00E         	goto	i2l931
  9358   001AB0                     i2l2871:
  9359   001AB0  5019               	movf	___fldiv@aexp^0,w,c
  9360   001AB2  C018  F009         	movff	___fldiv@bexp,??___fldiv
  9361   001AB6  6A0A               	clrf	(??___fldiv+1)^0,c
  9362   001AB8  5E09               	subwf	??___fldiv^0,f,c
  9363   001ABA  0E00               	movlw	0
  9364   001ABC  5A0A               	subwfb	(??___fldiv+1)^0,f,c
  9365   001ABE  0E7F               	movlw	127
  9366   001AC0  2409               	addwf	??___fldiv^0,w,c
  9367   001AC2  6E12               	movwf	___fldiv@new_exp^0,c
  9368   001AC4  0E00               	movlw	0
  9369   001AC6  200A               	addwfc	(??___fldiv+1)^0,w,c
  9370   001AC8  6E13               	movwf	(___fldiv@new_exp+1)^0,c
  9371   001ACA  C001  F00D         	movff	___fldiv@b,___fldiv@rem
  9372   001ACE  C002  F00E         	movff	___fldiv@b+1,___fldiv@rem+1
  9373   001AD2  C003  F00F         	movff	___fldiv@b+2,___fldiv@rem+2
  9374   001AD6  C004  F010         	movff	___fldiv@b+3,___fldiv@rem+3
  9375   001ADA  0E00               	movlw	0
  9376   001ADC  6E01               	movwf	___fldiv@b^0,c
  9377   001ADE  0E00               	movlw	0
  9378   001AE0  6E02               	movwf	(___fldiv@b+1)^0,c
  9379   001AE2  0E00               	movlw	0
  9380   001AE4  6E03               	movwf	(___fldiv@b+2)^0,c
  9381   001AE6  0E00               	movlw	0
  9382   001AE8  6E04               	movwf	(___fldiv@b+3)^0,c
  9383   001AEA  0E00               	movlw	0
  9384   001AEC  6E14               	movwf	___fldiv@grs^0,c
  9385   001AEE  0E00               	movlw	0
  9386   001AF0  6E15               	movwf	(___fldiv@grs+1)^0,c
  9387   001AF2  0E00               	movlw	0
  9388   001AF4  6E16               	movwf	(___fldiv@grs+2)^0,c
  9389   001AF6  0E00               	movlw	0
  9390   001AF8  6E17               	movwf	(___fldiv@grs+3)^0,c
  9391   001AFA  6A19               	clrf	___fldiv@aexp^0,c
  9392   001AFC  EFB8  F00D         	goto	i2l933
  9393   001B00                     i2l2881:
  9394   001B00  5019               	movf	___fldiv@aexp^0,w,c
  9395   001B02  B4D8               	btfsc	status,2,c
  9396   001B04  EF86  F00D         	goto	i2u270_41
  9397   001B08  EF88  F00D         	goto	i2u270_40
  9398   001B0C                     i2u270_41:
  9399   001B0C  EF9F  F00D         	goto	i2l2889
  9400   001B10                     i2u270_40:
  9401   001B10  90D8               	bcf	status,0,c
  9402   001B12  360D               	rlcf	___fldiv@rem^0,f,c
  9403   001B14  360E               	rlcf	(___fldiv@rem+1)^0,f,c
  9404   001B16  360F               	rlcf	(___fldiv@rem+2)^0,f,c
  9405   001B18  3610               	rlcf	(___fldiv@rem+3)^0,f,c
  9406   001B1A  90D8               	bcf	status,0,c
  9407   001B1C  3601               	rlcf	___fldiv@b^0,f,c
  9408   001B1E  3602               	rlcf	(___fldiv@b+1)^0,f,c
  9409   001B20  3603               	rlcf	(___fldiv@b+2)^0,f,c
  9410   001B22  3604               	rlcf	(___fldiv@b+3)^0,f,c
  9411   001B24  AE17               	btfss	(___fldiv@grs+3)^0,7,c
  9412   001B26  EF97  F00D         	goto	i2u271_41
  9413   001B2A  EF99  F00D         	goto	i2u271_40
  9414   001B2E                     i2u271_41:
  9415   001B2E  EF9A  F00D         	goto	i2l936
  9416   001B32                     i2u271_40:
  9417   001B32  8001               	bsf	___fldiv@b^0,0,c
  9418   001B34                     i2l936:
  9419   001B34  90D8               	bcf	status,0,c
  9420   001B36  3614               	rlcf	___fldiv@grs^0,f,c
  9421   001B38  3615               	rlcf	(___fldiv@grs+1)^0,f,c
  9422   001B3A  3616               	rlcf	(___fldiv@grs+2)^0,f,c
  9423   001B3C  3617               	rlcf	(___fldiv@grs+3)^0,f,c
  9424   001B3E                     i2l2889:
  9425   001B3E  5005               	movf	___fldiv@a^0,w,c
  9426   001B40  5C0D               	subwf	___fldiv@rem^0,w,c
  9427   001B42  5006               	movf	(___fldiv@a+1)^0,w,c
  9428   001B44  580E               	subwfb	(___fldiv@rem+1)^0,w,c
  9429   001B46  5007               	movf	(___fldiv@a+2)^0,w,c
  9430   001B48  580F               	subwfb	(___fldiv@rem+2)^0,w,c
  9431   001B4A  5008               	movf	(___fldiv@a+3)^0,w,c
  9432   001B4C  5810               	subwfb	(___fldiv@rem+3)^0,w,c
  9433   001B4E  A0D8               	btfss	status,0,c
  9434   001B50  EFAC  F00D         	goto	i2u272_41
  9435   001B54  EFAE  F00D         	goto	i2u272_40
  9436   001B58                     i2u272_41:
  9437   001B58  EFB7  F00D         	goto	i2l2895
  9438   001B5C                     i2u272_40:
  9439   001B5C  8C17               	bsf	(___fldiv@grs+3)^0,6,c
  9440   001B5E  5005               	movf	___fldiv@a^0,w,c
  9441   001B60  5E0D               	subwf	___fldiv@rem^0,f,c
  9442   001B62  5006               	movf	(___fldiv@a+1)^0,w,c
  9443   001B64  5A0E               	subwfb	(___fldiv@rem+1)^0,f,c
  9444   001B66  5007               	movf	(___fldiv@a+2)^0,w,c
  9445   001B68  5A0F               	subwfb	(___fldiv@rem+2)^0,f,c
  9446   001B6A  5008               	movf	(___fldiv@a+3)^0,w,c
  9447   001B6C  5A10               	subwfb	(___fldiv@rem+3)^0,f,c
  9448   001B6E                     i2l2895:
  9449   001B6E  2A19               	incf	___fldiv@aexp^0,f,c
  9450   001B70                     i2l933:
  9451   001B70  0E19               	movlw	25
  9452   001B72  6419               	cpfsgt	___fldiv@aexp^0,c
  9453   001B74  EFBE  F00D         	goto	i2u273_41
  9454   001B78  EFC0  F00D         	goto	i2u273_40
  9455   001B7C                     i2u273_41:
  9456   001B7C  EF80  F00D         	goto	i2l2881
  9457   001B80                     i2u273_40:
  9458   001B80  500D               	movf	___fldiv@rem^0,w,c
  9459   001B82  100E               	iorwf	(___fldiv@rem+1)^0,w,c
  9460   001B84  100F               	iorwf	(___fldiv@rem+2)^0,w,c
  9461   001B86  1010               	iorwf	(___fldiv@rem+3)^0,w,c
  9462   001B88  B4D8               	btfsc	status,2,c
  9463   001B8A  EFC9  F00D         	goto	i2u274_41
  9464   001B8E  EFCB  F00D         	goto	i2u274_40
  9465   001B92                     i2u274_41:
  9466   001B92  EFE3  F00D         	goto	i2l2907
  9467   001B96                     i2u274_40:
  9468   001B96  8014               	bsf	___fldiv@grs^0,0,c
  9469   001B98  EFE3  F00D         	goto	i2l2907
  9470   001B9C                     i2l2901:
  9471   001B9C  90D8               	bcf	status,0,c
  9472   001B9E  3601               	rlcf	___fldiv@b^0,f,c
  9473   001BA0  3602               	rlcf	(___fldiv@b+1)^0,f,c
  9474   001BA2  3603               	rlcf	(___fldiv@b+2)^0,f,c
  9475   001BA4  3604               	rlcf	(___fldiv@b+3)^0,f,c
  9476   001BA6  AE17               	btfss	(___fldiv@grs+3)^0,7,c
  9477   001BA8  EFD8  F00D         	goto	i2u275_41
  9478   001BAC  EFDA  F00D         	goto	i2u275_40
  9479   001BB0                     i2u275_41:
  9480   001BB0  EFDB  F00D         	goto	i2l942
  9481   001BB4                     i2u275_40:
  9482   001BB4  8001               	bsf	___fldiv@b^0,0,c
  9483   001BB6                     i2l942:
  9484   001BB6  90D8               	bcf	status,0,c
  9485   001BB8  3614               	rlcf	___fldiv@grs^0,f,c
  9486   001BBA  3615               	rlcf	(___fldiv@grs+1)^0,f,c
  9487   001BBC  3616               	rlcf	(___fldiv@grs+2)^0,f,c
  9488   001BBE  3617               	rlcf	(___fldiv@grs+3)^0,f,c
  9489   001BC0  0612               	decf	___fldiv@new_exp^0,f,c
  9490   001BC2  A0D8               	btfss	status,0,c
  9491   001BC4  0613               	decf	(___fldiv@new_exp+1)^0,f,c
  9492   001BC6                     i2l2907:
  9493   001BC6  AE03               	btfss	(___fldiv@b+2)^0,7,c
  9494   001BC8  EFE8  F00D         	goto	i2u276_41
  9495   001BCC  EFEA  F00D         	goto	i2u276_40
  9496   001BD0                     i2u276_41:
  9497   001BD0  EFCE  F00D         	goto	i2l2901
  9498   001BD4                     i2u276_40:
  9499   001BD4  6A19               	clrf	___fldiv@aexp^0,c
  9500   001BD6  AE17               	btfss	(___fldiv@grs+3)^0,7,c
  9501   001BD8  EFF0  F00D         	goto	i2u277_41
  9502   001BDC  EFF2  F00D         	goto	i2u277_40
  9503   001BE0                     i2u277_41:
  9504   001BE0  EF16  F00E         	goto	i2l944
  9505   001BE4                     i2u277_40:
  9506   001BE4  0EFF               	movlw	255
  9507   001BE6  1414               	andwf	___fldiv@grs^0,w,c
  9508   001BE8  6E09               	movwf	??___fldiv^0,c
  9509   001BEA  0EFF               	movlw	255
  9510   001BEC  1415               	andwf	(___fldiv@grs+1)^0,w,c
  9511   001BEE  6E0A               	movwf	(??___fldiv+1)^0,c
  9512   001BF0  0EFF               	movlw	255
  9513   001BF2  1416               	andwf	(___fldiv@grs+2)^0,w,c
  9514   001BF4  6E0B               	movwf	(??___fldiv+2)^0,c
  9515   001BF6  0E7F               	movlw	127
  9516   001BF8  1417               	andwf	(___fldiv@grs+3)^0,w,c
  9517   001BFA  6E0C               	movwf	(??___fldiv+3)^0,c
  9518   001BFC  5009               	movf	??___fldiv^0,w,c
  9519   001BFE  100A               	iorwf	(??___fldiv+1)^0,w,c
  9520   001C00  100B               	iorwf	(??___fldiv+2)^0,w,c
  9521   001C02  100C               	iorwf	(??___fldiv+3)^0,w,c
  9522   001C04  B4D8               	btfsc	status,2,c
  9523   001C06  EF07  F00E         	goto	i2u278_41
  9524   001C0A  EF09  F00E         	goto	i2u278_40
  9525   001C0E                     i2u278_41:
  9526   001C0E  EF0D  F00E         	goto	i2l945
  9527   001C12                     i2u278_40:
  9528   001C12                     i2l2911:
  9529   001C12  0E01               	movlw	1
  9530   001C14  6E19               	movwf	___fldiv@aexp^0,c
  9531   001C16  EF16  F00E         	goto	i2l944
  9532   001C1A                     i2l945:
  9533   001C1A  A001               	btfss	___fldiv@b^0,0,c
  9534   001C1C  EF12  F00E         	goto	i2u279_41
  9535   001C20  EF14  F00E         	goto	i2u279_40
  9536   001C24                     i2u279_41:
  9537   001C24  EF16  F00E         	goto	i2l944
  9538   001C28                     i2u279_40:
  9539   001C28  EF09  F00E         	goto	i2l2911
  9540   001C2C                     i2l944:
  9541   001C2C  5019               	movf	___fldiv@aexp^0,w,c
  9542   001C2E  B4D8               	btfsc	status,2,c
  9543   001C30  EF1C  F00E         	goto	i2u280_41
  9544   001C34  EF1E  F00E         	goto	i2u280_40
  9545   001C38                     i2u280_41:
  9546   001C38  EF42  F00E         	goto	i2l2923
  9547   001C3C                     i2u280_40:
  9548   001C3C  0E01               	movlw	1
  9549   001C3E  2601               	addwf	___fldiv@b^0,f,c
  9550   001C40  0E00               	movlw	0
  9551   001C42  2202               	addwfc	(___fldiv@b+1)^0,f,c
  9552   001C44  2203               	addwfc	(___fldiv@b+2)^0,f,c
  9553   001C46  2204               	addwfc	(___fldiv@b+3)^0,f,c
  9554   001C48  A004               	btfss	(___fldiv@b+3)^0,0,c
  9555   001C4A  EF29  F00E         	goto	i2u281_41
  9556   001C4E  EF2B  F00E         	goto	i2u281_40
  9557   001C52                     i2u281_41:
  9558   001C52  EF42  F00E         	goto	i2l2923
  9559   001C56                     i2u281_40:
  9560   001C56  C001  F009         	movff	___fldiv@b,??___fldiv
  9561   001C5A  C002  F00A         	movff	___fldiv@b+1,??___fldiv+1
  9562   001C5E  C003  F00B         	movff	___fldiv@b+2,??___fldiv+2
  9563   001C62  C004  F00C         	movff	___fldiv@b+3,??___fldiv+3
  9564   001C66  340C               	rlcf	(??___fldiv+3)^0,w,c
  9565   001C68  320C               	rrcf	(??___fldiv+3)^0,f,c
  9566   001C6A  320B               	rrcf	(??___fldiv+2)^0,f,c
  9567   001C6C  320A               	rrcf	(??___fldiv+1)^0,f,c
  9568   001C6E  3209               	rrcf	??___fldiv^0,f,c
  9569   001C70  C009  F001         	movff	??___fldiv,___fldiv@b
  9570   001C74  C00A  F002         	movff	??___fldiv+1,___fldiv@b+1
  9571   001C78  C00B  F003         	movff	??___fldiv+2,___fldiv@b+2
  9572   001C7C  C00C  F004         	movff	??___fldiv+3,___fldiv@b+3
  9573   001C80  4A12               	infsnz	___fldiv@new_exp^0,f,c
  9574   001C82  2A13               	incf	(___fldiv@new_exp+1)^0,f,c
  9575   001C84                     i2l2923:
  9576   001C84  BE13               	btfsc	(___fldiv@new_exp+1)^0,7,c
  9577   001C86  EF4D  F00E         	goto	i2u282_41
  9578   001C8A  5013               	movf	(___fldiv@new_exp+1)^0,w,c
  9579   001C8C  E108               	bnz	i2u282_40
  9580   001C8E  2812               	incf	___fldiv@new_exp^0,w,c
  9581   001C90  A0D8               	btfss	status,0,c
  9582   001C92  EF4D  F00E         	goto	i2u282_41
  9583   001C96  EF4F  F00E         	goto	i2u282_40
  9584   001C9A                     i2u282_41:
  9585   001C9A  EF5A  F00E         	goto	i2l2927
  9586   001C9E                     i2u282_40:
  9587   001C9E  0E00               	movlw	0
  9588   001CA0  6E13               	movwf	(___fldiv@new_exp+1)^0,c
  9589   001CA2  6812               	setf	___fldiv@new_exp^0,c
  9590   001CA4  0E00               	movlw	0
  9591   001CA6  6E01               	movwf	___fldiv@b^0,c
  9592   001CA8  0E00               	movlw	0
  9593   001CAA  6E02               	movwf	(___fldiv@b+1)^0,c
  9594   001CAC  0E00               	movlw	0
  9595   001CAE  6E03               	movwf	(___fldiv@b+2)^0,c
  9596   001CB0  0E00               	movlw	0
  9597   001CB2  6E04               	movwf	(___fldiv@b+3)^0,c
  9598   001CB4                     i2l2927:
  9599   001CB4  BE13               	btfsc	(___fldiv@new_exp+1)^0,7,c
  9600   001CB6  EF67  F00E         	goto	i2u283_40
  9601   001CBA  5013               	movf	(___fldiv@new_exp+1)^0,w,c
  9602   001CBC  E106               	bnz	i2u283_41
  9603   001CBE  0412               	decf	___fldiv@new_exp^0,w,c
  9604   001CC0  B0D8               	btfsc	status,0,c
  9605   001CC2  EF65  F00E         	goto	i2u283_41
  9606   001CC6  EF67  F00E         	goto	i2u283_40
  9607   001CCA                     i2u283_41:
  9608   001CCA  EF74  F00E         	goto	i2l2933
  9609   001CCE                     i2u283_40:
  9610   001CCE  0E00               	movlw	0
  9611   001CD0  6E13               	movwf	(___fldiv@new_exp+1)^0,c
  9612   001CD2  0E00               	movlw	0
  9613   001CD4  6E12               	movwf	___fldiv@new_exp^0,c
  9614   001CD6  0E00               	movlw	0
  9615   001CD8  6E01               	movwf	___fldiv@b^0,c
  9616   001CDA  0E00               	movlw	0
  9617   001CDC  6E02               	movwf	(___fldiv@b+1)^0,c
  9618   001CDE  0E00               	movlw	0
  9619   001CE0  6E03               	movwf	(___fldiv@b+2)^0,c
  9620   001CE2  0E00               	movlw	0
  9621   001CE4  6E04               	movwf	(___fldiv@b+3)^0,c
  9622   001CE6  6A11               	clrf	___fldiv@sign^0,c
  9623   001CE8                     i2l2933:
  9624   001CE8  C012  F018         	movff	___fldiv@new_exp,___fldiv@bexp
  9625   001CEC  A018               	btfss	___fldiv@bexp^0,0,c
  9626   001CEE  EF7B  F00E         	goto	i2u284_41
  9627   001CF2  EF7D  F00E         	goto	i2u284_40
  9628   001CF6                     i2u284_41:
  9629   001CF6  EF80  F00E         	goto	i2l2939
  9630   001CFA                     i2u284_40:
  9631   001CFA  8E03               	bsf	(___fldiv@b+2)^0,7,c
  9632   001CFC  EF81  F00E         	goto	i2l2941
  9633   001D00                     i2l2939:
  9634   001D00  9E03               	bcf	(___fldiv@b+2)^0,7,c
  9635   001D02                     i2l2941:
  9636   001D02  90D8               	bcf	status,0,c
  9637   001D04  3018               	rrcf	___fldiv@bexp^0,w,c
  9638   001D06  6E04               	movwf	(___fldiv@b+3)^0,c
  9639   001D08  EF3A  F00D         	goto	i2l2857
  9640   001D0C                     i2l931:
  9641   001D0C  0012               	return		;funcret
  9642   001D0E                     __end_of___fldiv:
  9643                           	callstack 0
  9644                           
  9645 ;; *************** function _strlen *****************
  9646 ;; Defined at:
  9647 ;;		line 5 in file "C:\Program Files\Microchip\xc8\v3.00\pic\sources\c99\common\strlen.c"
  9648 ;; Parameters:    Size  Location     Type
  9649 ;;  s               1    0[COMRAM] PTR const unsigned char 
  9650 ;;		 -> mystring(20), 
  9651 ;; Auto vars:     Size  Location     Type
  9652 ;;  a               1    2[COMRAM] PTR const unsigned char 
  9653 ;;		 -> mystring(20), 
  9654 ;; Return value:  Size  Location     Type
  9655 ;;                  2    0[COMRAM] unsigned int 
  9656 ;; Registers used:
  9657 ;;		wreg, fsr2l, fsr2h, status,2, status,0
  9658 ;; Tracked objects:
  9659 ;;		On entry : 0/0
  9660 ;;		On exit  : 0/0
  9661 ;;		Unchanged: 0/0
  9662 ;; Data sizes:     COMRAM   BANK0   BANK1   BANK2   BANK3   BANK4   BANK5
  9663 ;;      Params:         2       0       0       0       0       0       0
  9664 ;;      Locals:         1       0       0       0       0       0       0
  9665 ;;      Temps:          0       0       0       0       0       0       0
  9666 ;;      Totals:         3       0       0       0       0       0       0
  9667 ;;Total ram usage:        3 bytes
  9668 ;; Hardware stack levels used: 1
  9669 ;; This function calls:
  9670 ;;		Nothing
  9671 ;; This function is called by:
  9672 ;;		_MyusartRead
  9673 ;; This function uses a non-reentrant model
  9674 ;;
  9675                           
  9676                           	psect	text49
  9677   0031EC                     __ptext49:
  9678                           	callstack 0
  9679   0031EC                     _strlen:
  9680                           	callstack 21
  9681   0031EC  C001  F003         	movff	strlen@s,strlen@a
  9682   0031F0  EFFB  F018         	goto	i2l3405
  9683   0031F4                     i2l3403:
  9684   0031F4  2A01               	incf	strlen@s^0,f,c
  9685   0031F6                     i2l3405:
  9686   0031F6  5001               	movf	strlen@s^0,w,c
  9687   0031F8  6ED9               	movwf	fsr2l,c
  9688   0031FA  6ADA               	clrf	fsr2h,c
  9689   0031FC  50DF               	movf	indf2,w,c
  9690   0031FE  A4D8               	btfss	status,2,c
  9691   003200  EF04  F019         	goto	i2u345_41
  9692   003204  EF06  F019         	goto	i2u345_40
  9693   003208                     i2u345_41:
  9694   003208  EFFA  F018         	goto	i2l3403
  9695   00320C                     i2u345_40:
  9696   00320C  5003               	movf	strlen@a^0,w,c
  9697   00320E  5C01               	subwf	strlen@s^0,w,c
  9698   003210  6E01               	movwf	?_strlen^0,c
  9699   003212  6A02               	clrf	(?_strlen+1)^0,c
  9700   003214  BE01               	btfsc	?_strlen^0,7,c
  9701   003216  0602               	decf	(?_strlen+1)^0,f,c
  9702   003218  0012               	return		;funcret
  9703   00321A                     __end_of_strlen:
  9704                           	callstack 0
  9705                           
  9706 ;; *************** function _strcmp *****************
  9707 ;; Defined at:
  9708 ;;		line 3 in file "C:\Program Files\Microchip\xc8\v3.00\pic\sources\c99\common\strcmp.c"
  9709 ;; Parameters:    Size  Location     Type
  9710 ;;  l               1    0[COMRAM] PTR const unsigned char 
  9711 ;;		 -> mystring(20), 
  9712 ;;  r               1    1[COMRAM] PTR const unsigned char 
  9713 ;;		 -> STR_2(3), STR_1(3), 
  9714 ;; Auto vars:     Size  Location     Type
  9715 ;;		None
  9716 ;; Return value:  Size  Location     Type
  9717 ;;                  2    0[COMRAM] int 
  9718 ;; Registers used:
  9719 ;;		wreg, fsr2l, fsr2h, status,2, status,0, tblptrl, tblptrh, tblptru
  9720 ;; Tracked objects:
  9721 ;;		On entry : 0/0
  9722 ;;		On exit  : 0/0
  9723 ;;		Unchanged: 0/0
  9724 ;; Data sizes:     COMRAM   BANK0   BANK1   BANK2   BANK3   BANK4   BANK5
  9725 ;;      Params:         2       0       0       0       0       0       0
  9726 ;;      Locals:         0       0       0       0       0       0       0
  9727 ;;      Temps:          1       0       0       0       0       0       0
  9728 ;;      Totals:         3       0       0       0       0       0       0
  9729 ;;Total ram usage:        3 bytes
  9730 ;; Hardware stack levels used: 1
  9731 ;; This function calls:
  9732 ;;		Nothing
  9733 ;; This function is called by:
  9734 ;;		_MyusartRead
  9735 ;; This function uses a non-reentrant model
  9736 ;;
  9737                           
  9738                           	psect	text50
  9739   002EA0                     __ptext50:
  9740                           	callstack 0
  9741   002EA0                     _strcmp:
  9742                           	callstack 21
  9743   002EA0  EF54  F017         	goto	i2l3415
  9744   002EA4                     i2l3413:
  9745   002EA4  2A01               	incf	strcmp@l^0,f,c
  9746   002EA6  2A02               	incf	strcmp@r^0,f,c
  9747   002EA8                     i2l3415:
  9748   002EA8  5001               	movf	strcmp@l^0,w,c
  9749   002EAA  6ED9               	movwf	fsr2l,c
  9750   002EAC  6ADA               	clrf	fsr2h,c
  9751   002EAE  50DF               	movf	indf2,w,c
  9752   002EB0  6E03               	movwf	??_strcmp^0,c
  9753   002EB2  C002  FFF6         	movff	strcmp@r,tblptrl
  9754   002EB6                     	if	0	;There is only one active tblptr byte
  9755   002EB6                     	endif
  9756   002EB6                     	if	0	;tblptru may be non-zero
  9757   002EB6                     	endif
  9758   002EB6                     	if	0	;tblptru may be non-zero
  9759   002EB6                     	endif
  9760   002EB6  0008               	tblrd		*
  9761   002EB8  50F5               	movf	tablat,w,c
  9762   002EBA  1803               	xorwf	??_strcmp^0,w,c
  9763   002EBC  A4D8               	btfss	status,2,c
  9764   002EBE  EF63  F017         	goto	i2u346_41
  9765   002EC2  EF65  F017         	goto	i2u346_40
  9766   002EC6                     i2u346_41:
  9767   002EC6  EF70  F017         	goto	i2l3419
  9768   002ECA                     i2u346_40:
  9769   002ECA  5001               	movf	strcmp@l^0,w,c
  9770   002ECC  6ED9               	movwf	fsr2l,c
  9771   002ECE  6ADA               	clrf	fsr2h,c
  9772   002ED0  50DF               	movf	indf2,w,c
  9773   002ED2  A4D8               	btfss	status,2,c
  9774   002ED4  EF6E  F017         	goto	i2u347_41
  9775   002ED8  EF70  F017         	goto	i2u347_40
  9776   002EDC                     i2u347_41:
  9777   002EDC  EF52  F017         	goto	i2l3413
  9778   002EE0                     i2u347_40:
  9779   002EE0                     i2l3419:
  9780   002EE0  5001               	movf	strcmp@l^0,w,c
  9781   002EE2  6ED9               	movwf	fsr2l,c
  9782   002EE4  6ADA               	clrf	fsr2h,c
  9783   002EE6  50DF               	movf	indf2,w,c
  9784   002EE8  6E03               	movwf	??_strcmp^0,c
  9785   002EEA  C002  FFF6         	movff	strcmp@r,tblptrl
  9786   002EEE                     	if	0	;There is only one active tblptr byte
  9787   002EEE                     	endif
  9788   002EEE                     	if	0	;tblptru may be non-zero
  9789   002EEE                     	endif
  9790   002EEE                     	if	0	;tblptru may be non-zero
  9791   002EEE                     	endif
  9792   002EEE  0008               	tblrd		*
  9793   002EF0  50F5               	movf	tablat,w,c
  9794   002EF2  5C03               	subwf	??_strcmp^0,w,c
  9795   002EF4  6E01               	movwf	?_strcmp^0,c
  9796   002EF6  6A02               	clrf	(?_strcmp+1)^0,c
  9797   002EF8  A0D8               	btfss	status,0,c
  9798   002EFA  0602               	decf	(?_strcmp+1)^0,f,c
  9799   002EFC  0012               	return		;funcret
  9800   002EFE                     __end_of_strcmp:
  9801                           	callstack 0
  9802                           
  9803 ;; *************** function ___fltol *****************
  9804 ;; Defined at:
  9805 ;;		line 43 in file "C:\Program Files\Microchip\xc8\v3.00\pic\sources\c99\common\fltol.c"
  9806 ;; Parameters:    Size  Location     Type
  9807 ;;  f1              4   50[COMRAM] int 
  9808 ;; Auto vars:     Size  Location     Type
  9809 ;;  exp1            1   59[COMRAM] unsigned char 
  9810 ;;  sign1           1   58[COMRAM] unsigned char 
  9811 ;; Return value:  Size  Location     Type
  9812 ;;                  4   50[COMRAM] long 
  9813 ;; Registers used:
  9814 ;;		wreg, status,2, status,0
  9815 ;; Tracked objects:
  9816 ;;		On entry : 0/0
  9817 ;;		On exit  : 0/0
  9818 ;;		Unchanged: 0/0
  9819 ;; Data sizes:     COMRAM   BANK0   BANK1   BANK2   BANK3   BANK4   BANK5
  9820 ;;      Params:         4       0       0       0       0       0       0
  9821 ;;      Locals:         2       0       0       0       0       0       0
  9822 ;;      Temps:          4       0       0       0       0       0       0
  9823 ;;      Totals:        10       0       0       0       0       0       0
  9824 ;;Total ram usage:       10 bytes
  9825 ;; Hardware stack levels used: 1
  9826 ;; This function calls:
  9827 ;;		Nothing
  9828 ;; This function is called by:
  9829 ;;		_MyusartRead
  9830 ;; This function uses a non-reentrant model
  9831 ;;
  9832                           
  9833                           	psect	text51
  9834   002224                     __ptext51:
  9835                           	callstack 0
  9836   002224                     ___fltol:
  9837                           	callstack 21
  9838   002224  3435               	rlcf	(___fltol@f1+2)^0,w,c
  9839   002226  3436               	rlcf	(___fltol@f1+3)^0,w,c
  9840   002228  6E3C               	movwf	___fltol@exp1^0,c
  9841   00222A  503C               	movf	___fltol@exp1^0,w,c
  9842   00222C  A4D8               	btfss	status,2,c
  9843   00222E  EF1B  F011         	goto	i2u453_41
  9844   002232  EF1D  F011         	goto	i2u453_40
  9845   002236                     i2u453_41:
  9846   002236  EF27  F011         	goto	i2l3903
  9847   00223A                     i2u453_40:
  9848   00223A                     i2l3899:
  9849   00223A  0E00               	movlw	0
  9850   00223C  6E33               	movwf	?___fltol^0,c
  9851   00223E  0E00               	movlw	0
  9852   002240  6E34               	movwf	(?___fltol+1)^0,c
  9853   002242  0E00               	movlw	0
  9854   002244  6E35               	movwf	(?___fltol+2)^0,c
  9855   002246  0E00               	movlw	0
  9856   002248  6E36               	movwf	(?___fltol+3)^0,c
  9857   00224A  EF94  F011         	goto	i2l646
  9858   00224E                     i2l3903:
  9859   00224E  C033  F037         	movff	___fltol@f1,??___fltol
  9860   002252  C034  F038         	movff	___fltol@f1+1,??___fltol+1
  9861   002256  C035  F039         	movff	___fltol@f1+2,??___fltol+2
  9862   00225A  C036  F03A         	movff	___fltol@f1+3,??___fltol+3
  9863   00225E  0E20               	movlw	32
  9864   002260  EF37  F011         	goto	i2u454_40
  9865   002264                     i2u454_45:
  9866   002264  90D8               	bcf	status,0,c
  9867   002266  323A               	rrcf	(??___fltol+3)^0,f,c
  9868   002268  3239               	rrcf	(??___fltol+2)^0,f,c
  9869   00226A  3238               	rrcf	(??___fltol+1)^0,f,c
  9870   00226C  3237               	rrcf	??___fltol^0,f,c
  9871   00226E                     i2u454_40:
  9872   00226E  2EE8               	decfsz	wreg,f,c
  9873   002270  EF32  F011         	goto	i2u454_45
  9874   002274  5037               	movf	??___fltol^0,w,c
  9875   002276  6E3B               	movwf	___fltol@sign1^0,c
  9876   002278  8E35               	bsf	(___fltol@f1+2)^0,7,c
  9877   00227A  0EFF               	movlw	255
  9878   00227C  1633               	andwf	___fltol@f1^0,f,c
  9879   00227E  0EFF               	movlw	255
  9880   002280  1634               	andwf	(___fltol@f1+1)^0,f,c
  9881   002282  0EFF               	movlw	255
  9882   002284  1635               	andwf	(___fltol@f1+2)^0,f,c
  9883   002286  0E00               	movlw	0
  9884   002288  1636               	andwf	(___fltol@f1+3)^0,f,c
  9885   00228A  0E96               	movlw	150
  9886   00228C  5E3C               	subwf	___fltol@exp1^0,f,c
  9887   00228E  BE3C               	btfsc	___fltol@exp1^0,7,c
  9888   002290  EF4E  F011         	goto	i2u455_40
  9889   002294  EF4C  F011         	goto	i2u455_41
  9890   002298                     i2u455_41:
  9891   002298  EF64  F011         	goto	i2l3923
  9892   00229C                     i2u455_40:
  9893   00229C  503C               	movf	___fltol@exp1^0,w,c
  9894   00229E  0A80               	xorlw	128
  9895   0022A0  0F97               	addlw	151
  9896   0022A2  B0D8               	btfsc	status,0,c
  9897   0022A4  EF56  F011         	goto	i2u456_41
  9898   0022A8  EF58  F011         	goto	i2u456_40
  9899   0022AC                     i2u456_41:
  9900   0022AC  EF5A  F011         	goto	i2l3919
  9901   0022B0                     i2u456_40:
  9902   0022B0  EF1D  F011         	goto	i2l3899
  9903   0022B4                     i2l3919:
  9904   0022B4  90D8               	bcf	status,0,c
  9905   0022B6  3236               	rrcf	(___fltol@f1+3)^0,f,c
  9906   0022B8  3235               	rrcf	(___fltol@f1+2)^0,f,c
  9907   0022BA  3234               	rrcf	(___fltol@f1+1)^0,f,c
  9908   0022BC  3233               	rrcf	___fltol@f1^0,f,c
  9909   0022BE  3E3C               	incfsz	___fltol@exp1^0,f,c
  9910   0022C0  EF5A  F011         	goto	i2l3919
  9911   0022C4  EF7C  F011         	goto	i2l3933
  9912   0022C8                     i2l3923:
  9913   0022C8  0E1F               	movlw	31
  9914   0022CA  643C               	cpfsgt	___fltol@exp1^0,c
  9915   0022CC  EF6A  F011         	goto	i2u457_41
  9916   0022D0  EF6C  F011         	goto	i2u457_40
  9917   0022D4                     i2u457_41:
  9918   0022D4  EF74  F011         	goto	i2l3931
  9919   0022D8                     i2u457_40:
  9920   0022D8  EF1D  F011         	goto	i2l3899
  9921   0022DC                     i2l3929:
  9922   0022DC  90D8               	bcf	status,0,c
  9923   0022DE  3633               	rlcf	___fltol@f1^0,f,c
  9924   0022E0  3634               	rlcf	(___fltol@f1+1)^0,f,c
  9925   0022E2  3635               	rlcf	(___fltol@f1+2)^0,f,c
  9926   0022E4  3636               	rlcf	(___fltol@f1+3)^0,f,c
  9927   0022E6  063C               	decf	___fltol@exp1^0,f,c
  9928   0022E8                     i2l3931:
  9929   0022E8  503C               	movf	___fltol@exp1^0,w,c
  9930   0022EA  A4D8               	btfss	status,2,c
  9931   0022EC  EF7A  F011         	goto	i2u458_41
  9932   0022F0  EF7C  F011         	goto	i2u458_40
  9933   0022F4                     i2u458_41:
  9934   0022F4  EF6E  F011         	goto	i2l3929
  9935   0022F8                     i2u458_40:
  9936   0022F8                     i2l3933:
  9937   0022F8  503B               	movf	___fltol@sign1^0,w,c
  9938   0022FA  B4D8               	btfsc	status,2,c
  9939   0022FC  EF82  F011         	goto	i2u459_41
  9940   002300  EF84  F011         	goto	i2u459_40
  9941   002304                     i2u459_41:
  9942   002304  EF8C  F011         	goto	i2l3937
  9943   002308                     i2u459_40:
  9944   002308  1E36               	comf	(___fltol@f1+3)^0,f,c
  9945   00230A  1E35               	comf	(___fltol@f1+2)^0,f,c
  9946   00230C  1E34               	comf	(___fltol@f1+1)^0,f,c
  9947   00230E  6C33               	negf	___fltol@f1^0,c
  9948   002310  0E00               	movlw	0
  9949   002312  2234               	addwfc	(___fltol@f1+1)^0,f,c
  9950   002314  2235               	addwfc	(___fltol@f1+2)^0,f,c
  9951   002316  2236               	addwfc	(___fltol@f1+3)^0,f,c
  9952   002318                     i2l3937:
  9953   002318  C033  F033         	movff	___fltol@f1,?___fltol
  9954   00231C  C034  F034         	movff	___fltol@f1+1,?___fltol+1
  9955   002320  C035  F035         	movff	___fltol@f1+2,?___fltol+2
  9956   002324  C036  F036         	movff	___fltol@f1+3,?___fltol+3
  9957   002328                     i2l646:
  9958   002328  0012               	return		;funcret
  9959   00232A                     __end_of___fltol:
  9960                           	callstack 0
  9961                           
  9962 ;; *************** function _UART_Write_Text *****************
  9963 ;; Defined at:
  9964 ;;		line 81 in file "setting_hardaware/uart.c"
  9965 ;; Parameters:    Size  Location     Type
  9966 ;;  text            1    1[COMRAM] PTR unsigned char 
  9967 ;;		 -> STR_3(6), 
  9968 ;; Auto vars:     Size  Location     Type
  9969 ;;  i               2    3[COMRAM] int 
  9970 ;; Return value:  Size  Location     Type
  9971 ;;                  1    wreg      void 
  9972 ;; Registers used:
  9973 ;;		wreg, status,2, status,0, tblptrl, tblptrh, tblptru, cstack
  9974 ;; Tracked objects:
  9975 ;;		On entry : 0/0
  9976 ;;		On exit  : 0/0
  9977 ;;		Unchanged: 0/0
  9978 ;; Data sizes:     COMRAM   BANK0   BANK1   BANK2   BANK3   BANK4   BANK5
  9979 ;;      Params:         1       0       0       0       0       0       0
  9980 ;;      Locals:         2       0       0       0       0       0       0
  9981 ;;      Temps:          1       0       0       0       0       0       0
  9982 ;;      Totals:         4       0       0       0       0       0       0
  9983 ;;Total ram usage:        4 bytes
  9984 ;; Hardware stack levels used: 1
  9985 ;; Hardware stack levels required when called: 1
  9986 ;; This function calls:
  9987 ;;		i2_UART_Write
  9988 ;; This function is called by:
  9989 ;;		_MyusartRead
  9990 ;; This function uses a non-reentrant model
  9991 ;;
  9992                           
  9993                           	psect	text52
  9994   003068                     __ptext52:
  9995                           	callstack 0
  9996   003068                     _UART_Write_Text:
  9997                           	callstack 20
  9998   003068                     
  9999                           ;setting_hardaware/uart.c: 82:     for(int i=0;text[i]!='\0';i++)
 10000   003068  0E00               	movlw	0
 10001   00306A  6E05               	movwf	(UART_Write_Text@i+1)^0,c
 10002   00306C  0E00               	movlw	0
 10003   00306E  6E04               	movwf	UART_Write_Text@i^0,c
 10004   003070  EF45  F018         	goto	i2l3385
 10005   003074                     i2l3381:
 10006                           
 10007                           ;setting_hardaware/uart.c: 83:         UART_Write(text[i]);
 10008   003074  5002               	movf	UART_Write_Text@text^0,w,c
 10009   003076  2404               	addwf	UART_Write_Text@i^0,w,c
 10010   003078  6E03               	movwf	??_UART_Write_Text^0,c
 10011   00307A  C003  FFF6         	movff	??_UART_Write_Text,tblptrl
 10012   00307E                     	if	0	;There is only one active tblptr byte
 10013   00307E                     	endif
 10014   00307E                     	if	0	;tblptru may be non-zero
 10015   00307E                     	endif
 10016   00307E                     	if	0	;tblptru may be non-zero
 10017   00307E                     	endif
 10018   00307E  0008               	tblrd		*
 10019   003080  50F5               	movf	tablat,w,c
 10020   003082  EC9C  F019         	call	i2_UART_Write
 10021   003086  4A04               	infsnz	UART_Write_Text@i^0,f,c
 10022   003088  2A05               	incf	(UART_Write_Text@i+1)^0,f,c
 10023   00308A                     i2l3385:
 10024   00308A  5002               	movf	UART_Write_Text@text^0,w,c
 10025   00308C  2404               	addwf	UART_Write_Text@i^0,w,c
 10026   00308E  6E03               	movwf	??_UART_Write_Text^0,c
 10027   003090  C003  FFF6         	movff	??_UART_Write_Text,tblptrl
 10028   003094                     	if	0	;There is only one active tblptr byte
 10029   003094                     	endif
 10030   003094                     	if	0	;tblptru may be non-zero
 10031   003094                     	endif
 10032   003094                     	if	0	;tblptru may be non-zero
 10033   003094                     	endif
 10034   003094  0008               	tblrd		*
 10035   003096  50F5               	movf	tablat,w,c
 10036   003098  0900               	iorlw	0
 10037   00309A  A4D8               	btfss	status,2,c
 10038   00309C  EF52  F018         	goto	i2u343_41
 10039   0030A0  EF54  F018         	goto	i2u343_40
 10040   0030A4                     i2u343_41:
 10041   0030A4  EF3A  F018         	goto	i2l3381
 10042   0030A8                     i2u343_40:
 10043   0030A8  0012               	return		;funcret
 10044   0030AA                     __end_of_UART_Write_Text:
 10045                           	callstack 0
 10046                           
 10047 ;; *************** function i2_UART_Write *****************
 10048 ;; Defined at:
 10049 ;;		line 56 in file "setting_hardaware/uart.c"
 10050 ;; Parameters:    Size  Location     Type
 10051 ;;  data            1    wreg     unsigned char 
 10052 ;; Auto vars:     Size  Location     Type
 10053 ;;  data            1    0[COMRAM] unsigned char 
 10054 ;; Return value:  Size  Location     Type
 10055 ;;                  1    wreg      void 
 10056 ;; Registers used:
 10057 ;;		wreg
 10058 ;; Tracked objects:
 10059 ;;		On entry : 0/0
 10060 ;;		On exit  : 0/0
 10061 ;;		Unchanged: 0/0
 10062 ;; Data sizes:     COMRAM   BANK0   BANK1   BANK2   BANK3   BANK4   BANK5
 10063 ;;      Params:         0       0       0       0       0       0       0
 10064 ;;      Locals:         1       0       0       0       0       0       0
 10065 ;;      Temps:          0       0       0       0       0       0       0
 10066 ;;      Totals:         1       0       0       0       0       0       0
 10067 ;;Total ram usage:        1 bytes
 10068 ;; Hardware stack levels used: 1
 10069 ;; This function calls:
 10070 ;;		Nothing
 10071 ;; This function is called by:
 10072 ;;		_UART_Write_Text
 10073 ;;		_MyusartRead
 10074 ;; This function uses a non-reentrant model
 10075 ;;
 10076                           
 10077                           	psect	text53
 10078   003338                     __ptext53:
 10079                           	callstack 0
 10080   003338                     i2_UART_Write:
 10081                           	callstack 21
 10082                           
 10083                           ;incstack = 0
 10084                           ;i2UART_Write@data stored from wreg
 10085   003338  6E01               	movwf	i2UART_Write@data^0,c
 10086   00333A                     i2l290:
 10087   00333A  A2AC               	btfss	172,1,c	;volatile
 10088   00333C  EFA2  F019         	goto	i2u332_41
 10089   003340  EFA4  F019         	goto	i2u332_40
 10090   003344                     i2u332_41:
 10091   003344  EF9D  F019         	goto	i2l290
 10092   003348                     i2u332_40:
 10093   003348                     
 10094                           ;setting_hardaware/uart.c: 59:     TXREG = data;
 10095   003348  C001  FFAD         	movff	i2UART_Write@data,4013	;volatile
 10096   00334C  0012               	return		;funcret
 10097   00334E                     __end_ofi2_UART_Write:
 10098                           	callstack 0
 10099                           
 10100 ;; *************** function _ClearBuffer *****************
 10101 ;; Defined at:
 10102 ;;		line 116 in file "setting_hardaware/uart.c"
 10103 ;; Parameters:    Size  Location     Type
 10104 ;;		None
 10105 ;; Auto vars:     Size  Location     Type
 10106 ;;  i               2    0[COMRAM] int 
 10107 ;; Return value:  Size  Location     Type
 10108 ;;                  1    wreg      void 
 10109 ;; Registers used:
 10110 ;;		wreg, fsr2l, fsr2h, status,2, status,0
 10111 ;; Tracked objects:
 10112 ;;		On entry : 0/0
 10113 ;;		On exit  : 0/0
 10114 ;;		Unchanged: 0/0
 10115 ;; Data sizes:     COMRAM   BANK0   BANK1   BANK2   BANK3   BANK4   BANK5
 10116 ;;      Params:         0       0       0       0       0       0       0
 10117 ;;      Locals:         2       0       0       0       0       0       0
 10118 ;;      Temps:          0       0       0       0       0       0       0
 10119 ;;      Totals:         2       0       0       0       0       0       0
 10120 ;;Total ram usage:        2 bytes
 10121 ;; Hardware stack levels used: 1
 10122 ;; This function calls:
 10123 ;;		Nothing
 10124 ;; This function is called by:
 10125 ;;		_MyusartRead
 10126 ;; This function uses a non-reentrant model
 10127 ;;
 10128                           
 10129                           	psect	text54
 10130   0030AA                     __ptext54:
 10131                           	callstack 0
 10132   0030AA                     _ClearBuffer:
 10133                           	callstack 21
 10134   0030AA                     
 10135                           ;setting_hardaware/uart.c: 117:     for(int i = 0; i < 10 ; i++)
 10136   0030AA  0E00               	movlw	0
 10137   0030AC  6E02               	movwf	(ClearBuffer@i+1)^0,c
 10138   0030AE  0E00               	movlw	0
 10139   0030B0  6E01               	movwf	ClearBuffer@i^0,c
 10140   0030B2                     i2l3393:
 10141                           
 10142                           ;setting_hardaware/uart.c: 118:         mystring[i] = '\0';
 10143   0030B2  5001               	movf	ClearBuffer@i^0,w,c
 10144   0030B4  0F5A               	addlw	low _mystring
 10145   0030B6  6ED9               	movwf	fsr2l,c
 10146   0030B8  6ADA               	clrf	fsr2h,c
 10147   0030BA  6ADF               	clrf	indf2,c
 10148   0030BC  4A01               	infsnz	ClearBuffer@i^0,f,c
 10149   0030BE  2A02               	incf	(ClearBuffer@i+1)^0,f,c
 10150   0030C0  BE02               	btfsc	(ClearBuffer@i+1)^0,7,c
 10151   0030C2  EF6C  F018         	goto	i2u344_41
 10152   0030C6  5002               	movf	(ClearBuffer@i+1)^0,w,c
 10153   0030C8  E109               	bnz	i2u344_40
 10154   0030CA  0E0A               	movlw	10
 10155   0030CC  5C01               	subwf	ClearBuffer@i^0,w,c
 10156   0030CE  A0D8               	btfss	status,0,c
 10157   0030D0  EF6C  F018         	goto	i2u344_41
 10158   0030D4  EF6E  F018         	goto	i2u344_40
 10159   0030D8                     i2u344_41:
 10160   0030D8  EF59  F018         	goto	i2l3393
 10161   0030DC                     i2u344_40:
 10162   0030DC                     
 10163                           ;setting_hardaware/uart.c: 119:     lenStr = 0;
 10164   0030DC  0E00               	movlw	0
 10165   0030DE  6E4B               	movwf	(_lenStr+1)^0,c
 10166   0030E0  0E00               	movlw	0
 10167   0030E2  6E4A               	movwf	_lenStr^0,c
 10168   0030E4  0012               	return		;funcret
 10169   0030E6                     __end_of_ClearBuffer:
 10170                           	callstack 0
 10171                           
 10172                           	psect	rparam
 10173   000001                     ___rparam_used  equ	1
 10174   000000                     ___param_bank   equ	0
 10175   000000                     __Lparam        equ	__Lrparam
 10176   000000                     __Hparam        equ	__Hrparam
 10177                           
 10178                           	psect	temp
 10179   000078                     btemp:
 10180                           	callstack 0
 10181   000078                     	ds	1
 10182   000078                     int$flags       set	btemp
 10183   000079                     wtemp8          set	btemp+1
 10184   000079                     ttemp5          set	btemp+1
 10185   00007C                     ttemp6          set	btemp+4
 10186   000080                     ttemp7          set	btemp+8
 10187                           
 10188                           	psect	idloc
 10189                           
 10190                           ;Config register IDLOC0 @ 0x200000
 10191                           ;	unspecified, using default values
 10192   200000                     	org	2097152
 10193   200000  FF                 	db	255
 10194                           
 10195                           ;Config register IDLOC1 @ 0x200001
 10196                           ;	unspecified, using default values
 10197   200001                     	org	2097153
 10198   200001  FF                 	db	255
 10199                           
 10200                           ;Config register IDLOC2 @ 0x200002
 10201                           ;	unspecified, using default values
 10202   200002                     	org	2097154
 10203   200002  FF                 	db	255
 10204                           
 10205                           ;Config register IDLOC3 @ 0x200003
 10206                           ;	unspecified, using default values
 10207   200003                     	org	2097155
 10208   200003  FF                 	db	255
 10209                           
 10210                           ;Config register IDLOC4 @ 0x200004
 10211                           ;	unspecified, using default values
 10212   200004                     	org	2097156
 10213   200004  FF                 	db	255
 10214                           
 10215                           ;Config register IDLOC5 @ 0x200005
 10216                           ;	unspecified, using default values
 10217   200005                     	org	2097157
 10218   200005  FF                 	db	255
 10219                           
 10220                           ;Config register IDLOC6 @ 0x200006
 10221                           ;	unspecified, using default values
 10222   200006                     	org	2097158
 10223   200006  FF                 	db	255
 10224                           
 10225                           ;Config register IDLOC7 @ 0x200007
 10226                           ;	unspecified, using default values
 10227   200007                     	org	2097159
 10228   200007  FF                 	db	255
 10229                           
 10230                           	psect	config
 10231                           
 10232                           ; Padding undefined space
 10233   300000                     	org	3145728
 10234   300000  FF                 	db	255
 10235                           
 10236                           ;Config register CONFIG1H @ 0x300001
 10237                           ;	Oscillator Selection bits
 10238                           ;	OSC = INTIO67, Internal oscillator block, port function on RA6 and RA7
 10239                           ;	Fail-Safe Clock Monitor Enable bit
 10240                           ;	FCMEN = OFF, Fail-Safe Clock Monitor disabled
 10241                           ;	Internal/External Oscillator Switchover bit
 10242                           ;	IESO = ON, Oscillator Switchover mode enabled
 10243   300001                     	org	3145729
 10244   300001  88                 	db	136
 10245                           
 10246                           ;Config register CONFIG2L @ 0x300002
 10247                           ;	Power-up Timer Enable bit
 10248                           ;	PWRT = OFF, PWRT disabled
 10249                           ;	Brown-out Reset Enable bits
 10250                           ;	BOREN = SBORDIS, Brown-out Reset enabled in hardware only (SBOREN is disabled)
 10251                           ;	Brown Out Reset Voltage bits
 10252                           ;	BORV = 3, Minimum setting
 10253   300002                     	org	3145730
 10254   300002  1F                 	db	31
 10255                           
 10256                           ;Config register CONFIG2H @ 0x300003
 10257                           ;	Watchdog Timer Enable bit
 10258                           ;	WDT = OFF, WDT disabled (control is placed on the SWDTEN bit)
 10259                           ;	Watchdog Timer Postscale Select bits
 10260                           ;	WDTPS = 1, 1:1
 10261   300003                     	org	3145731
 10262   300003  00                 	db	0
 10263                           
 10264                           ; Padding undefined space
 10265   300004                     	org	3145732
 10266   300004  FF                 	db	255
 10267                           
 10268                           ;Config register CONFIG3H @ 0x300005
 10269                           ;	CCP2 MUX bit
 10270                           ;	CCP2MX = PORTC, CCP2 input/output is multiplexed with RC1
 10271                           ;	PORTB A/D Enable bit
 10272                           ;	PBADEN = OFF, PORTB<4:0> pins are configured as digital I/O on Reset
 10273                           ;	Low-Power Timer1 Oscillator Enable bit
 10274                           ;	LPT1OSC = OFF, Timer1 configured for higher power operation
 10275                           ;	MCLR Pin Enable bit
 10276                           ;	MCLRE = ON, MCLR pin enabled; RE3 input pin disabled
 10277   300005                     	org	3145733
 10278   300005  81                 	db	129
 10279                           
 10280                           ;Config register CONFIG4L @ 0x300006
 10281                           ;	Stack Full/Underflow Reset Enable bit
 10282                           ;	STVREN = ON, Stack full/underflow will cause Reset
 10283                           ;	Single-Supply ICSP Enable bit
 10284                           ;	LVP = OFF, Single-Supply ICSP disabled
 10285                           ;	Extended Instruction Set Enable bit
 10286                           ;	XINST = OFF, Instruction set extension and Indexed Addressing mode disabled (Legacy mo
      +                          de)
 10287                           ;	Background Debugger Enable bit
 10288                           ;	DEBUG = 0x1, unprogrammed default
 10289   300006                     	org	3145734
 10290   300006  81                 	db	129
 10291                           
 10292                           ; Padding undefined space
 10293   300007                     	org	3145735
 10294   300007  FF                 	db	255
 10295                           
 10296                           ;Config register CONFIG5L @ 0x300008
 10297                           ;	Code Protection bit
 10298                           ;	CP0 = OFF, Block 0 (000800-001FFFh) not code-protected
 10299                           ;	Code Protection bit
 10300                           ;	CP1 = OFF, Block 1 (002000-003FFFh) not code-protected
 10301                           ;	Code Protection bit
 10302                           ;	CP2 = OFF, Block 2 (004000-005FFFh) not code-protected
 10303                           ;	Code Protection bit
 10304                           ;	CP3 = OFF, Block 3 (006000-007FFFh) not code-protected
 10305   300008                     	org	3145736
 10306   300008  0F                 	db	15
 10307                           
 10308                           ;Config register CONFIG5H @ 0x300009
 10309                           ;	Boot Block Code Protection bit
 10310                           ;	CPB = OFF, Boot block (000000-0007FFh) not code-protected
 10311                           ;	Data EEPROM Code Protection bit
 10312                           ;	CPD = OFF, Data EEPROM not code-protected
 10313   300009                     	org	3145737
 10314   300009  C0                 	db	192
 10315                           
 10316                           ;Config register CONFIG6L @ 0x30000A
 10317                           ;	Write Protection bit
 10318                           ;	WRT0 = OFF, Block 0 (000800-001FFFh) not write-protected
 10319                           ;	Write Protection bit
 10320                           ;	WRT1 = OFF, Block 1 (002000-003FFFh) not write-protected
 10321                           ;	Write Protection bit
 10322                           ;	WRT2 = OFF, Block 2 (004000-005FFFh) not write-protected
 10323                           ;	Write Protection bit
 10324                           ;	WRT3 = OFF, Block 3 (006000-007FFFh) not write-protected
 10325   30000A                     	org	3145738
 10326   30000A  0F                 	db	15
 10327                           
 10328                           ;Config register CONFIG6H @ 0x30000B
 10329                           ;	Configuration Register Write Protection bit
 10330                           ;	WRTC = OFF, Configuration registers (300000-3000FFh) not write-protected
 10331                           ;	Boot Block Write Protection bit
 10332                           ;	WRTB = OFF, Boot block (000000-0007FFh) not write-protected
 10333                           ;	Data EEPROM Write Protection bit
 10334                           ;	WRTD = OFF, Data EEPROM not write-protected
 10335   30000B                     	org	3145739
 10336   30000B  E0                 	db	224
 10337                           
 10338                           ;Config register CONFIG7L @ 0x30000C
 10339                           ;	Table Read Protection bit
 10340                           ;	EBTR0 = OFF, Block 0 (000800-001FFFh) not protected from table reads executed in other
      +                           blocks
 10341                           ;	Table Read Protection bit
 10342                           ;	EBTR1 = OFF, Block 1 (002000-003FFFh) not protected from table reads executed in other
      +                           blocks
 10343                           ;	Table Read Protection bit
 10344                           ;	EBTR2 = OFF, Block 2 (004000-005FFFh) not protected from table reads executed in other
      +                           blocks
 10345                           ;	Table Read Protection bit
 10346                           ;	EBTR3 = OFF, Block 3 (006000-007FFFh) not protected from table reads executed in other
      +                           blocks
 10347   30000C                     	org	3145740
 10348   30000C  0F                 	db	15
 10349                           
 10350                           ;Config register CONFIG7H @ 0x30000D
 10351                           ;	Boot Block Table Read Protection bit
 10352                           ;	EBTRB = OFF, Boot block (000000-0007FFh) not protected from table reads executed in ot
      +                          her blocks
 10353   30000D                     	org	3145741
 10354   30000D  40                 	db	64
 10355                           tosu	equ	0xFFF
 10356                           tosh	equ	0xFFE
 10357                           tosl	equ	0xFFD
 10358                           stkptr	equ	0xFFC
 10359                           pclatu	equ	0xFFB
 10360                           pclath	equ	0xFFA
 10361                           pcl	equ	0xFF9
 10362                           tblptru	equ	0xFF8
 10363                           tblptrh	equ	0xFF7
 10364                           tblptrl	equ	0xFF6
 10365                           tablat	equ	0xFF5
 10366                           prodh	equ	0xFF4
 10367                           prodl	equ	0xFF3
 10368                           indf0	equ	0xFEF
 10369                           postinc0	equ	0xFEE
 10370                           postdec0	equ	0xFED
 10371                           preinc0	equ	0xFEC
 10372                           plusw0	equ	0xFEB
 10373                           fsr0h	equ	0xFEA
 10374                           fsr0l	equ	0xFE9
 10375                           wreg	equ	0xFE8
 10376                           indf1	equ	0xFE7
 10377                           postinc1	equ	0xFE6
 10378                           postdec1	equ	0xFE5
 10379                           preinc1	equ	0xFE4
 10380                           plusw1	equ	0xFE3
 10381                           fsr1h	equ	0xFE2
 10382                           fsr1l	equ	0xFE1
 10383                           bsr	equ	0xFE0
 10384                           indf2	equ	0xFDF
 10385                           postinc2	equ	0xFDE
 10386                           postdec2	equ	0xFDD
 10387                           preinc2	equ	0xFDC
 10388                           plusw2	equ	0xFDB
 10389                           fsr2h	equ	0xFDA
 10390                           fsr2l	equ	0xFD9
 10391                           status	equ	0xFD8

Data Sizes:
    Strings     42
    Constant    17
    Data        12
    BSS         62
    Persistent  0
    Stack       0

Auto Spaces:
    Space          Size  Autos    Used
    COMRAM          126     71     119
    BANK0           128     51      77
    BANK1           256     38      38
    BANK2           256      0       0
    BANK3           256      0       0
    BANK4           256      0       0
    BANK5           244      0       0

Pointer List with Targets:

    nanf@s	PTR const unsigned char  size(1) Largest target is 1
		 -> STR_12(CODE[1]), 

    sp__GetString	PTR unsigned char  size(1) Largest target is 20
		 -> mystring(COMRAM[20]), 

    strcmp@l	PTR const unsigned char  size(1) Largest target is 20
		 -> mystring(COMRAM[20]), 

    strcmp@r	PTR const unsigned char  size(1) Largest target is 3
		 -> STR_1(CODE[3]), STR_2(CODE[3]), 

    strlen@a	PTR const unsigned char  size(1) Largest target is 20
		 -> mystring(COMRAM[20]), 

    strlen@s	PTR const unsigned char  size(1) Largest target is 20
		 -> mystring(COMRAM[20]), 

    strtof@res	PTR PTR unsigned char  size(2) Largest target is 0
		 -> NULL(NULL[0]), 

    strtof@s	PTR const unsigned char  size(1) Largest target is 20
		 -> mystring(COMRAM[20]), 

    UART_Write_Text@text	PTR unsigned char  size(1) Largest target is 6
		 -> STR_3(CODE[6]), 


Critical Paths under _main in COMRAM

    None.

Critical Paths under _Lo_ISR in COMRAM

    None.

Critical Paths under _Hi_ISR in COMRAM

    _Hi_ISR->_MyusartRead
    _MyusartRead->___fltol
    i2_set_servo_angle->i2_AngleToDutyCycle
    i2_AngleToDutyCycle->i2___lldiv
    i2___lldiv->i2___lmul
    _strtof->___fldiv
    _strtof->___flmul
    ___fltol->_strtof
    _UART_Write_Text->i2_UART_Write

Critical Paths under _main in BANK0

    None.

Critical Paths under _Lo_ISR in BANK0

    _Lo_ISR->i1_set_servo_angle
    i1_set_servo_angle->i1_AngleToDutyCycle
    i1_AngleToDutyCycle->i1___lldiv
    i1___lldiv->i1___lmul
    _Update->___awdiv
    ___awdiv->___awmod
    _UART_DeleteLine->_UART_Write

Critical Paths under _Hi_ISR in BANK0

    None.

Critical Paths under _main in BANK1

    _main->_set_servo_angle
    _set_servo_angle->_AngleToDutyCycle
    _AngleToDutyCycle->___lldiv
    ___lldiv->___lmul

Critical Paths under _Lo_ISR in BANK1

    None.

Critical Paths under _Hi_ISR in BANK1

    None.

Critical Paths under _main in BANK2

    None.

Critical Paths under _Lo_ISR in BANK2

    None.

Critical Paths under _Hi_ISR in BANK2

    None.

Critical Paths under _main in BANK3

    None.

Critical Paths under _Lo_ISR in BANK3

    None.

Critical Paths under _Hi_ISR in BANK3

    None.

Critical Paths under _main in BANK4

    None.

Critical Paths under _Lo_ISR in BANK4

    None.

Critical Paths under _Hi_ISR in BANK4

    None.

Critical Paths under _main in BANK5

    None.

Critical Paths under _Lo_ISR in BANK5

    None.

Critical Paths under _Hi_ISR in BANK5

    None.

Call Graph Tables:

 ---------------------------------------------------------------------------------
 (Depth) Function   	        Calls       Base Space   Used Autos Params    Refs
 ---------------------------------------------------------------------------------
 (0) _main                                                 0     0      0    1027
                           _ADC_Read
                  _SYSTEM_Initialize
                    _set_servo_angle
 ---------------------------------------------------------------------------------
 (1) _set_servo_angle                                      6     4      2     990
                                             32 BANK1      6     4      2
                   _AngleToDutyCycle
                   _SetCCP1DutyCycle
 ---------------------------------------------------------------------------------
 (2) _SetCCP1DutyCycle                                     4     2      2      99
                                              0 BANK1      4     2      2
 ---------------------------------------------------------------------------------
 (2) _AngleToDutyCycle                                    11     9      2     721
                                             25 BANK1      7     5      2
                            ___lldiv
                             ___lmul
 ---------------------------------------------------------------------------------
 (3) ___lmul                                              12     4      8     142
                                              0 BANK1     12     4      8
 ---------------------------------------------------------------------------------
 (3) ___lldiv                                             13     5      8     247
                                             12 BANK1     13     5      8
                             ___lmul (ARG)
 ---------------------------------------------------------------------------------
 (1) _SYSTEM_Initialize                                    0     0      0       0
                     _ADC_Initialize
                    _CCP1_Initialize
                    _CCP2_Initialize
               _INTERRUPT_Initialize
              _OSCILLATOR_Initialize
             _PIN_MANAGER_Initialize
                    _TMR0_Initialize
                    _TMR1_Initialize
                    _TMR2_Initialize
                    _UART_Initialize
 ---------------------------------------------------------------------------------
 (2) _UART_Initialize                                      0     0      0       0
 ---------------------------------------------------------------------------------
 (2) _TMR2_Initialize                                      0     0      0       0
 ---------------------------------------------------------------------------------
 (2) _TMR1_Initialize                                      0     0      0       0
 ---------------------------------------------------------------------------------
 (2) _TMR0_Initialize                                      0     0      0       0
 ---------------------------------------------------------------------------------
 (2) _PIN_MANAGER_Initialize                               0     0      0       0
 ---------------------------------------------------------------------------------
 (2) _OSCILLATOR_Initialize                                0     0      0       0
 ---------------------------------------------------------------------------------
 (2) _INTERRUPT_Initialize                                 0     0      0       0
 ---------------------------------------------------------------------------------
 (2) _CCP2_Initialize                                      0     0      0       0
 ---------------------------------------------------------------------------------
 (2) _CCP1_Initialize                                      0     0      0       0
 ---------------------------------------------------------------------------------
 (2) _ADC_Initialize                                       0     0      0       0
 ---------------------------------------------------------------------------------
 (1) _ADC_Read                                             6     4      2      37
                                              0 BANK1      6     4      2
 ---------------------------------------------------------------------------------
 Estimated maximum stack depth 3
 ---------------------------------------------------------------------------------
 (Depth) Function   	        Calls       Base Space   Used Autos Params    Refs
 ---------------------------------------------------------------------------------
 (4) _Lo_ISR                                              13    13      0    2182
                                             38 BANK0     13    13      0
                             _Update
                                _abs
                          i1___lldiv
                           i1___lmul
                  i1_set_servo_angle
 ---------------------------------------------------------------------------------
 (5) i1_set_servo_angle                                    6     4      2     664
                                             32 BANK0      6     4      2
                 i1_AngleToDutyCycle
                 i1_SetCCP1DutyCycle
 ---------------------------------------------------------------------------------
 (6) i1_SetCCP1DutyCycle                                   4     2      2      68
                                              0 BANK0      4     2      2
 ---------------------------------------------------------------------------------
 (6) i1_AngleToDutyCycle                                  11     9      2     481
                                             25 BANK0      7     5      2
                          i1___lldiv
                           i1___lmul
 ---------------------------------------------------------------------------------
 (7) i1___lmul                                            12     4      8      96
                                              0 BANK0     12     4      8
 ---------------------------------------------------------------------------------
 (7) i1___lldiv                                           13     5      8     166
                                             12 BANK0     13     5      8
                           i1___lmul (ARG)
 ---------------------------------------------------------------------------------
 (5) _abs                                                  4     2      2      67
                                              0 BANK0      4     2      2
 ---------------------------------------------------------------------------------
 (5) _Update                                               3     1      2    1076
                                             14 BANK0      3     1      2
                    _UART_DeleteLine
                         _UART_Write
                            ___awdiv
                            ___awmod
 ---------------------------------------------------------------------------------
 (6) ___awmod                                              6     2      4     304
                                              0 BANK0      6     2      4
 ---------------------------------------------------------------------------------
 (6) ___awdiv                                              8     4      4     308
                                              6 BANK0      8     4      4
                            ___awmod (ARG)
 ---------------------------------------------------------------------------------
 (6) _UART_DeleteLine                                      5     3      2      76
                                              1 BANK0      5     3      2
                         _UART_Write
 ---------------------------------------------------------------------------------
 (6) _UART_Write                                           1     1      0      29
                                              0 BANK0      1     1      0
 ---------------------------------------------------------------------------------
 Estimated maximum stack depth 7
 ---------------------------------------------------------------------------------
 (Depth) Function   	        Calls       Base Space   Used Autos Params    Refs
 ---------------------------------------------------------------------------------
 (8) _Hi_ISR                                               8     8      0    9052
                                             63 COMRAM     8     8      0
                        _MyusartRead
 ---------------------------------------------------------------------------------
 (9) _MyusartRead                                          5     5      0    9052
                                             60 COMRAM     3     3      0
                        _ClearBuffer
                    _UART_Write_Text
                            ___fltol
                             _strcmp
                             _strlen
                             _strtof
                       i2_UART_Write
                  i2_set_servo_angle
 ---------------------------------------------------------------------------------
 (10) i2_set_servo_angle                                   6     4      2     663
                                             32 COMRAM     6     4      2
                 i2_AngleToDutyCycle
                 i2_SetCCP1DutyCycle
 ---------------------------------------------------------------------------------
 (11) i2_SetCCP1DutyCycle                                  4     2      2      68
                                              0 COMRAM     4     2      2
 ---------------------------------------------------------------------------------
 (11) i2_AngleToDutyCycle                                 11     9      2     479
                                             25 COMRAM     7     5      2
                          i2___lldiv
                           i2___lmul
 ---------------------------------------------------------------------------------
 (12) i2___lldiv                                          13     5      8     164
                                             12 COMRAM    13     5      8
                           i2___lmul (ARG)
 ---------------------------------------------------------------------------------
 (10) _strtof                                             25    21      4    7578
                                             25 COMRAM    25    21      4
                            ___fldiv
                             ___fleq
                             ___flge
                            ___flmul
                            ___flneg
                             ___wmul
                           ___xxtofl
                            _isdigit
                           _isxdigit
                               _nanf
                            _toupper
                           i2___lmul
 ---------------------------------------------------------------------------------
 (12) i2___lmul                                           12     4      8      96
                                              0 COMRAM    12     4      8
 ---------------------------------------------------------------------------------
 (11) _toupper                                             3     1      2      68
                                              0 COMRAM     3     1      2
 ---------------------------------------------------------------------------------
 (11) _nanf                                                8     4      4      24
                                              0 COMRAM     8     4      4
 ---------------------------------------------------------------------------------
 (11) _isxdigit                                            7     5      2      71
                                              0 COMRAM     7     5      2
 ---------------------------------------------------------------------------------
 (11) _isdigit                                             4     2      2      28
                                              0 COMRAM     4     2      2
 ---------------------------------------------------------------------------------
 (11) ___xxtofl                                           14    10      4     337
                                              0 COMRAM    14    10      4
 ---------------------------------------------------------------------------------
 (11) ___wmul                                              6     2      4     161
                                              0 COMRAM     6     2      4
 ---------------------------------------------------------------------------------
 (11) ___flneg                                             4     0      4      46
                                              0 COMRAM     4     0      4
 ---------------------------------------------------------------------------------
 (11) ___flmul                                            25    17      8    1470
                                              0 COMRAM    25    17      8
 ---------------------------------------------------------------------------------
 (11) ___flge                                             12     4      8     186
                                              0 COMRAM    12     4      8
 ---------------------------------------------------------------------------------
 (11) ___fleq                                             12     4      8      92
                                              0 COMRAM    12     4      8
 ---------------------------------------------------------------------------------
 (11) ___fldiv                                            25    17      8    1125
                                              0 COMRAM    25    17      8
 ---------------------------------------------------------------------------------
 (10) _strlen                                              3     1      2      91
                                              0 COMRAM     3     1      2
 ---------------------------------------------------------------------------------
 (10) _strcmp                                              3     1      2     116
                                              0 COMRAM     3     1      2
 ---------------------------------------------------------------------------------
 (10) ___fltol                                            10     6      4     230
                                             50 COMRAM    10     6      4
                             _strtof (ARG)
 ---------------------------------------------------------------------------------
 (10) _UART_Write_Text                                     4     3      1     120
                                              1 COMRAM     4     3      1
                       i2_UART_Write
 ---------------------------------------------------------------------------------
 (10) i2_UART_Write                                        1     1      0      29
                                              0 COMRAM     1     1      0
 ---------------------------------------------------------------------------------
 (10) _ClearBuffer                                         2     2      0      68
                                              0 COMRAM     2     2      0
 ---------------------------------------------------------------------------------
 Estimated maximum stack depth 12
 ---------------------------------------------------------------------------------

 Call Graph Graphs:

 _main (ROOT)
   _ADC_Read
   _SYSTEM_Initialize
     _ADC_Initialize
     _CCP1_Initialize
     _CCP2_Initialize
     _INTERRUPT_Initialize
     _OSCILLATOR_Initialize
     _PIN_MANAGER_Initialize
     _TMR0_Initialize
     _TMR1_Initialize
     _TMR2_Initialize
     _UART_Initialize
   _set_servo_angle
     _AngleToDutyCycle
       ___lldiv
         ___lmul (ARG)
       ___lmul
     _SetCCP1DutyCycle

 _Lo_ISR (ROOT)
   _Update
     _UART_DeleteLine
       _UART_Write
     _UART_Write
     ___awdiv
       ___awmod (ARG)
     ___awmod
   _abs
   i1___lldiv
     i1___lmul (ARG)
   i1___lmul
   i1_set_servo_angle
     i1_AngleToDutyCycle
       i1___lldiv
       i1___lmul
     i1_SetCCP1DutyCycle

 _Hi_ISR (ROOT)
   _MyusartRead
     _ClearBuffer
     _UART_Write_Text
       i2_UART_Write
     ___fltol
       _strtof (ARG)
         ___fldiv
         ___fleq
         ___flge
         ___flmul
         ___flneg
         ___wmul
         ___xxtofl
         _isdigit
         _isxdigit
         _nanf
         _toupper
         i2___lmul
     _strcmp
     _strlen
     _strtof
     i2_UART_Write
     i2_set_servo_angle
       i2_AngleToDutyCycle
         i2___lldiv
           i2___lmul (ARG)
         i2___lmul
       i2_SetCCP1DutyCycle

Address spaces:
Name               Size   Autos  Total    Usage
BIGRAM            1523      0       0      0.0%
BITBANK4           256      0       0      0.0%
BANK4              256      0       0      0.0%
BITBANK3           256      0       0      0.0%
BANK3              256      0       0      0.0%
BITBANK2           256      0       0      0.0%
BANK2              256      0       0      0.0%
BITBANK1           256      0       0      0.0%
BANK1              256     38      38     14.8%
BITBANK5           244      0       0      0.0%
BANK5              244      0       0      0.0%
BITBANK0           128      0       0      0.0%
BANK0              128     51      77     60.2%
BITCOMRAM          126      0       0      0.0%
COMRAM             126     71     119     94.4%
BITBIGSFR_1h        38      0       0      0.0%
BITBIGSFRll         12      0       0      0.0%
BITBIGSFR_5h        11      0       0      0.0%
BITBIGSFR_1lh       11      0       0      0.0%
BITBIGSFRlh          7      0       0      0.0%
BITBIGSFRh           7      0       0      0.0%
BITBIGSFR_2h         3      0       0      0.0%
BITBIGSFR_4          3      0       0      0.0%
BITBIGSFR_3          3      0       0      0.0%
BITBIGSFR_1llh       2      0       0      0.0%
BITBIGSFR_5l         1      0       0      0.0%
STACK                0      0       0      0.0%
DATA                 0      0     234      0.0%


Microchip Technology PIC18 Macro Assembler V3.00 build 20241204225717 
Symbol Table                                                                                   Wed Dec 03 21:32:45 2025

       AngleToDutyCycle@D_value 011C                    ___fldiv@aexp 0019                    ___fldiv@bexp 0018  
                             _a 0052                    ___fldiv@sign 0011           AngleToDutyCycle@angle 011B  
                            l73 2DC2                              l76 2DCC                              l77 2DCC  
                            _X1 004E                              _X2 004C                    ___awdiv@sign 008B  
                            bsr 0FE0             ___wmul@multiplicand 0003         __end_of_CCP1_Initialize 3372  
                           l120 32B2                             l123 30EE                             l126 311C  
                           l150 3388                             l230 3336                             l224 335E  
                           l233 3308                             l170 2BAE                             l147 3370  
                           l227 339A                             l236 337C                             l165 2504  
                           l239 31BC                             l159 2F96                             l360 2CEC  
                           l185 326A                             l361 2CFC                             l282 32F0  
                           l383 2970                             l376 2960                             _PR2 0FCB  
                           _abs 3156                             _num 0056                             _str 00B3  
                  ___awmod@sign 0085       i1AngleToDutyCycle@D_value 009C                 _TMR2_Initialize 3372  
                           wreg 0FE8                    ___flmul@aexp 0012                    ___flmul@bexp 0013  
                  ___flmul@sign 000D                    ___flmul@temp 0018                    ___flmul@prod 0014  
                  ___fltol@exp1 003C                            ?_abs 0080                            l4001 31B0  
                          l4003 31B4                            l4005 31B8                            l3331 3398  
                          l3261 3292                            l3325 3246                            l3333 3322  
                          l3341 32F6                            l4301 2B64                            l4311 30E6  
                          l3271 32AE                            l3263 3294                            l3327 334E  
                          l3335 3328                            l3343 3306                            l3351 32D6  
                          l4303 2B80                            l4313 30EA                            l3273 32B0  
                          l3265 3298                            l3281 336C                            l3329 3394  
                          l3337 3334                            l3345 3372                            l3361 32EA  
                          l3353 32E0                            l4241 2CCC                            l4233 2C92  
                          l4305 2B88                            l4315 30EC                            l3267 329E  
                          l3283 336E                            l3275 3360                            l3291 3386  
                          l3339 32F2                            l3347 3376                            l3363 32EC  
                          l3355 32E4                            l4251 2908                            l4243 28CC  
                          l4235 2CA4                            l4307 2B94                            l4331 2D94  
                          l4323 2D6A                            l4317 30FC                            l3269 32A0  
                          l3277 3362                            l3285 337E                            l3349 337A  
                          l3365 32EE                            l3357 32E6                            l4261 2950  
                          l4253 2916                            l4245 28DE                            l4237 2CB2  
                          l4309 2BA2                            l4333 2DAC                            l4325 2D6E  
                          l4319 3114                            l3279 336A                            l3287 3380  
                          l3359 32E8                            l4263 295A                            l4255 2920  
                          l4247 28F4                            l4239 2CC2                            l4271 2F84  
                          l4335 2DBA                            l4327 2D7C                            l3289 3384  
                          l4257 293E                            l4249 28FC                            l4281 24A6  
                          l4273 2F88                            l4265 2F52                            l4329 2D7E  
                          l4259 294E                            l4291 24EC                            l4283 24A6  
                          l4275 2432                            l4267 2F66                            l4293 24FC  
                          l4285 24A6                            l4277 2444                            l4269 2F6C  
                          l4287 24C2                            l4279 2448                            l4289 24D2  
                          l4297 2B3E                            l4299 2B5C                            l3991 3198  
                          l3993 319C                            _ADFM 7E07                            l3995 31A0  
                          l3987 318C                            l3997 31A4                            l3989 3194  
                          l3999 31AC                            STR_1 0636                            STR_2 0639  
                          STR_3 0624                            STR_4 061B                            STR_5 0612  
                          STR_6 062E                            STR_9 0632                            _CREN 7D5C  
                          _LATD 0F8C                            u5000 2CB2                            u5001 2CAE  
                          u5010 2CEC                            u5011 2CE8                            u5020 28F4  
                          u5100 2B80                            u5021 28F0                            u5101 2B7C  
                          u5110 30FC                            u5030 2916                            u5111 30F8  
                          u5031 2912                            u5040 293E                            u5120 2DAC  
                          u5041 293A                            u5121 2DA8                            u5050 2F66  
                          u5130 2DBA                            u5051 2F62                            u5131 2DB6  
                          u5060 2444                            u5061 2440                            u5070 24C2  
                          u5071 24BE                            u5080 24EC                            u5081 24E8  
                          u5090 2B5C                            u5091 2B58                            i1l84 0036  
                          i1l89 0166                            i2l94 2AEE                            i2l97 2B1A  
                          _TMR2 0FCC                            abs@a 0080         __end_of_CCP2_Initialize 338A  
             i1___lldiv@divisor 0090                            _main 2D6A                            _nanf 32B4  
                          _tick 0074                            fsr2h 0FDA                            indf2 0FDF  
                          fsr1l 0FE1                            fsr2l 0FD9                            btemp 0078  
             i1___lldiv@counter 0098                __end_of_ADC_Read 311E                            prodh 0FF4  
                          prodl 0FF3                            start 0176                 ___fldiv@new_exp 0012  
                  ___param_bank 0000         __end_of_UART_Write_Text 30AA                           ??_abs 0082  
              ?_UART_Initialize 0001         __end_of_TMR0_Initialize 3338              i2_AngleToDutyCycle 25DE  
 __end_of_OSCILLATOR_Initialize 3360                   ___fltol@sign1 003B                           ?_main 0001  
                         ?_nanf 0001                 __end_of___fldiv 1D0E                 __end_of___awdiv 2772  
               __end_of___flneg 3156                           STR_10 062A                           STR_12 0638  
               __end_of___awmod 2822                 __end_of___flmul 197E                 __end_of___fltol 232A  
               __end_of___lldiv 2972                 ___awdiv@divisor 0088                           _T2CON 0FCA  
                         i1l305 3022                           i1l170 2C20                           i1l165 25DC  
                         i1l319 2222                           i1l159 2FDC                           i1l360 2D58  
                         i1l361 2D68                           i1l290 330E                           i1l293 3320  
                         i2l311 30A8                           i1l383 2A16                           i1l376 2A06  
                         i2l170 2C90                           i2l324 30E4                           i1l580 2770  
                         i2l165 26AC                           i2l159 3066                           i2l343 1EDA  
                         i2l360 2E2C                           i2l361 2E3C                           i1l593 2820  
                         i2l290 333A                           i2l339 1EDA                           i2l293 334C  
                         i2l349 3290                           i2l614 23E6                           i2l623 3154  
                         i2l383 2ABA                           i2l608 28CA                           i2l376 2AAA  
                         i2l619 242C                           i2l646 2328                           i2l931 1D0C  
                         i2l933 1B70                           i2l942 1BB6                           i2l943 1BD4  
                         i2l944 1C2C                           i2l936 1B34                           i2l945 1C1A  
                         i2l970 1812                           i2l971 1830                           i2l963 161C  
                         i2l980 193E                           i2l972 1888                 ___awdiv@counter 008A  
                         i2l973 1876                           i2l967 197C                           _RCREG 0FAE  
                         _TMR0H 0FD7                           _TMR1H 0FCF                           _TMR0L 0FD6  
                         _TMR1L 0FCE                           _SPBRG 0FAF       i2set_servo_angle@duty_val 0025  
                         _TRISA 0F92                           _TRISD 0F95                           _TXREG 0FAD  
           ___lmul@multiplicand 0104             ?i2_AngleToDutyCycle 001A                     ?_UART_Write 0001  
            i1___lldiv@dividend 008C                           _angel 00CB                           _count 0058  
                         _index 0050                           _lastV 00C7                           _lastn 0054  
                         _errno 0048                 __end_of_isdigit 3246                           _state 00C9  
               _set_servo_angle 2B3E                     _ClearBuffer 30AA                           nanf@s 0001  
                         nanf@u 0005         __end_of_TMR1_Initialize 330A                UART_DeleteLine@i 0084  
              UART_DeleteLine@n 0081                __end_ofi1___lmul 2D6A                           tablat 0FF5  
              __end_ofi2___lmul 2E3E                           ttemp5 0079                           ttemp6 007C  
                         ttemp7 0080                           status 0FD8                           wtemp8 0079  
               __end_of_toupper 31EC    i2SetCCP1DutyCycle@duty_value 0001            ??i2_AngleToDutyCycle 001C  
                  MyusartRead@c 003F                 __initialization 2E3E               i2___lldiv@divisor 0011  
                  __end_of_main 2DD4                    __end_of_nanf 32D6               i2___lldiv@counter 0019  
           i1___lmul@multiplier 0080              i1___lldiv@quotient 0094         __end_of_TMR2_Initialize 337E  
                        ??_main 00B3                          ??_nanf 0005                ?_CCP1_Initialize 0001  
                 __activetblptr 0001                          _ADCON0 0FC2                          _ADCON1 0FC1  
                        _ADCON2 0FC0                          _ADRESH 0FC4                          _ADRESL 0FC3  
                        _CCPR1L 0FBE                ___awdiv@dividend 0086      __end_ofi1_SetCCP1DutyCycle 2FDE  
                        i1l1024 3172                          i1l1027 318A                          i1l3231 2D10  
                        i1l4041 20AE                          i1l4033 3156                          i1l3241 2984  
                        i1l3233 2D1E                          i1l4201 0158                          i2l1011 1FCA  
                        i1l4051 20FC                          i1l4043 20B4                          i1l4035 3166  
                        i1l3251 29C6                          i1l3243 299A                          i1l3235 2D2E  
                        i1l4203 0164                          i2l1004 1F32                          i1l4061 21A2  
                        i1l4053 211A                          i1l4045 20BE                          i1l4037 2090  
                        i1l3253 29E4                          i1l3245 29A2                          i1l3237 2D38  
                        i1l3229 2CFE                          i1l4141 2BF2                          i2l1007 208E  
                        i1l4063 21A8                          i1l4055 214C                          i1l4047 20DA  
                        i1l4039 209E                          i1l3255 29F4                          i1l3247 29AE  
                        i1l3239 2972                          i1l4143 2BFA                          i1l4135 2BB0  
                        i2l1041 3218                          i1l4065 21C6                          i1l4057 2152  
                        i1l4049 20F6                          i1l3257 29F6                          i1l3249 29BC  
                        i1l4145 2C06                          i1l4137 2BCE                          i2l1018 2026  
                        i2l1035 2EFC                          i1l3371 2FF2                          i1l4067 21F8  
                        i1l4059 2170                          i1l3259 2A00                          i1l4147 2C14  
                        i1l4139 2BD6                          i1l4171 004E                          i1l4163 0026  
                        i1l3373 2FF8                          i1l4069 21FE                          i1l4181 007C  
                        i1l4173 005C                          i1l4165 0034                          i2l1222 32D4  
                        i2l1150 100A                          i2l1215 2F4A                          i1l3375 2FFE  
                        i1l3367 2FDE                          i1l4191 00D6                          i1l4183 007E  
                        i1l4175 005E                          i1l4167 0044                          i2l1208 3244  
                        i2l1216 2F50                          i2l3001 16AC                          i2l1225 31E2  
                        i2l1057 06C4                          i1l3377 301C                          i1l3369 2FE4  
                        i1l4193 0132                          i1l4185 008C                          i1l4177 0066  
                        i1l4169 0046                          i2l1226 31EA                          i2l1138 0E42  
                        i2l3011 16EE                          i2l3003 16B8                          i2l1155 10E2  
                        i2l1139 1556                          i2l1067 07CA                          i1l2771 330E  
                        i1l4195 013A                          i1l4187 00A4                          i1l4179 006E  
                        i2l1156 108C                          i2l3101 23A6                          i2l3021 1750  
                        i2l3013 16FE                          i2l3005 16C6                          i2l1157 10F4  
                        i1l2773 331C                          i1l3821 26C0                          i1l4197 0144  
                        i1l4189 00C2                          i2l1094 09D6                          i2l3111 242A  
                        i2l3103 23B4                          i2l3031 17F8                          i2l3023 176C  
                        i2l3015 1718                          i2l3007 16D2                          i2l1167 1186  
                        i1l3831 26E6                          i1l3823 26C8                          i1l4199 0150  
                        i2l3105 23C6                          i2l3041 186E                          i2l3033 1802  
                        i2l3025 1796                          i2l3017 1728                          i2l3009 16E2  
                        i2l3201 3058                          i1l3841 271E                          i1l3833 26EE  
                        i1l3825 26CC                          i1l3817 26AE                          i2l3107 23D4  
                        i2l3051 18DC                          i2l3035 1810                          i2l3027 17CC  
                        i2l3019 1744                          i2l3115 311E                          i2l3131 1F58  
                        i2l3123 1EDE                          i2l3211 264E                          i2l3203 25E0  
                        i1l3851 274A                          i1l3843 2724                          i1l3835 2700  
                        i1l3827 26DA                          i1l3819 26B2                          i2l3109 2424  
                        i2l3061 1938                          i2l3045 1898                          i2l3053 18E0  
                        i2l3037 1822                          i2l3029 17DA                          i2l3117 3134  
                        i2l3141 1FB2                          i2l3125 1EEE                          i2l3221 26A4  
                        i2l3213 264E                          i2l3205 25F0                          i2l4101 1E22  
                        i1l3845 273A                          i1l3837 2708                          i1l3853 2750  
                        i1l3829 26E2                          i1l3861 2772                          i1l3941 2F98  
                        i2l3063 1942                          i2l3071 1968                          i2l3055 18FA  
                        i2l3047 18A4                          i2l3039 1840                          i2l3119 3144  
                        i2l3151 2016                          i2l3143 1FB4                          i2l3135 1F6C  
                        i2l3127 1EFC                          i2l3215 266A                          i2l3207 25F4  
                        i2l4111 1E64                          i2l4103 1E3E                          i1l3855 2760  
                        i1l3847 2742                          i1l3839 2710                          i1l3871 279E  
                        i1l3863 2776                          i1l3951 250A                          i1l3943 2FAC  
                        i2l3225 333A                          i2l3401 31EC                          i2l3081 2860  
                        i2l3073 196C                          i2l3065 1952                          i2l3057 190E  
                        i2l3049 18B2                          i2l3161 206E                          i2l3153 2034  
                        i2l3145 1FC0                          i2l3137 1F74                          i2l3129 1F42  
                        i2l3217 267A                          i2l3209 264E                          i2l4121 1E96  
                        i2l4105 1E46                          i1l3857 2768                          i1l3849 2744  
                        i1l3881 27D6                          i1l3873 27A6                          i1l3865 2784  
                        i1l3961 257E                          i1l3953 251C                          i1l3945 2FB2  
                        i2l3227 3348                          i2l3411 2EA0                          i2l3403 31F4  
                        i2l3083 288E                          i2l3067 1960                          i2l3059 1928  
                        i2l3163 207C                          i2l3155 2036                          i2l3147 1FFC  
                        i2l3139 1F80                          i2l3171 32C4                          i2l3219 2694  
                        i2l4123 1E9C                          i2l4107 1E50                          i2l4115 1E74  
                        i2l4211 2AFC                          i1l3891 2810                          i1l3883 27EC  
                        i1l3875 27B8                          i1l3867 278C                          i1l3963 259A  
                        i1l3955 2520                          i1l3947 2FCA                          i2l3413 2EA4  
                        i2l3405 31F6                          i2l3085 289E                          i2l3077 2822  
                        i2l3093 232A                          i2l3069 1962                          i2l3165 207E  
                        i2l3157 203A                          i2l3149 2008                          i2l3181 2F48  
                        i2l3501 0916                          i2l4125 1EAA                          i2l4117 1E78  
                        i2l4109 1E5C                          i2l4213 2B0C                          i1l3893 2818  
                        i1l3885 27F4                          i1l3877 27C0                          i1l3869 2790  
                        i1l3965 25AA                          i1l3957 257E                          i1l3949 2FCE  
                        i2l3415 2EA8                          i2l3407 320C                          i2l3087 28C2  
                        i2l3079 2850                          i2l3095 2358                          i2l3159 205E  
                        i2l3183 321A                          i2l3175 2EFE                          i2l3511 0944  
                        i2l3503 0918                          i2l3431 066A                          i2l3423 063E  
                        i2l4127 1EC6                          i2l4119 1E84                          i2l4071 1D0E  
                        i2l4215 2B12                          i2l4207 2ADE                          i1l3887 27FA  
                        i1l3879 27C8                          i1l3967 25C4                          i1l3959 257E  
                        i2l3417 2ECA                          i2l3089 28C8                          i2l3097 2368  
                        i2l3177 2F02                          i2l3169 32B4                          i2l3601 0CE8  
                        i2l3513 0954                          i2l3505 0922                          i2l3441 06E4  
                        i2l3433 069C                          i2l3425 0646                          i2l3193 3024  
                        i2l4129 1ED2                          i2l4081 1D38                          i2l4073 1D12  
                        i2l4217 2B16                          i2l4209 2AEC                          i1l3889 2800  
                        i1l3969 25D4                          i2l3419 2EE0                          i2l3099 2396  
                        i2l3179 2F1A                          i2l3187 31BE                          i2l3611 0D28  
                        i2l3531 0A10                          i2l3523 09DA                          i2l3515 096E  
                        i2l3507 0928                          i2l3451 071C                          i2l3435 06C6  
                        i2l3427 0658                          i2l3195 3036                          i2l4083 1D4C  
                        i2l4091 1DA4                          i2l4075 1D18                          i2l3381 3074  
                        i2l2901 1B9C                          i2l2821 19AA                          i2l2813 197E  
                        i2l3189 31D6                          i2l2741 2DE4                          i2l3701 10F0  
                        i2l3621 0D7A                          i2l3613 0D44                          i2l3605 0D04  
                        i2l3517 0988                          i2l3509 092A                          i2l3461 07A2  
                        i2l3453 0746                          i2l3445 06FC                          i2l3437 06DA  
                        i2l3429 0668                          i2l3197 303C                          i2l4093 1DB8  
                        i2l4085 1D6A                          i2l4077 1D2A                          i2l3383 3086  
                        i2l2911 1C12                          i2l2903 1BA6                          i2l2831 19E2  
                        i2l2823 19BA                          i2l2815 198A                          i2l2743 2DF2  
                        i2l3711 114C                          i2l3703 10FA                          i2l3631 0DB8  
                        i2l3623 0D80                          i2l3615 0D48                          i2l3607 0D06  
                        i2l3551 0AB8                          i2l3543 0A54                          i2l3535 0A2E  
                        i2l3527 09DC                          i2l3519 09B4                          i2l3471 07EA  
                        i2l3463 07B4                          i2l3455 0770                          i2l3447 0702  
                        i2l3439 06DE                          i2l2751 2A28                          i2l3199 3054  
                        i2l4095 1DC6                          i2l4087 1D78                          i2l4079 1D30  
                        i2l3393 30B2                          i2l3385 308A                          i2l2921 1C80  
                        i2l2905 1BB4                          i2l2841 1A0E                          i2l2833 19E8  
                        i2l2825 19CA                          i2l2817 1998                          i2l2745 2E02  
                        i2l3801 14E2                          i2l3721 118C                          i2l3713 1154  
                        i2l3705 1102                          i2l3641 0E2E                          i2l3633 0DD4  
                        i2l3625 0D82                          i2l3617 0D70                          i2l3609 0D22  
                        i2l3561 0B3A                          i2l3553 0AD4                          i2l3545 0A7C  
                        i2l3537 0A48                          i2l3529 09F6                          i2l3481 087A  
                        i2l3473 0814                          i2l3465 07B8                          i2l3457 0780  
                        i2l3449 0704                          i2l2761 2A6A                          i2l2753 2A3E  
                        i2l4097 1DDA                          i2l4089 1D96                          i2l3395 30BC  
                        i2l3387 30AA                          i2l3379 3068                          i2l2931 1CE6  
                        i2l2915 1C3C                          i2l2923 1C84                          i2l2907 1BC6  
                        i2l2851 1A46                          i2l2843 1A1E                          i2l2835 19EE  
                        i2l2827 19CC                          i2l2819 199A                          i2l2747 2E0C  
                        i2l2739 2DD4                          i2l3811 1522                          i2l3731 11F2  
                        i2l3723 11B8                          i2l3715 116C                          i2l3707 111A  
                        i2l3651 0E72                          i2l3635 0DF4                          i2l3627 0D9C  
                        i2l3619 0D76                          i2l3571 0BA0                          i2l3563 0B40  
                        i2l3555 0AF0                          i2l3547 0A7E                          i2l3539 0A4A  
                        i2l3491 08B6                          i2l3483 087E                          i2l3475 083E  
                        i2l3467 07D0                          i2l3803 14EA                          i2l3459 0790  
                        i2l2763 2A88                          i2l2755 2A46                          i2l4099 1E06  
                        i2l3397 30C0                          i2l2941 1D02                          i2l2933 1CE8  
                        i2l2925 1C9E                          i2l2917 1C48                          i2l2909 1BE4  
                        i2l2853 1A5C                          i2l2845 1A2E                          i2l2837 19FC  
                        i2l2829 19D2                          i2l3813 1546                          i2l3805 14FC  
                        i2l3741 122E                          i2l3733 120E                          i2l3725 11BA  
                        i2l3709 1132                          i2l3661 0EDC                          i2l3653 0E80  
                        i2l3645 0E50                          i2l3629 0DA8                          i2l3637 0DF6  
                        i2l3581 0C14                          i2l3573 0BA2                          i2l3565 0B5A  
                        i2l3557 0B2E                          i2l3549 0AA6                          i2l3493 08D0  
                        i2l3485 0896                          i2l3477 0850                          i2l3469 07D2  
                        i2l2765 2A98                          i2l2757 2A52                          i2l2749 2A18  
                        i2l3399 30DC                          i2l3911 228E                          i2l3903 224E  
                        i2l2935 1CEC                          i2l2927 1CB4                          i2l2919 1C56  
                        i2l2871 1AB0                          i2l2855 1A6C                          i2l2863 1A8C  
                        i2l2847 1A30                          i2l2839 19FE                          i2l2951 1564  
                        i2l2775 326C                          i2l3807 1504                          i2l3751 12B2  
                        i2l3743 1240                          i2l3735 1210                          i2l3727 11BC  
                        i2l3719 116E                          i2l3671 0F42                          i2l3663 0EF0  
                        i2l3655 0E96                          i2l3647 0E58                          i2l3639 0E1E  
                        i2l3583 0C52                          i2l3575 0BCA                          i2l3591 0CBA  
                        i2l3567 0B6C                          i2l3559 0B32                          i2l3495 08EA  
                        i2l3487 089C                          i2l3479 0868                          i2l2767 2A9A  
                        i2l2759 2A60                          i2l3921 22BE                          i2l3913 229C  
                        i2l3905 2278                          i2l2937 1CFA                          i2l2929 1CCE  
                        i2l2881 1B00                          i2l2873 1ACA                          i2l2865 1A9C  
                        i2l2857 1A74                          i2l2849 1A36                          i2l2961 15A4  
                        i2l2953 1572                          i2l2777 3288                          i2l3809 1514  
                        i2l3761 1314                          i2l3745 124E                          i2l3737 121E  
                        i2l3729 11E2                          i2l3681 1018                          i2l3673 0F58  
                        i2l3665 0F00                          i2l3577 0BDC                          i2l3585 0C5A  
                        i2l3569 0B78                          i2l3593 0CBC                          i2l3649 0E60  
                        i2l3489 089E                          i2l3497 08EE                          i2l2769 2AA4  
                        i2l3931 22E8                          i2l3923 22C8                          i2l3907 227A  
                        i2l2939 1D00                          i2l2891 1B5C                          i2l2883 1B10  
                        i2l2875 1ADA                          i2l2867 1A9C                          i2l2859 1A78  
                        i2l2971 15D4                          i2l2963 15AA                          i2l2955 1574  
                        i2l3771 1388                          i2l3763 131C                          i2l3755 12C6  
                        i2l3747 125A                          i2l3739 1226                          i2l3691 1064  
                        i2l3683 1030                          i2l3675 0F68                          i2l3667 0F0E  
                        i2l3659 0EAA                          i2l3587 0C86                          i2l3595 0CCA  
                        i2l3579 0BF8                          i2l3499 08FE                          i2l3933 22F8  
                        i2l3909 228A                          i2l2893 1B5E                          i2l2885 1B24  
                        i2l2877 1AEA                          i2l2981 160C                          i2l2973 15D6  
                        i2l2965 15BA                          i2l2957 1584                          i2l2949 1558  
                        i2l3773 13BA                          i2l3765 133C                          i2l3757 12D4  
                        i2l3749 1280                          i2l3693 1078                          i2l3685 1038  
                        i2l3677 0F84                          i2l3669 0F2A                          i2l3597 0CCE  
                        i2l3589 0CB2                          i2l3935 2308                          i2l3919 22B4  
                        i2l2895 1B6E                          i2l2887 1B32                          i2l2879 1AFA  
                        i2l2991 165C                          i2l2983 162C                          i2l2975 15E6  
                        i2l2967 15C0                          i2l2959 1594                          i2l3791 144A  
                        i2l3775 13C8                          i2l3767 1370                          i2l3759 12E0  
                        i2l3783 13F0                          i2l3695 1086                          i2l3679 0FA8  
                        i2l3599 0CD0                          i2l3937 2318                          i2l3929 22DC  
                        i2l2897 1B80                          i2l2889 1B3E                          i2l2993 1666  
                        i2l2985 163C                          i2l2977 15F6                          i2l2969 15C6  
                        i2l3793 1464                          i2l3769 1376                          i2l3697 1090  
                        i2l3689 1062                          i2l2899 1B96                          i2l2995 167C  
                        i2l2979 1606                          i2l3795 1498                          i2l3787 140E  
                        i2l3779 13DC                          i2l3699 10C4                          i2l2997 1688  
                        i2l2989 1650                          i2l3797 149E                          i2l3789 1442  
                        i2l3981 2C6A                          i2l3973 2C22                          i2l2999 16A0  
                        i2l3799 14B0                          i2l3983 2C76                          i2l3975 2C3E  
                        i2l3897 2224                          i2l3985 2C84                          i2l3977 2C46  
                        i2l3899 223A                          i2l3979 2C62          i2set_servo_angle@angle 0021  
              i2___lmul@product 0009                ?_CCP2_Initialize 0001                __end_of___xxtofl 2090  
                        _Hi_ISR 0008                          _Lo_ISR 0018                          _Update 2090  
    SetCCP1DutyCycle@duty_value 0100                          ___flge 232A                          ___fleq 2822  
       i2AngleToDutyCycle@angle 001C                          ___lmul 2C92                          ___wmul 326C  
                     ??___fldiv 0009                       ??___awdiv 008A                       ??___flneg 0005  
                     ??___awmod 0084                       ??___flmul 0009                ?_UART_Write_Text 0002  
                     ??___fltol 0037                       ??___lldiv 00B3                 ADC_Read@channel 0100  
                        _lenStr 004A                ?_TMR0_Initialize 0001                 ADC_Read@digital 0104  
                        clear_0 2E7C                          clear_1 2E88                ___awdiv@quotient 008C  
               ___awmod@divisor 0082                          isa$std 0001                 ___awmod@counter 0084  
                        _strcmp 2EA0                          _strlen 31EC                          _strtof 063E  
              __end_of_isxdigit 2F52               __end_ofi1___lldiv 2A18                    __pdataCOMRAM 006E  
                     ??_isdigit 0003         __end_of_set_servo_angle 2BB0               __end_ofi2___lldiv 2ABC  
                     ?_ADC_Read 0100                    __mediumconst 0600                          tblptrh 0FF7  
                        tblptrl 0FF6                          tblptru 0FF8               ?_AngleToDutyCycle 0119  
                     ??_toupper 0003              ??_AngleToDutyCycle 00B3                      ___flge@ff1 0001  
                    ___flge@ff2 0005                ?_TMR1_Initialize 0001                    ___xxtofl@arg 000B  
                  ___xxtofl@exp 000A               _SYSTEM_Initialize 318C                    ___xxtofl@val 0001  
                    ___fleq@ff1 0001                      ___fleq@ff2 0005                      __accesstop 0080  
       __end_of__initialization 2E8E                      ___flneg@f1 0001              ?_SYSTEM_Initialize 0001  
                 ___rparam_used 0001                      ___fltol@f1 0033                  __pcstackCOMRAM 0001  
            i2___lldiv@dividend 000D                    __pidataBANK0 339C             ??_SYSTEM_Initialize 00B3  
     Lo_ISR@limited_range_angle 00AB                ?_TMR2_Initialize 0001                       ?i1___lmul 0080  
              _SetCCP1DutyCycle 2F52                       ?i2___lmul 0001    i2set_servo_angle@angle_0_180 0023  
                    ??_ADC_Read 0102                   ??_MyusartRead 003D                   ?i2_UART_Write 0001  
     __end_of_SYSTEM_Initialize 31BE              i2___lldiv@quotient 0015                      __pbssBANK0 00B3  
                       ?_Hi_ISR 0001                i2UART_Write@data 0001                         ?_Lo_ISR 0001  
                       ?_Update 008E                         ?___flge 0001                         ?___fleq 0001  
                       ?___lmul 0100                         ?___wmul 0001      __end_ofi2_SetCCP1DutyCycle 3068  
                       _CCP1CON 0FBD                         _CCP2CON 0FBA                  ___lmul@product 0108  
                    ??i1___lmul 0088                         ?_strcmp 0001                         ?_strlen 0001  
                    ??i2___lmul 0009                         ?_strtof 001A                       ?___xxtofl 0001  
              ?_set_servo_angle 0120                  ??i2_UART_Write 0001                    ??_UART_Write 0080  
    set_servo_angle@angle_0_180 0122                         Lo_ISR@v 00B1       i2AngleToDutyCycle@D_value 001D  
                  ?_ClearBuffer 0001             __end_of_MyusartRead 1EDC                         __Hparam 0000  
                     ?_isxdigit 0001    i1SetCCP1DutyCycle@duty_value 0080                         __Lparam 0000  
                       ___fldiv 197E                         ___awdiv 26AE                         ___flneg 311E  
                       ___awmod 2772                         ___flmul 1558                         ___fltol 2224  
                       ___lldiv 28CC              __end_of_UART_Write 3322                    __psmallconst 0600  
                    _lighttable 006E                         __pcinit 2E3E                         __ramtop 0600  
                       __ptext0 2D6A                         __ptext1 2B3E                         __ptext2 2F52  
                       __ptext3 242E                         __ptext4 2C92                         __ptext5 28CC  
                       __ptext6 318C                         __ptext7 32D6                         __ptext8 3372  
                       __ptext9 32F2                       _T0CONbits 0FD5                       _T1CONbits 0FCD  
         _OSCILLATOR_Initialize 334E                       _T2CONbits 0FCA                         _isdigit 321A  
                    ??___xxtofl 0005                ___awmod@dividend 0080        ??_PIN_MANAGER_Initialize 00B3  
                __pintcode_body 2ABC                         _toupper 31BE            end_of_initialization 2E8E  
                       int_func 2ABC                 ___lldiv@divisor 0110                      ??_isxdigit 0003  
               ___lldiv@counter 0118              i1_SetCCP1DutyCycle 2F98                       _RCSTAbits 0FAB  
                   Update@digit 0090                         postdec1 0FE5                         postinc0 0FEE  
                       postinc2 0FDE             i2___lmul@multiplier 0001                         strcmp@l 0001  
                       strcmp@r 0002                         strlen@a 0003                         strlen@s 0001  
                       strtof@i 0032                         strtof@s 001A             ?i1_SetCCP1DutyCycle 0080  
                UART_Write@data 0080               ??_UART_DeleteLine 0083                   ___xxtofl@sign 0009  
                     _TRISCbits 0F94                     _MyusartRead 1D0E                     ___fldiv@grs 0014  
                   ___fldiv@rem 000D                       i1___lldiv 2972                       i2___lldiv 2A18  
                   ___flmul@grs 000E          i1set_servo_angle@angle 00A0            ??i1_SetCCP1DutyCycle 0082  
      __end_of_SetCCP1DutyCycle 2F98                       _TXSTAbits 0FAC                  __end_of_Hi_ISR 2B3E  
                __end_of_Lo_ISR 0176            __end_ofi2_UART_Write 334E                  MyusartRead@num 003D  
  __end_of_INTERRUPT_Initialize 326C                  __end_of_Update 2224                  __end_of___flge 242E  
                __end_of___fleq 28CC                  __end_of___lmul 2CFE                  __end_of___wmul 3292  
                   _BAUDCONbits 0FB8                   __pidataCOMRAM 338A                  _ADC_Initialize 3292  
        ?_OSCILLATOR_Initialize 0001                  __end_of_strcmp 2EFE                  __end_of_strlen 321A  
                __end_of_strtof 1558           i1___lmul@multiplicand 0084             start_initialization 2E3E  
  i1set_servo_angle@angle_0_180 00A2                     __end_of_abs 318C                      ?i1___lldiv 008C  
                    ?i2___lldiv 000D                    ClearBuffer@i 0001               ??_UART_Initialize 00B3  
          set_servo_angle@angle 0120                        ??_Hi_ISR 0040                        ??_Lo_ISR 00A6  
                      ??_Update 0090                        ??___flge 0009                        ??___fleq 0009  
                 _isxdigit$1899 0007                        ??___lmul 00B3                        ??___wmul 0005  
        __end_of_ADC_Initialize 32B4                     __pdataBANK0 00CB                       Update@num 008E  
    __end_ofUART_PrintHex@F3388 0612                        ??_strcmp 0003                        ??_strlen 0003  
                      ??_strtof 001E      __end_ofi1_AngleToDutyCycle 25DE                       ___fldiv@a 0005  
                     ___fldiv@b 0001                       ___flmul@a 0005                       ___flmul@b 0001  
                   __pbssCOMRAM 0048                   __pcstackBANK0 0080                   __pcstackBANK1 0100  
            i2_SetCCP1DutyCycle 3024                i1___lmul@product 0088             ?i2_SetCCP1DutyCycle 0001  
             ??_CCP1_Initialize 00B3          _PIN_MANAGER_Initialize 3394                       __pintcode 0008  
                      ?___fldiv 0001                        ?___awdiv 0086                        ?___flneg 0001  
                      ?___awmod 0080                        ?___flmul 0001                        ?___fltol 0033  
                      ?___lldiv 010C                 ?_ADC_Initialize 0001                       _direction 0076  
                   __pintcodelo 0018            ??i2_SetCCP1DutyCycle 0003                     __smallconst 0600  
             ??_CCP2_Initialize 00B3                        ?_isdigit 0001                        _ADC_Read 30E6  
             i1_set_servo_angle 2BB0                     ??i1___lldiv 0094                     ??i2___lldiv 0015  
                      ?_toupper 0001              ?i1_set_servo_angle 00A0               ??_UART_Write_Text 0003  
          _INTERRUPT_Initialize 3246               ??_TMR0_Initialize 00B3                  ___wmul@product 0005  
                      _IPR1bits 0F9F                        _IPR2bits 0FA2                        _PIE1bits 0F9D  
           ??i1_set_servo_angle 00A2         set_servo_angle@duty_val 0124                        i1u333_20 2D1E  
                      i1u333_21 2D1A                        i1u342_20 301C                        i1u334_20 2D58  
                      i1u342_21 3018                        i1u334_21 2D54                        i1u335_20 299A  
                      i1u335_21 2996                        i1u256_20 331C                        i1u336_20 29BC  
                      i1u256_21 3318                        i1u336_21 29B8                        i1u441_20 26C0  
                      i1u337_20 29E4                        i1u441_21 26BC                        i1u337_21 29E0  
                      i1u442_20 26DA                        i1u450_20 27D6                        i1u442_21 26D6  
                      i1u450_21 27D2                        i1u443_20 2700                        i1u451_20 27EC  
                      i1u443_21 26FC                        i1u451_21 27E8                        i1u444_20 271E  
                      i1u452_20 2810                        i1u460_20 2FAC                        i1u444_21 271A  
                      i1u452_21 280C                        i1u460_21 2FA8                        i2u300_40 18B2  
                      i2u300_41 18AE                        i1u445_20 273A                        i1u461_20 251C  
                      i1u445_21 2736                        i1u461_21 2518                        i2u301_40 18FA  
                      i2u301_41 18F6                        i1u446_20 2760                        i1u470_20 20AE  
                      i1u462_20 259A                        i1u446_21 275C                        i1u470_21 20AA  
                      i1u462_21 2596                        i2u310_40 23D4                        i2u302_40 1928  
                      i2u310_41 23D0                        i2u302_41 1924                        i1u447_20 2784  
                      i1u471_20 20DA                        i1u463_20 25C4                        i1u447_21 2780  
                      i1u471_21 20D6                        i1u463_21 25C0                        i2u311_40 2424  
                      i2u303_40 1960                        i2u311_41 2420                        i2u303_41 195C  
                      i1u448_20 279E                        i1u472_20 211A                        i1u448_21 279A  
                      i1u472_21 2116                        i2u304_40 2850                        i2u312_40 3134  
                      i2u320_40 2034                        i2u400_40 0E1E                        i2u304_41 284C  
                      i2u312_41 3130                        i2u320_41 2030                        i2u400_41 0E1A  
                      i1u449_20 27B8                        i1u473_20 2170                        i1u449_21 27B4  
                      i1u473_21 216C                        i2u305_40 288E                        i2u321_40 206E  
                      i2u313_40 1EEE                        i2u401_40 0E2E                        i2u305_41 288A  
                      i2u321_41 206A                        i2u313_41 1EEA                        i2u401_41 0E2A  
                      i1u474_20 21C6                        i1u490_20 0044                        i1u474_21 21C2  
                      i1u490_21 0040                        i2u306_40 28C2                        i2u322_40 207C  
                      i2u314_40 1EFC                        i2u402_40 0E50                        i2u330_40 266A  
                      i2u306_41 28BE                        i2u322_41 2078                        i2u314_41 1EF8  
                      i2u402_41 0E4C                        i2u330_41 2666                        i1u491_20 005C  
                      i2u410_45 0FAC                        i1u491_21 0058                        i2u307_40 2358  
                      i2u315_40 1F58                        i2u323_40 2F1A                        i2u251_40 2DF2  
                      i2u403_40 0E72                        i2u331_40 2694                        i2u307_41 2354  
                      i2u315_41 1F54                        i2u323_41 2F16                        i2u251_41 2DEE  
                      i2u403_41 0E6E                        i2u331_41 2690                        i1u492_20 007C  
                      i2u411_45 0FE6                        i1u492_21 0078                        i2u332_40 3348  
                      i2u308_40 2396                        i2u316_40 1FAE                        i2u324_40 2F48  
                      i2u252_40 2E2C                        i2u420_40 114C                        i2u412_40 1018  
                      i2u404_40 0E96                        i2u332_41 3344                        i2u308_41 2392  
                      i2u316_41 1FAA                        i2u324_41 2F44                        i2u252_41 2E28  
                      i2u420_41 1148                        i2u412_41 1014                        i2u404_41 0E92  
                      i1u469_20 3166                        i1u485_20 2BCE                        i1u493_20 00C2  
                      i1u469_21 3162                        i1u485_21 2BCA                        i1u493_21 00BE  
                      i2u309_40 23B4                        i2u317_40 1FF8                        i2u325_40 323E  
                      i2u421_40 116C                        i2u413_40 1030                        i2u405_40 0EDC  
                      i2u253_40 2A3E                        i2u309_41 23B0                        i2u317_41 1FF4  
                      i2u325_41 3238                        i2u421_41 1168                        i2u413_41 102C  
                      i2u405_41 0ED8                        i2u253_41 2A3A                        i1u486_20 2BF2  
                      i1u494_20 00D6                        i1u486_21 2BEE                        i1u494_21 00D2  
                      i2u270_40 1B10                        i2u262_40 1998                        i2u318_40 2016  
                      i2u326_40 3240                        i2u430_40 12D4                        i2u422_40 1186  
                      i2u414_40 105E                        i2u406_40 0F0E                        i2u350_40 0686  
                      i2u254_40 2A60                        i2u270_41 1B0C                        i2u262_41 1994  
                      i2u318_41 2012                        i2u430_41 12D0                        i2u422_41 1182  
                      i2u414_41 105A                        i2u406_41 0F0A                        i2u254_41 2A5C  
                      i2u343_40 30A8                        i2u271_40 1B32                        i2u263_40 19AA  
                      i2u319_40 2026                        i2u327_40 31D6                        i2u431_40 1338  
                      i2u423_40 11E2                        i2u415_40 1078                        i2u407_40 0F2A  
                      i2u351_40 069C                        i2u255_40 2A88                        i2u343_41 30A4  
                      i2u271_41 1B2E                        i2u263_41 19A6                        i2u319_41 2022  
                      i2u327_41 31D2                        i2u431_41 1334                        i2u423_41 11DE  
                      i2u415_41 1074                        i2u407_41 0F26                        i2u351_41 0698  
                      i2u255_41 2A84                        i2u344_40 30DC                        i2u280_40 1C3C  
                      i2u272_40 1B5C                        i2u264_40 19BA                        i2u440_40 1522  
                      i2u432_40 1388                        i2u424_40 11F2                        i2u416_40 1086  
                      i2u408_40 0F58                        i2u360_40 07B4                        i2u352_40 06C4  
                      i2u328_40 3036                        i2u344_41 30D8                        i2u280_41 1C38  
                      i2u272_41 1B58                        i2u264_41 19B6                        i2u440_41 151E  
                      i2u432_41 1384                        i2u424_41 11EE                        i2u416_41 1082  
                      i2u408_41 0F54                        i2u360_41 07B0                        i2u352_41 06C0  
                      i2u328_41 3032                        i1u489_20 0034                        i1u489_21 0030  
                      i2u345_40 320C                        i2u281_40 1C56                        i2u273_40 1B80  
                      i2u265_40 19FC                        i2u433_40 13BA                        i2u425_40 120E  
                      i2u417_40 10F0                        i2u409_40 0F84                        i2u361_40 07EA  
                      i2u353_40 06DA                        i2u329_40 25F0                        i2u345_41 3208  
                      i2u281_41 1C52                        i2u273_41 1B7C                        i2u265_41 19F8  
                      i2u433_41 13B6                        i2u425_41 120A                        i2u417_41 10EC  
                      i2u409_41 0F80                        i2u361_41 07E6                        i2u353_41 06D6  
                      i2u329_41 25EC                        _PIR1bits 0F9E                        i2u346_40 2ECA  
                      i2u282_40 1C9E                        i2u274_40 1B96                        i2u266_40 1A0E  
                      i2u290_40 15F6                        i2u434_40 13C8                        i2u426_40 121E  
                      i2u418_40 111A                        i2u370_40 0944                        i2u362_40 0814  
                      i2u354_40 06F8                        i2u346_41 2EC6                        i2u282_41 1C9A  
                      i2u274_41 1B92                        i2u266_41 1A0A                        i2u290_41 15F2  
                      i2u434_41 13C4                        i2u426_41 121A                        i2u418_41 1116  
                      i2u370_41 0940                        i2u362_41 0810                        i2u354_41 06F4  
                      i2u347_40 2EE0                        i2u283_40 1CCE                        i2u275_40 1BB4  
                      i2u267_40 1A1E                        i2u291_40 162C                        i2u435_40 140A  
                      i2u427_40 1240                        i2u419_40 1132                        i2u371_40 0954  
                      i2u363_40 083E                        i2u355_40 071C                        i2u347_41 2EDC  
                      i2u283_41 1CCA                        i2u275_41 1BB0                        i2u267_41 1A1A  
                      i2u291_41 1628                        i2u435_41 1406                        i2u427_41 123C  
                      i2u419_41 112E                        i2u371_41 0950                        i2u363_41 083A  
                      i2u355_41 0718                        _PIR2bits 0FA1                        i2u284_40 1CFA  
                      i2u276_40 1BD4                        i2u268_40 1A5C                        i2u292_40 163C  
                      i2u436_40 1460                        i2u428_40 124E                        i2u380_40 0A7C  
                      i2u372_40 096E                        i2u364_40 0850                        i2u356_40 0746  
                      i2u348_40 0658                        i2u284_41 1CF6                        i2u276_41 1BD0  
                      i2u268_41 1A58                        i2u292_41 1638                        i2u436_41 145C  
                      i2u428_41 124A                        i2u380_41 0A78                        i2u372_41 096A  
                      i2u364_41 084C                        i2u356_41 0742                        i2u348_41 0654  
              _AngleToDutyCycle 242E                        i2u453_40 223A                        i2u277_40 1BE4  
                      i2u269_40 1A9C                        i2u293_40 17B6                        i2u285_40 1572  
                      i2u437_40 14B0                        i2u429_40 12B2                        i2u381_40 0AA6  
                      i2u373_40 0988                        i2u365_40 087A                        i2u357_40 0770  
                      i2u349_40 0684                        i2u453_41 2236                        i2u277_41 1BE0  
                      i2u269_41 1A98                        i2u285_41 156E                        i2u437_41 14AC  
                      i2u429_41 12AE                        i2u381_41 0AA2                        i2u373_41 0984  
                      i2u365_41 0876                        i2u357_41 076C                        i2u349_41 067E  
                      i2u293_45 17AC                        i2u454_40 226E                        i2u278_40 1C12  
                      i2u294_40 1810                        i2u286_40 1584                        i2u438_40 14E2  
                      i2u390_40 0C86                        i2u382_40 0AF0                        i2u374_40 09B4  
                      i2u366_40 0896                        i2u358_40 0780                        i2u278_41 1C0E  
                      i2u294_41 180C                        i2u286_41 1580                        i2u438_41 14DE  
                      i2u390_41 0C82                        i2u382_41 0AEC                        i2u374_41 09B0  
                      i2u366_41 0892                        i2u358_41 077C                        i2u454_45 2264  
                      i2u455_40 229C                        i2u279_40 1C28                        i2u295_40 1830  
                      i2u287_40 1594                        i2u439_40 14FC                        i2u391_40 0CB2  
                      i2u383_40 0B18                        i2u375_40 09D2                        i2u367_40 08B6  
                      i2u359_40 07A2                        i2u455_41 2298                        i2u279_41 1C24  
                      i2u295_41 182C                        i2u287_41 1590                        i2u439_41 14F8  
                      i2u391_41 0CAE                        i2u375_41 09CE                        i2u367_41 08B2  
                      i2u359_41 079E                        i2u383_45 0B0E                        i2u456_40 22B0  
                      i2u296_40 1840                        i2u288_40 15D4                        i2u392_40 0CCA  
                      i2u384_40 0B5A                        i2u376_40 09F6                        i2u368_40 08D0  
                      i2u464_40 2C3E                        i2u480_40 1DDA                        i2u456_41 22AC  
                      i2u296_41 183C                        i2u288_41 15D0                        i2u392_41 0CC6  
                      i2u384_41 0B56                        i2u376_41 09F2                        i2u368_41 08CC  
                      i2u464_41 2C3A                        i2u480_41 1DD6                        i2u457_40 22D8  
                      i2u297_40 186E                        i2u289_40 15E6                        i2u393_40 0CE8  
                      i2u385_40 0B6C                        i2u377_40 0A10                        i2u369_40 08EA  
                      i2u465_40 2C62                        i2u481_40 1E22                        i2u457_41 22D4  
                      i2u297_41 186A                        i2u289_41 15E2                        i2u393_41 0CE4  
                      i2u385_41 0B68                        i2u377_41 0A0C                        i2u369_41 08E6  
                      i2u465_41 2C5E                        i2u481_41 1E1E                        i2u458_40 22F8  
                      i2u298_40 1884                        i2u394_40 0D00                        i2u386_40 0BA0  
                      i2u378_40 0A2A                        i2u482_40 1E3E                        i2u458_41 22F4  
                      i2u298_41 1880                        i2u394_41 0CFC                        i2u386_41 0B9C  
                      i2u378_41 0A26                        i2u482_41 1E3A                        i2u459_40 2308  
                      i2u299_40 1898                        i2u395_40 0D22                        i2u387_40 0BCA  
                      i2u379_40 0A48                        i2u483_40 1E96                        i2u475_40 1D2A  
                      i2u459_41 2304                        i2u299_41 1894                        i2u395_41 0D1E  
                      i2u387_41 0BC6                        i2u379_41 0A44                        i2u483_41 1E92  
                      i2u475_41 1D26                        i2u396_40 0D44                        i2u388_40 0C14  
                      i2u484_40 1EC6                        i2u476_40 1D4C                        i2u396_41 0D40  
                      i2u388_41 0C10                        i2u484_41 1EC2                        i2u476_41 1D48  
                      i2u397_40 0D70                        i2u389_40 0C3C                        i2u477_40 1D6A  
                      i2u397_41 0D6C                        i2u477_41 1D66                        i2u389_45 0C32  
                      i2u398_40 0D9C                        i2u478_40 1D96                        i2u398_41 0D98  
                      i2u478_41 1D92                        i2u399_40 0DB8                        i2u479_40 1DB8  
                      i2u495_40 2AEC                        i2u399_41 0DB4                        i2u479_41 1DB4  
                      i2u495_41 2AE8                        i2u496_40 2AFC                        i2u496_41 2AF8  
                      i2u497_40 2B0C                        i2u497_41 2B08                        _RCONbits 0FD0  
               _UART_DeleteLine 2FDE                     strtof@digit 0028                     strtof@flags 0029  
                   strtof@expon 002A               ??_TMR1_Initialize 00B3       i1set_servo_angle@duty_val 00A4  
                    _ADCON0bits 0FC2                        i1___lmul 2CFE                      _ADCON1bits 0FC1  
                    _ADCON2bits 0FC0               ___wmul@multiplier 0001                        i2___lmul 2DD4  
     __end_ofi1_set_servo_angle 2C22                    ?_MyusartRead 0001                    i2_UART_Write 3338  
             ___lmul@multiplier 0100                     _INTCON2bits 0FF1                       copy_data0 2E6A  
         ?_INTERRUPT_Initialize 0001               i2_set_servo_angle 2C22               ??_TMR2_Initialize 00B3  
    __end_ofi2_AngleToDutyCycle 26AE               ?_SetCCP1DutyCycle 0100              ?i2_set_servo_angle 0021  
                      __Hrparam 0000              ??_SetCCP1DutyCycle 0102                        __Lrparam 0000  
                  __Lsmallconst 0600             ??i2_set_servo_angle 0023         ??_OSCILLATOR_Initialize 00B3  
               _UART_Initialize 32D6                        ___xxtofl 1EDC                    Lo_ISR@change 00AF  
                      __ptext10 3322                        __ptext11 3394                        __ptext20 2F98  
                      __ptext12 334E                        __ptext21 2506                        __ptext13 3246  
                      __ptext22 2CFE                        __ptext14 337E                        __ptext31 1D0E  
                      __ptext23 2972                        __ptext15 3360                        __ptext40 2EFE  
                      __ptext32 2C22                        __ptext24 3156                        __ptext16 3292  
                      __ptext41 321A                        __ptext33 3024                        __ptext25 2090  
                      __ptext17 30E6                        __ptext50 2EA0                        __ptext42 1EDC  
                      __ptext34 25DE                        __ptext26 2772                        __ptext51 2224  
                      __ptext43 326C                        __ptext35 2A18                        __ptext27 26AE  
                      __ptext19 2BB0                        __ptext52 3068                        __ptext44 311E  
                      __ptext36 063E                        __ptext28 2FDE                        __ptext53 3338  
                      __ptext45 1558                        __ptext37 2DD4                        __ptext29 330A  
                      __ptext54 30AA                        __ptext46 232A                        __ptext38 31BE  
                      __ptext47 2822                        __ptext39 32B4                        __ptext48 197E  
                      __ptext49 31EC       __end_ofi2_set_servo_angle 2C92                       isxdigit@c 0001  
           UART_Write_Text@text 0002         __end_of_UART_DeleteLine 3024                        _isxdigit 2EFE  
             ??_set_servo_angle 00B3         i1AngleToDutyCycle@angle 009B                        isa$xinst 0000  
                    strtof@eexp 002C                      strtof@dpos 0027                        int$flags 0078  
                    strtof@xpos 0026                        _mystring 005A                      _INTCONbits 0FF2  
         i2___lmul@multiplicand 0005                 _CCP1_Initialize 3360                        isdigit@c 0001  
        ??_INTERRUPT_Initialize 00B3                   ??_ClearBuffer 0001                        intlevel1 0000  
                      intlevel2 0000              UART_PrintHex@F3388 0601              i1_AngleToDutyCycle 2506  
              ___lldiv@dividend 010C         ?_PIN_MANAGER_Initialize 0001                ??_ADC_Initialize 00B3  
                    _OSCCONbits 0FD3             ?i1_AngleToDutyCycle 0099                 _CCP2_Initialize 337E  
                     strtof@err 0024                       strtof@res 001B         __end_of_UART_Initialize 32F2  
               _UART_Write_Text 3068                ___lldiv@quotient 0114                 _TMR0_Initialize 3322  
          ??i1_AngleToDutyCycle 009B                        toupper@c 0001        __end_of_AngleToDutyCycle 2506  
                    _UART_Write 330A                        strtof@_u 002E  __end_of_PIN_MANAGER_Initialize 339C  
              UART_Write_Text@i 0004                ?_UART_DeleteLine 0081             __end_of_ClearBuffer 30E6  
               _TMR1_Initialize 32F2  
