

Microchip MPLAB XC8 Assembler V2.46 build 20240104201356 
                                                                                               Sun Nov 30 14:04:03 2025

Microchip MPLAB XC8 C Compiler v2.46 (Free license) build 20240104201356 Og1 
     1                           	processor	18F4520
     2                           	fnconf	rparam,??,?,0
     3                           	pagewidth 120
     4                           	opt	flic
     5                           	psect	idataCOMRAM,global,class=CODE,delta=1,noexec
     6                           	psect	smallconst,global,reloc=2,class=SMALLCONST,delta=1,noexec
     7                           	psect	cinit,global,reloc=2,class=CODE,delta=1
     8                           	psect	bssCOMRAM,global,class=COMRAM,space=1,delta=1,lowdata,noexec
     9                           	psect	dataCOMRAM,global,class=COMRAM,space=1,delta=1,lowdata,noexec
    10                           	psect	cstackBANK0,global,class=BANK0,space=1,delta=1,lowdata,noexec
    11                           	psect	cstackCOMRAM,global,class=COMRAM,space=1,delta=1,lowdata,noexec
    12                           	psect	text0,global,reloc=2,class=CODE,delta=1
    13                           	psect	text1,global,reloc=2,class=CODE,delta=1,group=2
    14                           	psect	text2,global,reloc=2,class=CODE,delta=1
    15                           	psect	text3,global,reloc=2,class=CODE,delta=1
    16                           	psect	text4,global,reloc=2,class=CODE,delta=1
    17                           	psect	text5,global,reloc=2,class=CODE,delta=1
    18                           	psect	text6,global,reloc=2,class=CODE,delta=1
    19                           	psect	text7,global,reloc=2,class=CODE,delta=1
    20                           	psect	text8,global,reloc=2,class=CODE,delta=1
    21                           	psect	text9,global,reloc=2,class=CODE,delta=1
    22                           	psect	text10,global,reloc=2,class=CODE,delta=1
    23                           	psect	text11,global,reloc=2,class=CODE,delta=1
    24                           	psect	text12,global,reloc=2,class=CODE,delta=1
    25                           	psect	text13,global,reloc=2,class=CODE,delta=1
    26                           	psect	text14,global,reloc=2,class=CODE,delta=1
    27                           	psect	intcodelo,global,reloc=2,class=CODE,delta=1
    28                           	psect	text16,global,reloc=2,class=CODE,delta=1,group=2
    29                           	psect	intcode,global,reloc=2,class=CODE,delta=1
    30                           	psect	intcode_body,global,reloc=2,class=CODE,delta=1
    31                           	psect	text18,global,reloc=2,class=CODE,delta=1
    32                           	psect	text19,global,reloc=2,class=CODE,delta=1,group=1
    33                           	psect	text20,global,reloc=2,class=CODE,delta=1,group=1
    34                           	psect	text21,global,reloc=2,class=CODE,delta=1
    35                           	psect	text22,global,reloc=2,class=CODE,delta=1
    36                           	psect	intsave_regs,global,class=BIGRAM,space=1,delta=1,noexec
    37                           	psect	rparam,global,class=COMRAM,space=1,delta=1,noexec
    38                           	psect	temp,global,ovrld,common,class=COMRAM,space=1,delta=1,lowdata
    39                           	psect	idloc,global,abs,ovrld,class=IDLOC,space=5,delta=1,noexec
    40                           	psect	config,global,abs,ovrld,class=CONFIG,space=4,delta=1,noexec
    41   000000                     
    42                           ; Generated 05/01/2024 GMT
    43                           ; 
    44                           ; Copyright © 2024, Microchip Technology Inc. and its subsidiaries ("Microchip")
    45                           ; All rights reserved.
    46                           ; 
    47                           ; This software is developed by Microchip Technology Inc. and its subsidiaries ("Microch
      +                          ip").
    48                           ; 
    49                           ; Redistribution and use in source and binary forms, with or without modification, are
    50                           ; permitted provided that the following conditions are met:
    51                           ; 
    52                           ;     1. Redistributions of source code must retain the above copyright notice, this lis
      +                          t of
    53                           ;        conditions and the following disclaimer.
    54                           ; 
    55                           ;     2. Redistributions in binary form must reproduce the above copyright notice, this 
      +                          list
    56                           ;        of conditions and the following disclaimer in the documentation and/or other
    57                           ;        materials provided with the distribution. Publication is not required when
    58                           ;        this file is used in an embedded application.
    59                           ; 
    60                           ;     3. Microchip's name may not be used to endorse or promote products derived from th
      +                          is
    61                           ;        software without specific prior written permission.
    62                           ; 
    63                           ; THIS SOFTWARE IS PROVIDED BY MICROCHIP "AS IS" AND ANY EXPRESS OR IMPLIED WARRANTIES,
    64                           ; INCLUDING, BUT NOT LIMITED TO, THE IMPLIED WARRANTIES OF MERCHANTABILITY AND FITNESS F
      +                          OR
    65                           ; PURPOSE ARE DISCLAIMED.  IN NO EVENT SHALL MICROCHIP BE LIABLE FOR ANY DIRECT, INDIREC
      +                          T,
    66                           ; INCIDENTAL, SPECIAL, EXEMPLARY, OR CONSEQUENTIAL DAMAGES (INCLUDING BUT NOT LIMITED TO
    67                           ; PROCUREMENT OF SUBSTITUTE GOODS OR SERVICES; LOSS OF USE, DATA OR PROFITS; OR BUSINESS
    68                           ; INTERRUPTION) HOWSOEVER CAUSED AND ON ANY THEORY OF LIABILITY, WHETHER IN CONTRACT, ST
      +                          RICT
    69                           ; LIABILITY, OR TORT (INCLUDING NEGLIGENCE OR OTHERWISE) ARISING IN ANY WAY OUT OF THE U
      +                          SE OF
    70                           ; THIS SOFTWARE, EVEN IF ADVISED OF THE POSSIBILITY OF SUCH DAMAGE.
    71                           ; 
    72                           ; 
    73                           ; Code-generator required, PIC18F4520 Definitions
    74                           ; 
    75                           ; SFR Addresses
    76   000000                     
    77                           	psect	idataCOMRAM
    78   000B2E                     __pidataCOMRAM:
    79                           	callstack 0
    80                           
    81                           ;initializer for _range
    82   000B2E  0004               	dw	4
    83   000B30  0005               	dw	5
    84   000B32  0006               	dw	6
    85   000B34  0007               	dw	7
    86   000B36  0008               	dw	8
    87   000B38  0009               	dw	9
    88   000B3A  000A               	dw	10
    89   000B3C  000B               	dw	11
    90   000B3E  000C               	dw	12
    91   000B40  000D               	dw	13
    92   000B42  000E               	dw	14
    93   000B44  000F               	dw	15
    94                           
    95                           ;initializer for _f
    96   000B46  03E8               	dw	1000
    97   000000                     _RCREG	set	4014
    98   000000                     _TXREG	set	4013
    99   000000                     _SPBRG	set	4015
   100   000000                     _BAUDCONbits	set	4024
   101   000000                     _TMR1L	set	4046
   102   000000                     _TMR1H	set	4047
   103   000000                     _TMR0L	set	4054
   104   000000                     _TMR0H	set	4055
   105   000000                     _ADCON0	set	4034
   106   000000                     _ADRESL	set	4035
   107   000000                     _ADRESH	set	4036
   108   000000                     _ADCON0bits	set	4034
   109   000000                     _ADCON2	set	4032
   110   000000                     _ADCON2bits	set	4032
   111   000000                     _LATD	set	3980
   112   000000                     _TRISA	set	3986
   113   000000                     _TRISCbits	set	3988
   114   000000                     _PIR1bits	set	3998
   115   000000                     _ADCON1	set	4033
   116   000000                     _ADFM	set	32263
   117   000000                     _T2CONbits	set	4042
   118   000000                     _T1CONbits	set	4045
   119   000000                     _RCONbits	set	4048
   120   000000                     _RCSTAbits	set	4011
   121   000000                     _TXSTAbits	set	4012
   122   000000                     _CCP2CON	set	4026
   123   000000                     _IPR1bits	set	3999
   124   000000                     _CCP1CON	set	4029
   125   000000                     _TRISD	set	3989
   126   000000                     _PIE1bits	set	3997
   127   000000                     _OSCCONbits	set	4051
   128   000000                     _INTCON2bits	set	4081
   129   000000                     _INTCONbits	set	4082
   130   000000                     _T0CONbits	set	4053
   131   000000                     _PR2	set	4043
   132                           
   133                           	psect	smallconst
   134   000600                     __psmallconst:
   135                           	callstack 0
   136   000600  00                 	db	0
   137   000601  49                 	db	73	;'I'
   138   000602  4E                 	db	78	;'N'
   139   000603  46                 	db	70	;'F'
   140   000604  49                 	db	73	;'I'
   141   000605  4E                 	db	78	;'N'
   142   000606  49                 	db	73	;'I'
   143   000607  54                 	db	84	;'T'
   144   000608  59                 	db	89	;'Y'
   145   000609  00                 	db	0
   146   00060A                     STR_1:
   147   00060A  69                 	db	105	;'i'
   148   00060B  6E                 	db	110	;'n'
   149   00060C  66                 	db	102	;'f'
   150   00060D  69                 	db	105	;'i'
   151   00060E  6E                 	db	110	;'n'
   152   00060F  69                 	db	105	;'i'
   153   000610  74                 	db	116	;'t'
   154   000611  79                 	db	121	;'y'
   155   000612  00                 	db	0
   156   000613                     STR_7:
   157   000613  4E                 	db	78	;'N'
   158   000614  41                 	db	65	;'A'
   159   000615  4E                 	db	78	;'N'
   160   000616  00                 	db	0
   161   000617                     STR_3:
   162   000617  69                 	db	105	;'i'
   163   000618  6E                 	db	110	;'n'
   164   000619  66                 	db	102	;'f'
   165   00061A  00                 	db	0
   166   00061B                     STR_6:
   167   00061B  6E                 	db	110	;'n'
   168   00061C  61                 	db	97	;'a'
   169   00061D  6E                 	db	110	;'n'
   170   00061E  00                 	db	0
   171   00061F  00                 	db	0	; dummy byte at the end
   172   000000                     
   173                           ; #config settings
   174                           
   175                           	psect	cinit
   176   0009CC                     __pcinit:
   177                           	callstack 0
   178   0009CC                     start_initialization:
   179                           	callstack 0
   180   0009CC                     __initialization:
   181                           	callstack 0
   182                           
   183                           ; Initialize objects allocated to COMRAM (26 bytes)
   184                           ; load TBLPTR registers with __pidataCOMRAM
   185   0009CC  0E2E               	movlw	low __pidataCOMRAM
   186   0009CE  6EF6               	movwf	tblptrl,c
   187   0009D0  0E0B               	movlw	high __pidataCOMRAM
   188   0009D2  6EF7               	movwf	tblptrh,c
   189   0009D4  0E00               	movlw	low (__pidataCOMRAM shr (0+16))
   190   0009D6  6EF8               	movwf	tblptru,c
   191   0009D8  EE00  F03B         	lfsr	0,__pdataCOMRAM
   192   0009DC  EE10 F01A          	lfsr	1,26
   193   0009E0                     copy_data0:
   194   0009E0  0009               	tblrd		*+
   195   0009E2  CFF5 FFEE          	movff	tablat,postinc0
   196   0009E6  50E5               	movf	postdec1,w,c
   197   0009E8  50E1               	movf	fsr1l,w,c
   198   0009EA  E1FA               	bnz	copy_data0
   199                           
   200                           ; Clear objects allocated to COMRAM (58 bytes)
   201   0009EC  EE00  F001         	lfsr	0,__pbssCOMRAM
   202   0009F0  0E3A               	movlw	58
   203   0009F2                     clear_0:
   204   0009F2  6AEE               	clrf	postinc0,c
   205   0009F4  06E8               	decf	wreg,f,c
   206   0009F6  E1FD               	bnz	clear_0
   207   0009F8                     end_of_initialization:
   208                           	callstack 0
   209   0009F8                     __end_of__initialization:
   210                           	callstack 0
   211   0009F8  906B               	bcf	int$flags,0,c	;clear compiler interrupt flag (level 1)
   212   0009FA  926B               	bcf	int$flags,1,c	;clear compiler interrupt flag (level 2)
   213   0009FC  0E00               	movlw	low (__Lsmallconst shr (0+16))
   214   0009FE  6EF8               	movwf	tblptru,c
   215   000A00  0E06               	movlw	high __Lsmallconst
   216   000A02  6EF7               	movwf	tblptrh,c
   217   000A04  0100               	movlb	0
   218   000A06  EF4F  F004         	goto	_main	;jump to C main() function
   219                           
   220                           	psect	bssCOMRAM
   221   000001                     __pbssCOMRAM:
   222                           	callstack 0
   223   000001                     _errno:
   224                           	callstack 0
   225   000001                     	ds	2
   226   000003                     _laastAdcValue:
   227                           	callstack 0
   228   000003                     	ds	2
   229   000005                     _adcValue:
   230                           	callstack 0
   231   000005                     	ds	2
   232   000007                     _lastAdcIndex:
   233                           	callstack 0
   234   000007                     	ds	2
   235   000009                     _adcIndex:
   236                           	callstack 0
   237   000009                     	ds	2
   238   00000B                     _count:
   239                           	callstack 0
   240   00000B                     	ds	2
   241   00000D                     _lastV:
   242                           	callstack 0
   243   00000D                     	ds	2
   244   00000F                     _tick:
   245                           	callstack 0
   246   00000F                     	ds	2
   247   000011                     _lenStr:
   248                           	callstack 0
   249   000011                     	ds	2
   250   000013                     _str:
   251                           	callstack 0
   252   000013                     	ds	20
   253   000027                     _mystring:
   254                           	callstack 0
   255   000027                     	ds	20
   256                           
   257                           	psect	dataCOMRAM
   258   00003B                     __pdataCOMRAM:
   259                           	callstack 0
   260   00003B                     _range:
   261                           	callstack 0
   262   00003B                     	ds	24
   263   000053                     _f:
   264                           	callstack 0
   265   000053                     	ds	2
   266                           
   267                           	psect	cstackBANK0
   268   000080                     __pcstackBANK0:
   269                           	callstack 0
   270   000080                     ??_abs:
   271                           
   272                           ; 1 bytes @ 0x0
   273   000080                     	ds	2
   274   000082                     ??_Lo_ISR:
   275                           
   276                           ; 1 bytes @ 0x2
   277   000082                     	ds	5
   278   000087                     Lo_ISR@value:
   279                           	callstack 0
   280                           
   281                           ; 2 bytes @ 0x7
   282   000087                     	ds	2
   283   000089                     UART_Write@data:
   284                           	callstack 0
   285   000089                     ClearBuffer@i:
   286                           	callstack 0
   287                           
   288                           ; 2 bytes @ 0x9
   289   000089                     	ds	2
   290   00008B                     strcpy@dest:
   291                           	callstack 0
   292                           
   293                           ; 1 bytes @ 0xB
   294   00008B                     	ds	1
   295   00008C                     strcpy@src:
   296                           	callstack 0
   297                           
   298                           ; 1 bytes @ 0xC
   299   00008C                     	ds	1
   300   00008D                     strcpy@d:
   301                           	callstack 0
   302                           
   303                           ; 1 bytes @ 0xD
   304   00008D                     	ds	1
   305   00008E                     
   306                           ; 1 bytes @ 0xE
   307                           
   308                           	psect	cstackCOMRAM
   309   000055                     __pcstackCOMRAM:
   310                           	callstack 0
   311   000055                     ?___awmod:
   312                           	callstack 0
   313   000055                     i2UART_Write@data:
   314                           	callstack 0
   315   000055                     ___awmod@dividend:
   316                           	callstack 0
   317                           
   318                           ; 2 bytes @ 0x0
   319   000055                     	ds	1
   320   000056                     UART_DeleteN@n:
   321                           	callstack 0
   322                           
   323                           ; 2 bytes @ 0x1
   324   000056                     	ds	1
   325   000057                     ___awmod@divisor:
   326                           	callstack 0
   327                           
   328                           ; 2 bytes @ 0x2
   329   000057                     	ds	1
   330   000058                     ??_UART_DeleteN:
   331                           
   332                           ; 1 bytes @ 0x3
   333   000058                     	ds	1
   334   000059                     ___awmod@counter:
   335                           	callstack 0
   336   000059                     UART_DeleteN@i:
   337                           	callstack 0
   338                           
   339                           ; 2 bytes @ 0x4
   340   000059                     	ds	1
   341   00005A                     ___awmod@sign:
   342                           	callstack 0
   343                           
   344                           ; 1 bytes @ 0x5
   345   00005A                     	ds	1
   346   00005B                     ?___awdiv:
   347                           	callstack 0
   348   00005B                     ___awdiv@dividend:
   349                           	callstack 0
   350                           
   351                           ; 2 bytes @ 0x6
   352   00005B                     	ds	2
   353   00005D                     ___awdiv@divisor:
   354                           	callstack 0
   355                           
   356                           ; 2 bytes @ 0x8
   357   00005D                     	ds	2
   358   00005F                     ___awdiv@counter:
   359                           	callstack 0
   360                           
   361                           ; 1 bytes @ 0xA
   362   00005F                     	ds	1
   363   000060                     ___awdiv@sign:
   364                           	callstack 0
   365                           
   366                           ; 1 bytes @ 0xB
   367   000060                     	ds	1
   368   000061                     ___awdiv@quotient:
   369                           	callstack 0
   370                           
   371                           ; 2 bytes @ 0xC
   372   000061                     	ds	2
   373   000063                     Update@num:
   374                           	callstack 0
   375                           
   376                           ; 2 bytes @ 0xE
   377   000063                     	ds	2
   378   000065                     Update@digit:
   379                           	callstack 0
   380                           
   381                           ; 1 bytes @ 0x10
   382   000065                     	ds	1
   383   000066                     ??_Hi_ISR:
   384                           
   385                           ; 1 bytes @ 0x11
   386   000066                     	ds	1
   387   000067                     Hi_ISR@ledShow:
   388                           	callstack 0
   389                           
   390                           ; 2 bytes @ 0x12
   391   000067                     	ds	2
   392   000069                     ?_abs:
   393                           	callstack 0
   394   000069                     abs@a:
   395                           	callstack 0
   396                           
   397                           ; 2 bytes @ 0x14
   398   000069                     	ds	2
   399                           
   400 ;;
   401 ;;Main: autosize = 0, tempsize = 0, incstack = 0, save=0
   402 ;;
   403 ;; *************** function _main *****************
   404 ;; Defined at:
   405 ;;		line 23 in file "main.c"
   406 ;; Parameters:    Size  Location     Type
   407 ;;		None
   408 ;; Auto vars:     Size  Location     Type
   409 ;;		None
   410 ;; Return value:  Size  Location     Type
   411 ;;                  1    wreg      void 
   412 ;; Registers used:
   413 ;;		wreg, fsr1l, fsr1h, fsr2l, fsr2h, status,2, status,0, cstack
   414 ;; Tracked objects:
   415 ;;		On entry : 0/0
   416 ;;		On exit  : 0/0
   417 ;;		Unchanged: 0/0
   418 ;; Data sizes:     COMRAM   BANK0   BANK1   BANK2   BANK3   BANK4   BANK5
   419 ;;      Params:         0       0       0       0       0       0       0
   420 ;;      Locals:         0       0       0       0       0       0       0
   421 ;;      Temps:          0       0       0       0       0       0       0
   422 ;;      Totals:         0       0       0       0       0       0       0
   423 ;;Total ram usage:        0 bytes
   424 ;; Hardware stack levels required when called: 8
   425 ;; This function calls:
   426 ;;		_ClearBuffer
   427 ;;		_GetString
   428 ;;		_Mode1
   429 ;;		_Mode2
   430 ;;		_SYSTEM_Initialize
   431 ;;		_UART_Write
   432 ;;		_strcpy
   433 ;; This function is called by:
   434 ;;		Startup code after reset
   435 ;; This function uses a non-reentrant model
   436 ;;
   437                           
   438                           	psect	text0
   439   00089E                     __ptext0:
   440                           	callstack 0
   441   00089E                     _main:
   442                           	callstack 23
   443   00089E                     
   444                           ;main.c: 26:     SYSTEM_Initialize() ;
   445   00089E  EC7A  F005         	call	_SYSTEM_Initialize	;wreg free
   446   0008A2                     
   447                           ;main.c: 27:     UART_Write('0');
   448   0008A2  0E30               	movlw	48
   449   0008A4  ECB1  F005         	call	_UART_Write
   450   0008A8                     l2763:
   451                           
   452                           ;main.c: 30:         strcpy(str, GetString());
   453   0008A8  0E13               	movlw	low _str
   454   0008AA  0100               	movlb	0	; () banked
   455   0008AC  6F8B               	movwf	strcpy@dest& (0+255),b
   456   0008AE  ECDC  F005         	call	_GetString	;wreg free
   457   0008B2  0100               	movlb	0	; () banked
   458   0008B4  6F8C               	movwf	strcpy@src& (0+255),b
   459   0008B6  EC3F  F005         	call	_strcpy	;wreg free
   460   0008BA                     
   461                           ;main.c: 31:         if(str[0]=='m' && str[1]=='1'){
   462   0008BA  0E6D               	movlw	109
   463   0008BC  1813               	xorwf	_str^0,w,c
   464   0008BE  A4D8               	btfss	status,2,c
   465   0008C0  EF64  F004         	goto	u2491
   466   0008C4  EF66  F004         	goto	u2490
   467   0008C8                     u2491:
   468   0008C8  EF75  F004         	goto	l2773
   469   0008CC                     u2490:
   470   0008CC  0E31               	movlw	49
   471   0008CE  1814               	xorwf	(_str+1)^0,w,c
   472   0008D0  A4D8               	btfss	status,2,c
   473   0008D2  EF6D  F004         	goto	u2501
   474   0008D6  EF6F  F004         	goto	u2500
   475   0008DA                     u2501:
   476   0008DA  EF75  F004         	goto	l2773
   477   0008DE                     u2500:
   478   0008DE                     
   479                           ;main.c: 32:             Mode1();
   480   0008DE  ECDF  F005         	call	_Mode1	;wreg free
   481   0008E2                     l2771:
   482                           
   483                           ;main.c: 33:             ClearBuffer();
   484   0008E2  EC05  F005         	call	_ClearBuffer	;wreg free
   485                           
   486                           ;main.c: 34:         }
   487   0008E6  EF54  F004         	goto	l2763
   488   0008EA                     l2773:
   489   0008EA  0E6D               	movlw	109
   490   0008EC  1813               	xorwf	_str^0,w,c
   491   0008EE  A4D8               	btfss	status,2,c
   492   0008F0  EF7C  F004         	goto	u2511
   493   0008F4  EF7E  F004         	goto	u2510
   494   0008F8                     u2511:
   495   0008F8  EF54  F004         	goto	l2763
   496   0008FC                     u2510:
   497   0008FC  0E32               	movlw	50
   498   0008FE  1814               	xorwf	(_str+1)^0,w,c
   499   000900  A4D8               	btfss	status,2,c
   500   000902  EF85  F004         	goto	u2521
   501   000906  EF87  F004         	goto	u2520
   502   00090A                     u2521:
   503   00090A  EF54  F004         	goto	l2763
   504   00090E                     u2520:
   505   00090E                     
   506                           ;main.c: 36:             Mode2();
   507   00090E  ECDE  F005         	call	_Mode2	;wreg free
   508   000912  EF71  F004         	goto	l2771
   509   000916  EF4C  F000         	goto	start
   510   00091A                     __end_of_main:
   511                           	callstack 0
   512                           
   513 ;; *************** function _strcpy *****************
   514 ;; Defined at:
   515 ;;		line 3 in file "C:\Program Files\Microchip\xc8\v2.46\pic\sources\c99\common\strcpy.c"
   516 ;; Parameters:    Size  Location     Type
   517 ;;  dest            1   11[BANK0 ] PTR unsigned char 
   518 ;;		 -> str(20), 
   519 ;;  src             1   12[BANK0 ] PTR const unsigned char 
   520 ;;		 -> mystring(20), 
   521 ;; Auto vars:     Size  Location     Type
   522 ;;  d               1   13[BANK0 ] PTR unsigned char 
   523 ;;		 -> str(20), 
   524 ;; Return value:  Size  Location     Type
   525 ;;                  1    wreg      PTR unsigned char 
   526 ;; Registers used:
   527 ;;		wreg, fsr1l, fsr1h, fsr2l, fsr2h, status,2, status,0
   528 ;; Tracked objects:
   529 ;;		On entry : 0/0
   530 ;;		On exit  : 0/0
   531 ;;		Unchanged: 0/0
   532 ;; Data sizes:     COMRAM   BANK0   BANK1   BANK2   BANK3   BANK4   BANK5
   533 ;;      Params:         0       2       0       0       0       0       0
   534 ;;      Locals:         0       1       0       0       0       0       0
   535 ;;      Temps:          0       0       0       0       0       0       0
   536 ;;      Totals:         0       3       0       0       0       0       0
   537 ;;Total ram usage:        3 bytes
   538 ;; Hardware stack levels used: 1
   539 ;; Hardware stack levels required when called: 6
   540 ;; This function calls:
   541 ;;		Nothing
   542 ;; This function is called by:
   543 ;;		_main
   544 ;; This function uses a non-reentrant model
   545 ;;
   546                           
   547                           	psect	text1
   548   000A7E                     __ptext1:
   549                           	callstack 0
   550   000A7E                     _strcpy:
   551                           	callstack 24
   552   000A7E  C08B  F08D         	movff	strcpy@dest,strcpy@d
   553   000A82                     l2695:
   554   000A82  0100               	movlb	0	; () banked
   555   000A84  2B8C               	incf	strcpy@src& (0+255),f,b
   556   000A86  058C               	decf	strcpy@src& (0+255),w,b
   557   000A88  6ED9               	movwf	fsr2l,c
   558   000A8A  6ADA               	clrf	fsr2h,c
   559   000A8C  2B8D               	incf	strcpy@d& (0+255),f,b
   560   000A8E  058D               	decf	strcpy@d& (0+255),w,b
   561   000A90  6EE1               	movwf	fsr1l,c
   562   000A92  6AE2               	clrf	fsr1h,c
   563   000A94  CFDF FFE7          	movff	indf2,indf1
   564   000A98  50E7               	movf	indf1,w,c
   565   000A9A  A4D8               	btfss	status,2,c
   566   000A9C  EF52  F005         	goto	u2421
   567   000AA0  EF54  F005         	goto	u2420
   568   000AA4                     u2421:
   569   000AA4  EF41  F005         	goto	l2695
   570   000AA8                     u2420:
   571   000AA8                     
   572                           ; BSR set to: 0
   573   000AA8  0012               	return		;funcret
   574   000AAA                     __end_of_strcpy:
   575                           	callstack 0
   576                           
   577 ;; *************** function _UART_Write *****************
   578 ;; Defined at:
   579 ;;		line 49 in file "setting_hardaware/uart.c"
   580 ;; Parameters:    Size  Location     Type
   581 ;;  data            1    wreg     unsigned char 
   582 ;; Auto vars:     Size  Location     Type
   583 ;;  data            1    9[BANK0 ] unsigned char 
   584 ;; Return value:  Size  Location     Type
   585 ;;                  1    wreg      void 
   586 ;; Registers used:
   587 ;;		wreg
   588 ;; Tracked objects:
   589 ;;		On entry : 0/0
   590 ;;		On exit  : 0/0
   591 ;;		Unchanged: 0/0
   592 ;; Data sizes:     COMRAM   BANK0   BANK1   BANK2   BANK3   BANK4   BANK5
   593 ;;      Params:         0       0       0       0       0       0       0
   594 ;;      Locals:         0       1       0       0       0       0       0
   595 ;;      Temps:          0       0       0       0       0       0       0
   596 ;;      Totals:         0       1       0       0       0       0       0
   597 ;;Total ram usage:        1 bytes
   598 ;; Hardware stack levels used: 1
   599 ;; Hardware stack levels required when called: 6
   600 ;; This function calls:
   601 ;;		Nothing
   602 ;; This function is called by:
   603 ;;		_main
   604 ;;		_UART_Write_Text
   605 ;;		_MyusartRead
   606 ;; This function uses a non-reentrant model
   607 ;;
   608                           
   609                           	psect	text2
   610   000B62                     __ptext2:
   611                           	callstack 0
   612   000B62                     _UART_Write:
   613                           	callstack 24
   614                           
   615                           ; BSR set to: 0
   616                           ;incstack = 0
   617                           ;UART_Write@data stored from wreg
   618   000B62  0100               	movlb	0	; () banked
   619   000B64  6F89               	movwf	UART_Write@data& (0+255),b
   620   000B66                     l160:
   621   000B66  A2AC               	btfss	172,1,c	;volatile
   622   000B68  EFB8  F005         	goto	u2381
   623   000B6C  EFBA  F005         	goto	u2380
   624   000B70                     u2381:
   625   000B70  EFB3  F005         	goto	l160
   626   000B74                     u2380:
   627   000B74                     
   628                           ;setting_hardaware/uart.c: 52:     TXREG = data;
   629   000B74  C089  FFAD         	movff	UART_Write@data,4013	;volatile
   630   000B78  0012               	return		;funcret
   631   000B7A                     __end_of_UART_Write:
   632                           	callstack 0
   633                           
   634 ;; *************** function _SYSTEM_Initialize *****************
   635 ;; Defined at:
   636 ;;		line 119 in file "setting_hardaware/setting.c"
   637 ;; Parameters:    Size  Location     Type
   638 ;;		None
   639 ;; Auto vars:     Size  Location     Type
   640 ;;		None
   641 ;; Return value:  Size  Location     Type
   642 ;;                  1    wreg      void 
   643 ;; Registers used:
   644 ;;		wreg, status,2, cstack
   645 ;; Tracked objects:
   646 ;;		On entry : 0/0
   647 ;;		On exit  : 0/0
   648 ;;		Unchanged: 0/0
   649 ;; Data sizes:     COMRAM   BANK0   BANK1   BANK2   BANK3   BANK4   BANK5
   650 ;;      Params:         0       0       0       0       0       0       0
   651 ;;      Locals:         0       0       0       0       0       0       0
   652 ;;      Temps:          0       0       0       0       0       0       0
   653 ;;      Totals:         0       0       0       0       0       0       0
   654 ;;Total ram usage:        0 bytes
   655 ;; Hardware stack levels used: 1
   656 ;; Hardware stack levels required when called: 7
   657 ;; This function calls:
   658 ;;		_ADC_Initialize
   659 ;;		_CCP1_Initialize
   660 ;;		_INTERRUPT_Initialize
   661 ;;		_OSCILLATOR_Initialize
   662 ;;		_PIN_MANAGER_Initialize
   663 ;;		_TMR2_Initialize
   664 ;;		_UART_Initialize
   665 ;; This function is called by:
   666 ;;		_main
   667 ;; This function uses a non-reentrant model
   668 ;;
   669                           
   670                           	psect	text3
   671   000AF4                     __ptext3:
   672                           	callstack 0
   673   000AF4                     _SYSTEM_Initialize:
   674                           	callstack 23
   675   000AF4                     
   676                           ;setting_hardaware/setting.c: 121:     PIN_MANAGER_Initialize();
   677   000AF4  ECD7  F005         	call	_PIN_MANAGER_Initialize	;wreg free
   678                           
   679                           ;setting_hardaware/setting.c: 122:     OSCILLATOR_Initialize();
   680   000AF8  ECC8  F005         	call	_OSCILLATOR_Initialize	;wreg free
   681                           
   682                           ;setting_hardaware/setting.c: 123:     TMR2_Initialize();
   683   000AFC  ECA4  F005         	call	_TMR2_Initialize	;wreg free
   684   000B00                     
   685                           ;setting_hardaware/setting.c: 126:     INTERRUPT_Initialize();
   686   000B00  EC55  F005         	call	_INTERRUPT_Initialize	;wreg free
   687   000B04                     
   688                           ;setting_hardaware/setting.c: 127:     UART_Initialize();
   689   000B04  EC89  F005         	call	_UART_Initialize	;wreg free
   690   000B08                     
   691                           ;setting_hardaware/setting.c: 128:     CCP1_Initialize();
   692   000B08  ECD1  F005         	call	_CCP1_Initialize	;wreg free
   693   000B0C                     
   694                           ;setting_hardaware/setting.c: 129:     ADC_Initialize();
   695   000B0C  EC68  F005         	call	_ADC_Initialize	;wreg free
   696   000B10  0012               	return		;funcret
   697   000B12                     __end_of_SYSTEM_Initialize:
   698                           	callstack 0
   699                           
   700 ;; *************** function _UART_Initialize *****************
   701 ;; Defined at:
   702 ;;		line 16 in file "setting_hardaware/uart.c"
   703 ;; Parameters:    Size  Location     Type
   704 ;;		None
   705 ;; Auto vars:     Size  Location     Type
   706 ;;		None
   707 ;; Return value:  Size  Location     Type
   708 ;;                  1    wreg      void 
   709 ;; Registers used:
   710 ;;		wreg, status,2
   711 ;; Tracked objects:
   712 ;;		On entry : 0/0
   713 ;;		On exit  : 0/0
   714 ;;		Unchanged: 0/0
   715 ;; Data sizes:     COMRAM   BANK0   BANK1   BANK2   BANK3   BANK4   BANK5
   716 ;;      Params:         0       0       0       0       0       0       0
   717 ;;      Locals:         0       0       0       0       0       0       0
   718 ;;      Temps:          0       0       0       0       0       0       0
   719 ;;      Totals:         0       0       0       0       0       0       0
   720 ;;Total ram usage:        0 bytes
   721 ;; Hardware stack levels used: 1
   722 ;; Hardware stack levels required when called: 6
   723 ;; This function calls:
   724 ;;		Nothing
   725 ;; This function is called by:
   726 ;;		_SYSTEM_Initialize
   727 ;; This function uses a non-reentrant model
   728 ;;
   729                           
   730                           	psect	text4
   731   000B12                     __ptext4:
   732                           	callstack 0
   733   000B12                     _UART_Initialize:
   734                           	callstack 23
   735   000B12                     
   736                           ;setting_hardaware/uart.c: 26:     TRISCbits.TRISC6 = 1;
   737   000B12  8C94               	bsf	148,6,c	;volatile
   738                           
   739                           ;setting_hardaware/uart.c: 27:     TRISCbits.TRISC7 = 1;
   740   000B14  8E94               	bsf	148,7,c	;volatile
   741                           
   742                           ;setting_hardaware/uart.c: 30:     TXSTAbits.SYNC = 0;
   743   000B16  98AC               	bcf	172,4,c	;volatile
   744                           
   745                           ;setting_hardaware/uart.c: 31:     BAUDCONbits.BRG16 = 0;
   746   000B18  96B8               	bcf	184,3,c	;volatile
   747                           
   748                           ;setting_hardaware/uart.c: 32:     TXSTAbits.BRGH = 0;
   749   000B1A  94AC               	bcf	172,2,c	;volatile
   750   000B1C                     
   751                           ;setting_hardaware/uart.c: 33:     SPBRG = 51;
   752   000B1C  0E33               	movlw	51
   753   000B1E  6EAF               	movwf	175,c	;volatile
   754   000B20                     
   755                           ;setting_hardaware/uart.c: 36:     RCSTAbits.SPEN = 1;
   756   000B20  8EAB               	bsf	171,7,c	;volatile
   757   000B22                     
   758                           ;setting_hardaware/uart.c: 38:     TXSTAbits.TXEN = 1;
   759   000B22  8AAC               	bsf	172,5,c	;volatile
   760   000B24                     
   761                           ;setting_hardaware/uart.c: 39:     RCSTAbits.CREN = 1;
   762   000B24  88AB               	bsf	171,4,c	;volatile
   763   000B26                     
   764                           ;setting_hardaware/uart.c: 42:     PIE1bits.RCIE = 1;
   765   000B26  8A9D               	bsf	157,5,c	;volatile
   766   000B28                     
   767                           ;setting_hardaware/uart.c: 43:     IPR1bits.RCIP = 1;
   768   000B28  8A9F               	bsf	159,5,c	;volatile
   769   000B2A                     
   770                           ;setting_hardaware/uart.c: 45:     PIR1bits.RCIF = 0;
   771   000B2A  9A9E               	bcf	158,5,c	;volatile
   772   000B2C  0012               	return		;funcret
   773   000B2E                     __end_of_UART_Initialize:
   774                           	callstack 0
   775                           
   776 ;; *************** function _TMR2_Initialize *****************
   777 ;; Defined at:
   778 ;;		line 104 in file "setting_hardaware/setting.c"
   779 ;; Parameters:    Size  Location     Type
   780 ;;		None
   781 ;; Auto vars:     Size  Location     Type
   782 ;;		None
   783 ;; Return value:  Size  Location     Type
   784 ;;                  1    wreg      void 
   785 ;; Registers used:
   786 ;;		wreg, status,2
   787 ;; Tracked objects:
   788 ;;		On entry : 0/0
   789 ;;		On exit  : 0/0
   790 ;;		Unchanged: 0/0
   791 ;; Data sizes:     COMRAM   BANK0   BANK1   BANK2   BANK3   BANK4   BANK5
   792 ;;      Params:         0       0       0       0       0       0       0
   793 ;;      Locals:         0       0       0       0       0       0       0
   794 ;;      Temps:          0       0       0       0       0       0       0
   795 ;;      Totals:         0       0       0       0       0       0       0
   796 ;;Total ram usage:        0 bytes
   797 ;; Hardware stack levels used: 1
   798 ;; Hardware stack levels required when called: 6
   799 ;; This function calls:
   800 ;;		Nothing
   801 ;; This function is called by:
   802 ;;		_SYSTEM_Initialize
   803 ;; This function uses a non-reentrant model
   804 ;;
   805                           
   806                           	psect	text5
   807   000B48                     __ptext5:
   808                           	callstack 0
   809   000B48                     _TMR2_Initialize:
   810                           	callstack 23
   811   000B48                     
   812                           ;setting_hardaware/setting.c: 105:     T2CONbits.T2CKPS = 0b11;
   813   000B48  0E03               	movlw	3
   814   000B4A  12CA               	iorwf	202,f,c	;volatile
   815   000B4C                     
   816                           ;setting_hardaware/setting.c: 106:     T2CONbits.TOUTPS3 = 0;
   817   000B4C  9CCA               	bcf	202,6,c	;volatile
   818   000B4E                     
   819                           ;setting_hardaware/setting.c: 107:     T2CONbits.TOUTPS2 = 0;
   820   000B4E  9ACA               	bcf	202,5,c	;volatile
   821   000B50                     
   822                           ;setting_hardaware/setting.c: 108:     T2CONbits.TOUTPS1 = 0;
   823   000B50  98CA               	bcf	202,4,c	;volatile
   824   000B52                     
   825                           ;setting_hardaware/setting.c: 109:     T2CONbits.TOUTPS0 = 0;
   826   000B52  96CA               	bcf	202,3,c	;volatile
   827                           
   828                           ;setting_hardaware/setting.c: 111:     PR2 = 62;
   829   000B54  0E3E               	movlw	62
   830   000B56  6ECB               	movwf	203,c	;volatile
   831   000B58                     
   832                           ;setting_hardaware/setting.c: 113:     PIR1bits.TMR2IF = 0;
   833   000B58  929E               	bcf	158,1,c	;volatile
   834   000B5A                     
   835                           ;setting_hardaware/setting.c: 114:     PIE1bits.TMR2IE = 1;
   836   000B5A  829D               	bsf	157,1,c	;volatile
   837   000B5C                     
   838                           ;setting_hardaware/setting.c: 115:     IPR1bits.TMR2IP = 0;
   839   000B5C  929F               	bcf	159,1,c	;volatile
   840   000B5E                     
   841                           ;setting_hardaware/setting.c: 116:     T2CONbits.TMR2ON = 1;
   842   000B5E  84CA               	bsf	202,2,c	;volatile
   843   000B60  0012               	return		;funcret
   844   000B62                     __end_of_TMR2_Initialize:
   845                           	callstack 0
   846                           
   847 ;; *************** function _PIN_MANAGER_Initialize *****************
   848 ;; Defined at:
   849 ;;		line 68 in file "setting_hardaware/setting.c"
   850 ;; Parameters:    Size  Location     Type
   851 ;;		None
   852 ;; Auto vars:     Size  Location     Type
   853 ;;		None
   854 ;; Return value:  Size  Location     Type
   855 ;;                  1    wreg      void 
   856 ;; Registers used:
   857 ;;		wreg, status,2
   858 ;; Tracked objects:
   859 ;;		On entry : 0/0
   860 ;;		On exit  : 0/0
   861 ;;		Unchanged: 0/0
   862 ;; Data sizes:     COMRAM   BANK0   BANK1   BANK2   BANK3   BANK4   BANK5
   863 ;;      Params:         0       0       0       0       0       0       0
   864 ;;      Locals:         0       0       0       0       0       0       0
   865 ;;      Temps:          0       0       0       0       0       0       0
   866 ;;      Totals:         0       0       0       0       0       0       0
   867 ;;Total ram usage:        0 bytes
   868 ;; Hardware stack levels used: 1
   869 ;; Hardware stack levels required when called: 6
   870 ;; This function calls:
   871 ;;		Nothing
   872 ;; This function is called by:
   873 ;;		_SYSTEM_Initialize
   874 ;; This function uses a non-reentrant model
   875 ;;
   876                           
   877                           	psect	text6
   878   000BAE                     __ptext6:
   879                           	callstack 0
   880   000BAE                     _PIN_MANAGER_Initialize:
   881                           	callstack 23
   882   000BAE                     
   883                           ;setting_hardaware/setting.c: 69:     TRISD = 0x0F;
   884   000BAE  0E0F               	movlw	15
   885   000BB0  6E95               	movwf	149,c	;volatile
   886                           
   887                           ;setting_hardaware/setting.c: 70:     LATD = 0x00;
   888   000BB2  0E00               	movlw	0
   889   000BB4  6E8C               	movwf	140,c	;volatile
   890   000BB6  0012               	return		;funcret
   891   000BB8                     __end_of_PIN_MANAGER_Initialize:
   892                           	callstack 0
   893                           
   894 ;; *************** function _OSCILLATOR_Initialize *****************
   895 ;; Defined at:
   896 ;;		line 61 in file "setting_hardaware/setting.c"
   897 ;; Parameters:    Size  Location     Type
   898 ;;		None
   899 ;; Auto vars:     Size  Location     Type
   900 ;;		None
   901 ;; Return value:  Size  Location     Type
   902 ;;                  1    wreg      void 
   903 ;; Registers used:
   904 ;;		wreg, status,2
   905 ;; Tracked objects:
   906 ;;		On entry : 0/0
   907 ;;		On exit  : 0/0
   908 ;;		Unchanged: 0/0
   909 ;; Data sizes:     COMRAM   BANK0   BANK1   BANK2   BANK3   BANK4   BANK5
   910 ;;      Params:         0       0       0       0       0       0       0
   911 ;;      Locals:         0       0       0       0       0       0       0
   912 ;;      Temps:          0       0       0       0       0       0       0
   913 ;;      Totals:         0       0       0       0       0       0       0
   914 ;;Total ram usage:        0 bytes
   915 ;; Hardware stack levels used: 1
   916 ;; Hardware stack levels required when called: 6
   917 ;; This function calls:
   918 ;;		Nothing
   919 ;; This function is called by:
   920 ;;		_SYSTEM_Initialize
   921 ;; This function uses a non-reentrant model
   922 ;;
   923                           
   924                           	psect	text7
   925   000B90                     __ptext7:
   926                           	callstack 0
   927   000B90                     _OSCILLATOR_Initialize:
   928                           	callstack 23
   929   000B90                     
   930                           ;setting_hardaware/setting.c: 63:     OSCCONbits.IRCF = 0b110;
   931   000B90  50D3               	movf	211,w,c	;volatile
   932   000B92  0B8F               	andlw	-113
   933   000B94  0960               	iorlw	96
   934   000B96  6ED3               	movwf	211,c	;volatile
   935                           
   936                           ;setting_hardaware/setting.c: 64:     OSCCONbits.SCS = 1;
   937   000B98  50D3               	movf	211,w,c	;volatile
   938   000B9A  0BFC               	andlw	-4
   939   000B9C  0901               	iorlw	1
   940   000B9E  6ED3               	movwf	211,c	;volatile
   941   000BA0  0012               	return		;funcret
   942   000BA2                     __end_of_OSCILLATOR_Initialize:
   943                           	callstack 0
   944                           
   945 ;; *************** function _INTERRUPT_Initialize *****************
   946 ;; Defined at:
   947 ;;		line 3 in file "setting_hardaware/interrupt_manager.c"
   948 ;; Parameters:    Size  Location     Type
   949 ;;		None
   950 ;; Auto vars:     Size  Location     Type
   951 ;;		None
   952 ;; Return value:  Size  Location     Type
   953 ;;                  1    wreg      void 
   954 ;; Registers used:
   955 ;;		None
   956 ;; Tracked objects:
   957 ;;		On entry : 0/0
   958 ;;		On exit  : 0/0
   959 ;;		Unchanged: 0/0
   960 ;; Data sizes:     COMRAM   BANK0   BANK1   BANK2   BANK3   BANK4   BANK5
   961 ;;      Params:         0       0       0       0       0       0       0
   962 ;;      Locals:         0       0       0       0       0       0       0
   963 ;;      Temps:          0       0       0       0       0       0       0
   964 ;;      Totals:         0       0       0       0       0       0       0
   965 ;;Total ram usage:        0 bytes
   966 ;; Hardware stack levels used: 1
   967 ;; Hardware stack levels required when called: 6
   968 ;; This function calls:
   969 ;;		Nothing
   970 ;; This function is called by:
   971 ;;		_SYSTEM_Initialize
   972 ;; This function uses a non-reentrant model
   973 ;;
   974                           
   975                           	psect	text8
   976   000AAA                     __ptext8:
   977                           	callstack 0
   978   000AAA                     _INTERRUPT_Initialize:
   979                           	callstack 23
   980   000AAA                     
   981                           ;setting_hardaware/interrupt_manager.c: 5:     RCONbits.IPEN = 1;
   982   000AAA  8ED0               	bsf	208,7,c	;volatile
   983                           
   984                           ;setting_hardaware/interrupt_manager.c: 6:     INTCONbits.GIEH = 1;
   985   000AAC  8EF2               	bsf	242,7,c	;volatile
   986                           
   987                           ;setting_hardaware/interrupt_manager.c: 7:     INTCONbits.GIEL = 1;
   988   000AAE  8CF2               	bsf	242,6,c	;volatile
   989                           
   990                           ;setting_hardaware/interrupt_manager.c: 10:     INTCONbits.INT0IE = 1;
   991   000AB0  88F2               	bsf	242,4,c	;volatile
   992                           
   993                           ;setting_hardaware/interrupt_manager.c: 11:     INTCON2bits.INTEDG0 = 0;
   994   000AB2  9CF1               	bcf	241,6,c	;volatile
   995                           
   996                           ;setting_hardaware/interrupt_manager.c: 12:     INTCONbits.INT0IF = 0;
   997   000AB4  92F2               	bcf	242,1,c	;volatile
   998                           
   999                           ;setting_hardaware/interrupt_manager.c: 15:     PIR1bits.ADIF = 0;
  1000   000AB6  9C9E               	bcf	158,6,c	;volatile
  1001                           
  1002                           ;setting_hardaware/interrupt_manager.c: 16:     PIE1bits.ADIE = 1;
  1003   000AB8  8C9D               	bsf	157,6,c	;volatile
  1004                           
  1005                           ;setting_hardaware/interrupt_manager.c: 17:     IPR1bits.ADIP = 0;
  1006   000ABA  9C9F               	bcf	159,6,c	;volatile
  1007                           
  1008                           ;setting_hardaware/interrupt_manager.c: 20:     INTCONbits.TMR0IF = 0;
  1009   000ABC  94F2               	bcf	242,2,c	;volatile
  1010                           
  1011                           ;setting_hardaware/interrupt_manager.c: 21:     INTCONbits.TMR0IE = 1;
  1012   000ABE  8AF2               	bsf	242,5,c	;volatile
  1013                           
  1014                           ;setting_hardaware/interrupt_manager.c: 22:     INTCON2bits.TMR0IP = 0;
  1015   000AC0  94F1               	bcf	241,2,c	;volatile
  1016                           
  1017                           ;setting_hardaware/interrupt_manager.c: 25:     PIR1bits.TMR1IF = 0;
  1018   000AC2  909E               	bcf	158,0,c	;volatile
  1019                           
  1020                           ;setting_hardaware/interrupt_manager.c: 26:     PIE1bits.TMR1IE = 1;
  1021   000AC4  809D               	bsf	157,0,c	;volatile
  1022                           
  1023                           ;setting_hardaware/interrupt_manager.c: 27:     IPR1bits.TMR1IP = 0;
  1024   000AC6  909F               	bcf	159,0,c	;volatile
  1025                           
  1026                           ;setting_hardaware/interrupt_manager.c: 30:     PIR1bits.TMR2IF = 0;
  1027   000AC8  929E               	bcf	158,1,c	;volatile
  1028                           
  1029                           ;setting_hardaware/interrupt_manager.c: 31:     PIE1bits.TMR2IE = 1;
  1030   000ACA  829D               	bsf	157,1,c	;volatile
  1031                           
  1032                           ;setting_hardaware/interrupt_manager.c: 32:     IPR1bits.TMR2IP = 0;
  1033   000ACC  929F               	bcf	159,1,c	;volatile
  1034   000ACE  0012               	return		;funcret
  1035   000AD0                     __end_of_INTERRUPT_Initialize:
  1036                           	callstack 0
  1037                           
  1038 ;; *************** function _CCP1_Initialize *****************
  1039 ;; Defined at:
  1040 ;;		line 3 in file "setting_hardaware/ccp1.c"
  1041 ;; Parameters:    Size  Location     Type
  1042 ;;		None
  1043 ;; Auto vars:     Size  Location     Type
  1044 ;;		None
  1045 ;; Return value:  Size  Location     Type
  1046 ;;                  1    wreg      void 
  1047 ;; Registers used:
  1048 ;;		wreg, status,2
  1049 ;; Tracked objects:
  1050 ;;		On entry : 0/0
  1051 ;;		On exit  : 0/0
  1052 ;;		Unchanged: 0/0
  1053 ;; Data sizes:     COMRAM   BANK0   BANK1   BANK2   BANK3   BANK4   BANK5
  1054 ;;      Params:         0       0       0       0       0       0       0
  1055 ;;      Locals:         0       0       0       0       0       0       0
  1056 ;;      Temps:          0       0       0       0       0       0       0
  1057 ;;      Totals:         0       0       0       0       0       0       0
  1058 ;;Total ram usage:        0 bytes
  1059 ;; Hardware stack levels used: 1
  1060 ;; Hardware stack levels required when called: 6
  1061 ;; This function calls:
  1062 ;;		Nothing
  1063 ;; This function is called by:
  1064 ;;		_SYSTEM_Initialize
  1065 ;; This function uses a non-reentrant model
  1066 ;;
  1067                           
  1068                           	psect	text9
  1069   000BA2                     __ptext9:
  1070                           	callstack 0
  1071   000BA2                     _CCP1_Initialize:
  1072                           	callstack 23
  1073   000BA2                     
  1074                           ;setting_hardaware/ccp1.c: 4:     TRISCbits.TRISC2=0;
  1075   000BA2  9494               	bcf	148,2,c	;volatile
  1076   000BA4                     
  1077                           ;setting_hardaware/ccp1.c: 5:     CCP1CON=9;
  1078   000BA4  0E09               	movlw	9
  1079   000BA6  6EBD               	movwf	189,c	;volatile
  1080   000BA8                     
  1081                           ;setting_hardaware/ccp1.c: 6:     PIR1bits.CCP1IF=0;
  1082   000BA8  949E               	bcf	158,2,c	;volatile
  1083   000BAA                     
  1084                           ;setting_hardaware/ccp1.c: 7:     IPR1bits.CCP1IP = 1;
  1085   000BAA  849F               	bsf	159,2,c	;volatile
  1086   000BAC  0012               	return		;funcret
  1087   000BAE                     __end_of_CCP1_Initialize:
  1088                           	callstack 0
  1089                           
  1090 ;; *************** function _ADC_Initialize *****************
  1091 ;; Defined at:
  1092 ;;		line 3 in file "setting_hardaware/adc.c"
  1093 ;; Parameters:    Size  Location     Type
  1094 ;;		None
  1095 ;; Auto vars:     Size  Location     Type
  1096 ;;		None
  1097 ;; Return value:  Size  Location     Type
  1098 ;;                  1    wreg      void 
  1099 ;; Registers used:
  1100 ;;		wreg, status,2
  1101 ;; Tracked objects:
  1102 ;;		On entry : 0/0
  1103 ;;		On exit  : 0/0
  1104 ;;		Unchanged: 0/0
  1105 ;; Data sizes:     COMRAM   BANK0   BANK1   BANK2   BANK3   BANK4   BANK5
  1106 ;;      Params:         0       0       0       0       0       0       0
  1107 ;;      Locals:         0       0       0       0       0       0       0
  1108 ;;      Temps:          0       0       0       0       0       0       0
  1109 ;;      Totals:         0       0       0       0       0       0       0
  1110 ;;Total ram usage:        0 bytes
  1111 ;; Hardware stack levels used: 1
  1112 ;; Hardware stack levels required when called: 6
  1113 ;; This function calls:
  1114 ;;		Nothing
  1115 ;; This function is called by:
  1116 ;;		_SYSTEM_Initialize
  1117 ;; This function uses a non-reentrant model
  1118 ;;
  1119                           
  1120                           	psect	text10
  1121   000AD0                     __ptext10:
  1122                           	callstack 0
  1123   000AD0                     _ADC_Initialize:
  1124                           	callstack 23
  1125   000AD0                     
  1126                           ;setting_hardaware/adc.c: 4:     TRISA = 0xff;
  1127   000AD0  6892               	setf	146,c	;volatile
  1128   000AD2                     
  1129                           ;setting_hardaware/adc.c: 5:     ADCON1 = 0x0e;
  1130   000AD2  0E0E               	movlw	14
  1131   000AD4  6EC1               	movwf	193,c	;volatile
  1132   000AD6                     
  1133                           ;setting_hardaware/adc.c: 7:     ADFM = 1 ;
  1134   000AD6  8EC0               	bsf	4032,7,c	;volatile
  1135                           
  1136                           ;setting_hardaware/adc.c: 8:     ADCON2bits.ADCS = 7;
  1137   000AD8  0E07               	movlw	7
  1138   000ADA  12C0               	iorwf	192,f,c	;volatile
  1139                           
  1140                           ;setting_hardaware/adc.c: 9:     ADRESH=0;
  1141   000ADC  0E00               	movlw	0
  1142   000ADE  6EC4               	movwf	196,c	;volatile
  1143                           
  1144                           ;setting_hardaware/adc.c: 10:     ADRESL=0;
  1145   000AE0  0E00               	movlw	0
  1146   000AE2  6EC3               	movwf	195,c	;volatile
  1147                           
  1148                           ;setting_hardaware/adc.c: 12:     ADCON0 = 0b00000001;
  1149   000AE4  0E01               	movlw	1
  1150   000AE6  6EC2               	movwf	194,c	;volatile
  1151                           
  1152                           ;setting_hardaware/adc.c: 13:     ADCON1 = 0b00001110;
  1153   000AE8  0E0E               	movlw	14
  1154   000AEA  6EC1               	movwf	193,c	;volatile
  1155                           
  1156                           ;setting_hardaware/adc.c: 14:     ADCON2 = 0b10101010;
  1157   000AEC  0EAA               	movlw	170
  1158   000AEE  6EC0               	movwf	192,c	;volatile
  1159   000AF0                     
  1160                           ;setting_hardaware/adc.c: 16:     PIR1bits.ADIF = 0;
  1161   000AF0  9C9E               	bcf	158,6,c	;volatile
  1162   000AF2  0012               	return		;funcret
  1163   000AF4                     __end_of_ADC_Initialize:
  1164                           	callstack 0
  1165                           
  1166 ;; *************** function _Mode2 *****************
  1167 ;; Defined at:
  1168 ;;		line 20 in file "main.c"
  1169 ;; Parameters:    Size  Location     Type
  1170 ;;		None
  1171 ;; Auto vars:     Size  Location     Type
  1172 ;;		None
  1173 ;; Return value:  Size  Location     Type
  1174 ;;                  1    wreg      void 
  1175 ;; Registers used:
  1176 ;;		None
  1177 ;; Tracked objects:
  1178 ;;		On entry : 0/0
  1179 ;;		On exit  : 0/0
  1180 ;;		Unchanged: 0/0
  1181 ;; Data sizes:     COMRAM   BANK0   BANK1   BANK2   BANK3   BANK4   BANK5
  1182 ;;      Params:         0       0       0       0       0       0       0
  1183 ;;      Locals:         0       0       0       0       0       0       0
  1184 ;;      Temps:          0       0       0       0       0       0       0
  1185 ;;      Totals:         0       0       0       0       0       0       0
  1186 ;;Total ram usage:        0 bytes
  1187 ;; Hardware stack levels used: 1
  1188 ;; Hardware stack levels required when called: 6
  1189 ;; This function calls:
  1190 ;;		Nothing
  1191 ;; This function is called by:
  1192 ;;		_main
  1193 ;; This function uses a non-reentrant model
  1194 ;;
  1195                           
  1196                           	psect	text11
  1197   000BBC                     __ptext11:
  1198                           	callstack 0
  1199   000BBC                     _Mode2:
  1200                           	callstack 24
  1201   000BBC  0012               	return		;funcret
  1202   000BBE                     __end_of_Mode2:
  1203                           	callstack 0
  1204                           
  1205 ;; *************** function _Mode1 *****************
  1206 ;; Defined at:
  1207 ;;		line 17 in file "main.c"
  1208 ;; Parameters:    Size  Location     Type
  1209 ;;		None
  1210 ;; Auto vars:     Size  Location     Type
  1211 ;;		None
  1212 ;; Return value:  Size  Location     Type
  1213 ;;                  1    wreg      void 
  1214 ;; Registers used:
  1215 ;;		None
  1216 ;; Tracked objects:
  1217 ;;		On entry : 0/0
  1218 ;;		On exit  : 0/0
  1219 ;;		Unchanged: 0/0
  1220 ;; Data sizes:     COMRAM   BANK0   BANK1   BANK2   BANK3   BANK4   BANK5
  1221 ;;      Params:         0       0       0       0       0       0       0
  1222 ;;      Locals:         0       0       0       0       0       0       0
  1223 ;;      Temps:          0       0       0       0       0       0       0
  1224 ;;      Totals:         0       0       0       0       0       0       0
  1225 ;;Total ram usage:        0 bytes
  1226 ;; Hardware stack levels used: 1
  1227 ;; Hardware stack levels required when called: 6
  1228 ;; This function calls:
  1229 ;;		Nothing
  1230 ;; This function is called by:
  1231 ;;		_main
  1232 ;; This function uses a non-reentrant model
  1233 ;;
  1234                           
  1235                           	psect	text12
  1236   000BBE                     __ptext12:
  1237                           	callstack 0
  1238   000BBE                     _Mode1:
  1239                           	callstack 24
  1240   000BBE  0012               	return		;funcret
  1241   000BC0                     __end_of_Mode1:
  1242                           	callstack 0
  1243                           
  1244 ;; *************** function _GetString *****************
  1245 ;; Defined at:
  1246 ;;		line 122 in file "setting_hardaware/uart.c"
  1247 ;; Parameters:    Size  Location     Type
  1248 ;;		None
  1249 ;; Auto vars:     Size  Location     Type
  1250 ;;		None
  1251 ;; Return value:  Size  Location     Type
  1252 ;;                  1    wreg      PTR unsigned char 
  1253 ;; Registers used:
  1254 ;;		wreg
  1255 ;; Tracked objects:
  1256 ;;		On entry : 0/0
  1257 ;;		On exit  : 0/0
  1258 ;;		Unchanged: 0/0
  1259 ;; Data sizes:     COMRAM   BANK0   BANK1   BANK2   BANK3   BANK4   BANK5
  1260 ;;      Params:         0       2       0       0       0       0       0
  1261 ;;      Locals:         0       0       0       0       0       0       0
  1262 ;;      Temps:          0       0       0       0       0       0       0
  1263 ;;      Totals:         0       2       0       0       0       0       0
  1264 ;;Total ram usage:        2 bytes
  1265 ;; Hardware stack levels used: 1
  1266 ;; Hardware stack levels required when called: 6
  1267 ;; This function calls:
  1268 ;;		Nothing
  1269 ;; This function is called by:
  1270 ;;		_main
  1271 ;; This function uses a non-reentrant model
  1272 ;;
  1273                           
  1274                           	psect	text13
  1275   000BB8                     __ptext13:
  1276                           	callstack 0
  1277   000BB8                     _GetString:
  1278                           	callstack 24
  1279   000BB8                     
  1280                           ;setting_hardaware/uart.c: 123:     return mystring;
  1281   000BB8  0E27               	movlw	_mystring& (0+255)
  1282   000BBA  0012               	return		;funcret
  1283   000BBC                     __end_of_GetString:
  1284                           	callstack 0
  1285                           
  1286 ;; *************** function _ClearBuffer *****************
  1287 ;; Defined at:
  1288 ;;		line 91 in file "setting_hardaware/uart.c"
  1289 ;; Parameters:    Size  Location     Type
  1290 ;;		None
  1291 ;; Auto vars:     Size  Location     Type
  1292 ;;  i               2    9[BANK0 ] int 
  1293 ;; Return value:  Size  Location     Type
  1294 ;;                  1    wreg      void 
  1295 ;; Registers used:
  1296 ;;		wreg, fsr2l, fsr2h, status,2, status,0
  1297 ;; Tracked objects:
  1298 ;;		On entry : 0/0
  1299 ;;		On exit  : 0/0
  1300 ;;		Unchanged: 0/0
  1301 ;; Data sizes:     COMRAM   BANK0   BANK1   BANK2   BANK3   BANK4   BANK5
  1302 ;;      Params:         0       0       0       0       0       0       0
  1303 ;;      Locals:         0       2       0       0       0       0       0
  1304 ;;      Temps:          0       0       0       0       0       0       0
  1305 ;;      Totals:         0       2       0       0       0       0       0
  1306 ;;Total ram usage:        2 bytes
  1307 ;; Hardware stack levels used: 1
  1308 ;; Hardware stack levels required when called: 6
  1309 ;; This function calls:
  1310 ;;		Nothing
  1311 ;; This function is called by:
  1312 ;;		_main
  1313 ;;		_MyusartRead
  1314 ;; This function uses a non-reentrant model
  1315 ;;
  1316                           
  1317                           	psect	text14
  1318   000A0A                     __ptext14:
  1319                           	callstack 0
  1320   000A0A                     _ClearBuffer:
  1321                           	callstack 24
  1322   000A0A                     
  1323                           ;setting_hardaware/uart.c: 92:     for(int i = 0; i < 10 ; i++)
  1324   000A0A  0E00               	movlw	0
  1325   000A0C  0100               	movlb	0	; () banked
  1326   000A0E  6F8A               	movwf	(ClearBuffer@i+1)& (0+255),b
  1327   000A10  0E00               	movlw	0
  1328   000A12  6F89               	movwf	ClearBuffer@i& (0+255),b
  1329   000A14                     l2673:
  1330                           
  1331                           ; BSR set to: 0
  1332                           ;setting_hardaware/uart.c: 93:         mystring[i] = '\0';
  1333   000A14  5189               	movf	ClearBuffer@i& (0+255),w,b
  1334   000A16  0F27               	addlw	low _mystring
  1335   000A18  6ED9               	movwf	fsr2l,c
  1336   000A1A  6ADA               	clrf	fsr2h,c
  1337   000A1C  6ADF               	clrf	indf2,c
  1338   000A1E                     
  1339                           ; BSR set to: 0
  1340   000A1E  4B89               	infsnz	ClearBuffer@i& (0+255),f,b
  1341   000A20  2B8A               	incf	(ClearBuffer@i+1)& (0+255),f,b
  1342   000A22                     
  1343                           ; BSR set to: 0
  1344   000A22  BF8A               	btfsc	(ClearBuffer@i+1)& (0+255),7,b
  1345   000A24  EF1D  F005         	goto	u2401
  1346   000A28  518A               	movf	(ClearBuffer@i+1)& (0+255),w,b
  1347   000A2A  E109               	bnz	u2400
  1348   000A2C  0E0A               	movlw	10
  1349   000A2E  5D89               	subwf	ClearBuffer@i& (0+255),w,b
  1350   000A30  A0D8               	btfss	status,0,c
  1351   000A32  EF1D  F005         	goto	u2401
  1352   000A36  EF1F  F005         	goto	u2400
  1353   000A3A                     u2401:
  1354   000A3A  EF0A  F005         	goto	l2673
  1355   000A3E                     u2400:
  1356   000A3E                     
  1357                           ; BSR set to: 0
  1358                           ;setting_hardaware/uart.c: 94:     lenStr = 0;
  1359   000A3E  0E00               	movlw	0
  1360   000A40  6E12               	movwf	(_lenStr+1)^0,c
  1361   000A42  0E00               	movlw	0
  1362   000A44  6E11               	movwf	_lenStr^0,c
  1363   000A46                     
  1364                           ; BSR set to: 0
  1365   000A46  0012               	return		;funcret
  1366   000A48                     __end_of_ClearBuffer:
  1367                           	callstack 0
  1368                           
  1369 ;; *************** function _Lo_ISR *****************
  1370 ;; Defined at:
  1371 ;;		line 149 in file "setting_hardaware/uart.c"
  1372 ;; Parameters:    Size  Location     Type
  1373 ;;		None
  1374 ;; Auto vars:     Size  Location     Type
  1375 ;;  value           2    7[BANK0 ] int 
  1376 ;; Return value:  Size  Location     Type
  1377 ;;                  1    wreg      void 
  1378 ;; Registers used:
  1379 ;;		wreg, status,2, status,0, cstack
  1380 ;; Tracked objects:
  1381 ;;		On entry : 0/0
  1382 ;;		On exit  : 0/0
  1383 ;;		Unchanged: 0/0
  1384 ;; Data sizes:     COMRAM   BANK0   BANK1   BANK2   BANK3   BANK4   BANK5
  1385 ;;      Params:         0       0       0       0       0       0       0
  1386 ;;      Locals:         0       2       0       0       0       0       0
  1387 ;;      Temps:          0       5       0       0       0       0       0
  1388 ;;      Totals:         0       7       0       0       0       0       0
  1389 ;;Total ram usage:        7 bytes
  1390 ;; Hardware stack levels used: 1
  1391 ;; Hardware stack levels required when called: 5
  1392 ;; This function calls:
  1393 ;;		_abs
  1394 ;; This function is called by:
  1395 ;;		Interrupt level 1
  1396 ;; This function uses a non-reentrant model
  1397 ;;
  1398                           
  1399                           	psect	intcodelo
  1400   000018                     __pintcodelo:
  1401                           	callstack 0
  1402   000018                     _Lo_ISR:
  1403                           	callstack 23
  1404                           
  1405                           ; BSR set to: 0
  1406                           ;incstack = 0
  1407   000018  806B               	bsf	int$flags,0,c	;set compiler interrupt flag (level 1)
  1408   00001A  CFD8 F084          	movff	status,??_Lo_ISR+2
  1409   00001E  CFE8 F085          	movff	wreg,??_Lo_ISR+3
  1410   000022  CFE0 F086          	movff	bsr,??_Lo_ISR+4
  1411   000026                     
  1412                           ;setting_hardaware/uart.c: 168:     if(PIR1bits.ADIF){
  1413   000026  AC9E               	btfss	158,6,c	;volatile
  1414   000028  EF18  F000         	goto	i1u247_21
  1415   00002C  EF1A  F000         	goto	i1u247_20
  1416   000030                     i1u247_21:
  1417   000030  EF44  F000         	goto	i1l206
  1418   000034                     i1u247_20:
  1419   000034                     
  1420                           ;setting_hardaware/uart.c: 169:         int value = ((unsigned int)ADRESH << 8) | ADRESL
      +                          ;
  1421   000034  50C4               	movf	196,w,c	;volatile
  1422   000036  0100               	movlb	0	; () banked
  1423   000038  6F82               	movwf	??_Lo_ISR& (0+255),b
  1424   00003A  50C3               	movf	195,w,c	;volatile
  1425   00003C  6F87               	movwf	Lo_ISR@value& (0+255),b
  1426   00003E  C082  F088         	movff	??_Lo_ISR,Lo_ISR@value+1
  1427   000042                     
  1428                           ; BSR set to: 0
  1429                           ;setting_hardaware/uart.c: 171:         if(abs(lastV - value) > 10){
  1430   000042  5187               	movf	Lo_ISR@value& (0+255),w,b
  1431   000044  5C0D               	subwf	_lastV^0,w,c
  1432   000046  6E69               	movwf	abs@a^0,c
  1433   000048  5188               	movf	(Lo_ISR@value+1)& (0+255),w,b
  1434   00004A  580E               	subwfb	(_lastV+1)^0,w,c
  1435   00004C  6E6A               	movwf	(abs@a+1)^0,c
  1436   00004E  EC24  F005         	call	_abs	;wreg free
  1437   000052  BE6A               	btfsc	(?_abs+1)^0,7,c
  1438   000054  EF35  F000         	goto	i1u248_21
  1439   000058  506A               	movf	(?_abs+1)^0,w,c
  1440   00005A  E109               	bnz	i1u248_20
  1441   00005C  0E0B               	movlw	11
  1442   00005E  5C69               	subwf	?_abs^0,w,c
  1443   000060  A0D8               	btfss	status,0,c
  1444   000062  EF35  F000         	goto	i1u248_21
  1445   000066  EF37  F000         	goto	i1u248_20
  1446   00006A                     i1u248_21:
  1447   00006A  EF43  F000         	goto	i1l2755
  1448   00006E                     i1u248_20:
  1449   00006E                     
  1450                           ;setting_hardaware/uart.c: 172:             value = value % 16;
  1451   00006E  0E0F               	movlw	15
  1452   000070  0100               	movlb	0	; () banked
  1453   000072  1587               	andwf	Lo_ISR@value& (0+255),w,b
  1454   000074  6F87               	movwf	Lo_ISR@value& (0+255),b
  1455   000076  6B88               	clrf	(Lo_ISR@value+1)& (0+255),b
  1456                           
  1457                           ;setting_hardaware/uart.c: 173:             LATD = value << 4;
  1458   000078  3987               	swapf	Lo_ISR@value& (0+255),w,b
  1459   00007A  0BF0               	andlw	240
  1460   00007C  6E8C               	movwf	140,c	;volatile
  1461   00007E                     
  1462                           ; BSR set to: 0
  1463                           ;setting_hardaware/uart.c: 174:             lastV = value;
  1464   00007E  C087  F00D         	movff	Lo_ISR@value,_lastV
  1465   000082  C088  F00E         	movff	Lo_ISR@value+1,_lastV+1
  1466   000086                     i1l2755:
  1467                           
  1468                           ;setting_hardaware/uart.c: 177:         PIR1bits.ADIF = 0;
  1469   000086  9C9E               	bcf	158,6,c	;volatile
  1470   000088                     i1l206:
  1471   000088  C086  FFE0         	movff	??_Lo_ISR+4,bsr
  1472   00008C  C085  FFE8         	movff	??_Lo_ISR+3,wreg
  1473   000090  C084  FFD8         	movff	??_Lo_ISR+2,status
  1474   000094  906B               	bcf	int$flags,0,c	;clear compiler interrupt flag (level 1)
  1475   000096  0010               	retfie	
  1476   000098                     __end_of_Lo_ISR:
  1477                           	callstack 0
  1478                           
  1479 ;; *************** function _abs *****************
  1480 ;; Defined at:
  1481 ;;		line 1 in file "C:\Program Files\Microchip\xc8\v2.46\pic\sources\c99\common\abs.c"
  1482 ;; Parameters:    Size  Location     Type
  1483 ;;  a               2   20[COMRAM] int 
  1484 ;; Auto vars:     Size  Location     Type
  1485 ;;		None
  1486 ;; Return value:  Size  Location     Type
  1487 ;;                  2   20[COMRAM] int 
  1488 ;; Registers used:
  1489 ;;		wreg, status,2, status,0
  1490 ;; Tracked objects:
  1491 ;;		On entry : 0/0
  1492 ;;		On exit  : 0/0
  1493 ;;		Unchanged: 0/0
  1494 ;; Data sizes:     COMRAM   BANK0   BANK1   BANK2   BANK3   BANK4   BANK5
  1495 ;;      Params:         2       0       0       0       0       0       0
  1496 ;;      Locals:         0       0       0       0       0       0       0
  1497 ;;      Temps:          0       2       0       0       0       0       0
  1498 ;;      Totals:         2       2       0       0       0       0       0
  1499 ;;Total ram usage:        4 bytes
  1500 ;; Hardware stack levels used: 1
  1501 ;; Hardware stack levels required when called: 4
  1502 ;; This function calls:
  1503 ;;		Nothing
  1504 ;; This function is called by:
  1505 ;;		_Lo_ISR
  1506 ;; This function uses a non-reentrant model
  1507 ;;
  1508                           
  1509                           	psect	text16
  1510   000A48                     __ptext16:
  1511                           	callstack 0
  1512   000A48                     _abs:
  1513                           	callstack 23
  1514   000A48  BE6A               	btfsc	(abs@a+1)^0,7,c
  1515   000A4A  EF29  F005         	goto	i1u241_21
  1516   000A4E  EF2B  F005         	goto	i1u241_20
  1517   000A52                     i1u241_21:
  1518   000A52  EF31  F005         	goto	i1l942
  1519   000A56                     i1u241_20:
  1520   000A56  C069  F069         	movff	abs@a,?_abs
  1521   000A5A  C06A  F06A         	movff	abs@a+1,?_abs+1
  1522   000A5E  EF3E  F005         	goto	i1l945
  1523   000A62                     i1l942:
  1524   000A62  C069  F080         	movff	abs@a,??_abs
  1525   000A66  C06A  F081         	movff	abs@a+1,??_abs+1
  1526   000A6A  0100               	movlb	0	; () banked
  1527   000A6C  1F80               	comf	??_abs& (0+255),f,b
  1528   000A6E  1F81               	comf	(??_abs+1)& (0+255),f,b
  1529   000A70  4B80               	infsnz	??_abs& (0+255),f,b
  1530   000A72  2B81               	incf	(??_abs+1)& (0+255),f,b
  1531   000A74  C080  F069         	movff	??_abs,?_abs
  1532   000A78  C081  F06A         	movff	??_abs+1,?_abs+1
  1533   000A7C                     i1l945:
  1534   000A7C  0012               	return		;funcret
  1535   000A7E                     __end_of_abs:
  1536                           	callstack 0
  1537                           
  1538 ;; *************** function _Hi_ISR *****************
  1539 ;; Defined at:
  1540 ;;		line 43 in file "main.c"
  1541 ;; Parameters:    Size  Location     Type
  1542 ;;		None
  1543 ;; Auto vars:     Size  Location     Type
  1544 ;;  ledShow         2   18[COMRAM] int 
  1545 ;; Return value:  Size  Location     Type
  1546 ;;                  1    wreg      void 
  1547 ;; Registers used:
  1548 ;;		wreg, status,2, status,0, cstack
  1549 ;; Tracked objects:
  1550 ;;		On entry : 0/0
  1551 ;;		On exit  : 0/0
  1552 ;;		Unchanged: 0/0
  1553 ;; Data sizes:     COMRAM   BANK0   BANK1   BANK2   BANK3   BANK4   BANK5
  1554 ;;      Params:         0       0       0       0       0       0       0
  1555 ;;      Locals:         2       0       0       0       0       0       0
  1556 ;;      Temps:          1       0       0       0       0       0       0
  1557 ;;      Totals:         3       0       0       0       0       0       0
  1558 ;;Total ram usage:        3 bytes
  1559 ;; Hardware stack levels used: 1
  1560 ;; Hardware stack levels required when called: 3
  1561 ;; This function calls:
  1562 ;;		_Update
  1563 ;; This function is called by:
  1564 ;;		Interrupt level 2
  1565 ;; This function uses a non-reentrant model
  1566 ;;
  1567                           
  1568                           	psect	intcode
  1569   000008                     __pintcode:
  1570                           	callstack 0
  1571   000008                     _Hi_ISR:
  1572                           	callstack 23
  1573                           
  1574                           ;incstack = 0
  1575   000008  826B               	bsf	int$flags,1,c	;set compiler interrupt flag (level 2)
  1576   00000A  ED8D  F004         	call	int_func,f	;refresh shadow registers
  1577                           
  1578                           	psect	intcode_body
  1579   00091A                     __pintcode_body:
  1580                           	callstack 23
  1581   00091A                     int_func:
  1582                           	callstack 23
  1583   00091A  0006               	pop		; remove dummy address from shadow register refresh
  1584   00091C                     
  1585                           ;main.c: 46:     if (INTCONbits.INT0IF)
  1586   00091C  A2F2               	btfss	242,1,c	;volatile
  1587   00091E  EF93  F004         	goto	i2u229_41
  1588   000922  EF95  F004         	goto	i2u229_40
  1589   000926                     i2u229_41:
  1590   000926  EFC3  F004         	goto	i2l264
  1591   00092A                     i2u229_40:
  1592   00092A                     
  1593                           ;main.c: 47:     {;main.c: 48:         _delay((unsigned long)((20)*(4000000/4000.0)));
  1594   00092A  0E1A               	movlw	26
  1595   00092C  6E66               	movwf	??_Hi_ISR^0,c
  1596   00092E  0EF8               	movlw	248
  1597   000930                     i2u253_47:
  1598   000930  2EE8               	decfsz	wreg,f,c
  1599   000932  D7FE               	bra	i2u253_47
  1600   000934  2E66               	decfsz	??_Hi_ISR^0,f,c
  1601   000936  D7FC               	bra	i2u253_47
  1602   000938  D000               	nop2	
  1603   00093A                     
  1604                           ;main.c: 49:         count ++;
  1605   00093A  4A0B               	infsnz	_count^0,f,c
  1606   00093C  2A0C               	incf	(_count+1)^0,f,c
  1607                           
  1608                           ;main.c: 50:         if(count > 999) count = 0;
  1609   00093E  BE0C               	btfsc	(_count+1)^0,7,c
  1610   000940  EFAB  F004         	goto	i2u230_41
  1611   000944  0EE8               	movlw	232
  1612   000946  5C0B               	subwf	_count^0,w,c
  1613   000948  0E03               	movlw	3
  1614   00094A  580C               	subwfb	(_count+1)^0,w,c
  1615   00094C  A0D8               	btfss	status,0,c
  1616   00094E  EFAB  F004         	goto	i2u230_41
  1617   000952  EFAD  F004         	goto	i2u230_40
  1618   000956                     i2u230_41:
  1619   000956  EFB1  F004         	goto	i2l2531
  1620   00095A                     i2u230_40:
  1621   00095A  0E00               	movlw	0
  1622   00095C  6E0C               	movwf	(_count+1)^0,c
  1623   00095E  0E00               	movlw	0
  1624   000960  6E0B               	movwf	_count^0,c
  1625   000962                     i2l2531:
  1626                           
  1627                           ;main.c: 51:         Update(count);
  1628   000962  C00B  F063         	movff	_count,Update@num
  1629   000966  C00C  F064         	movff	_count+1,Update@num+1
  1630   00096A  EC10  F003         	call	_Update	;wreg free
  1631   00096E                     
  1632                           ;main.c: 53:         int ledShow = count % 16;
  1633   00096E  0E0F               	movlw	15
  1634   000970  140B               	andwf	_count^0,w,c
  1635   000972  6E67               	movwf	Hi_ISR@ledShow^0,c
  1636   000974  6A68               	clrf	(Hi_ISR@ledShow+1)^0,c
  1637   000976                     
  1638                           ;main.c: 54:         LATD = (ledShow & 0x0F) << 4;
  1639   000976  C067  F066         	movff	Hi_ISR@ledShow,??_Hi_ISR
  1640   00097A  0E0F               	movlw	15
  1641   00097C  1666               	andwf	??_Hi_ISR^0,f,c
  1642   00097E  3866               	swapf	??_Hi_ISR^0,w,c
  1643   000980  0BF0               	andlw	240
  1644   000982  6E8C               	movwf	140,c	;volatile
  1645   000984                     
  1646                           ;main.c: 56:         INTCONbits.INT0IF = 0;
  1647   000984  92F2               	bcf	242,1,c	;volatile
  1648   000986                     i2l264:
  1649   000986  926B               	bcf	int$flags,1,c	;clear compiler interrupt flag (level 2)
  1650   000988  0011               	retfie		f
  1651   00098A                     __end_of_Hi_ISR:
  1652                           	callstack 0
  1653                           
  1654 ;; *************** function _Update *****************
  1655 ;; Defined at:
  1656 ;;		line 70 in file "setting_hardaware/uart.c"
  1657 ;; Parameters:    Size  Location     Type
  1658 ;;  num             2   14[COMRAM] int 
  1659 ;; Auto vars:     Size  Location     Type
  1660 ;;  digit           1   16[COMRAM] unsigned char 
  1661 ;; Return value:  Size  Location     Type
  1662 ;;                  1    wreg      void 
  1663 ;; Registers used:
  1664 ;;		wreg, status,2, status,0, cstack
  1665 ;; Tracked objects:
  1666 ;;		On entry : 0/0
  1667 ;;		On exit  : 0/0
  1668 ;;		Unchanged: 0/0
  1669 ;; Data sizes:     COMRAM   BANK0   BANK1   BANK2   BANK3   BANK4   BANK5
  1670 ;;      Params:         2       0       0       0       0       0       0
  1671 ;;      Locals:         1       0       0       0       0       0       0
  1672 ;;      Temps:          0       0       0       0       0       0       0
  1673 ;;      Totals:         3       0       0       0       0       0       0
  1674 ;;Total ram usage:        3 bytes
  1675 ;; Hardware stack levels used: 1
  1676 ;; Hardware stack levels required when called: 2
  1677 ;; This function calls:
  1678 ;;		_UART_DeleteN
  1679 ;;		___awdiv
  1680 ;;		___awmod
  1681 ;;		i2_UART_Write
  1682 ;; This function is called by:
  1683 ;;		_Hi_ISR
  1684 ;; This function uses a non-reentrant model
  1685 ;;
  1686                           
  1687                           	psect	text18
  1688   000620                     __ptext18:
  1689                           	callstack 0
  1690   000620                     _Update:
  1691                           	callstack 23
  1692   000620                     
  1693                           ;setting_hardaware/uart.c: 71:     UART_DeleteN(4);
  1694   000620  0E00               	movlw	0
  1695   000622  6E57               	movwf	(UART_DeleteN@n+1)^0,c
  1696   000624  0E04               	movlw	4
  1697   000626  6E56               	movwf	UART_DeleteN@n^0,c
  1698   000628  ECC5  F004         	call	_UART_DeleteN	;wreg free
  1699   00062C                     
  1700                           ;setting_hardaware/uart.c: 73:     char digit;;setting_hardaware/uart.c: 74:     if(num 
      +                          > 1000){
  1701   00062C  BE64               	btfsc	(Update@num+1)^0,7,c
  1702   00062E  EF22  F003         	goto	i2u115_41
  1703   000632  0EE9               	movlw	233
  1704   000634  5C63               	subwf	Update@num^0,w,c
  1705   000636  0E03               	movlw	3
  1706   000638  5864               	subwfb	(Update@num+1)^0,w,c
  1707   00063A  A0D8               	btfss	status,0,c
  1708   00063C  EF22  F003         	goto	i2u115_41
  1709   000640  EF24  F003         	goto	i2u115_40
  1710   000644                     i2u115_41:
  1711   000644  EF34  F003         	goto	i2l1983
  1712   000648                     i2u115_40:
  1713   000648                     
  1714                           ;setting_hardaware/uart.c: 75:         digit = '0' + num / 1000;
  1715   000648  C063  F05B         	movff	Update@num,___awdiv@dividend
  1716   00064C  C064  F05C         	movff	Update@num+1,___awdiv@dividend+1
  1717   000650  0E03               	movlw	3
  1718   000652  6E5E               	movwf	(___awdiv@divisor+1)^0,c
  1719   000654  0EE8               	movlw	232
  1720   000656  6E5D               	movwf	___awdiv@divisor^0,c
  1721   000658  EC95  F003         	call	___awdiv	;wreg free
  1722   00065C  505B               	movf	?___awdiv^0,w,c
  1723   00065E  0F30               	addlw	48
  1724   000660  6E65               	movwf	Update@digit^0,c
  1725   000662                     
  1726                           ;setting_hardaware/uart.c: 76:         UART_Write(digit);
  1727   000662  5065               	movf	Update@digit^0,w,c
  1728   000664  ECBD  F005         	call	i2_UART_Write
  1729   000668                     i2l1983:
  1730                           
  1731                           ;setting_hardaware/uart.c: 78:     if(num > 100){
  1732   000668  BE64               	btfsc	(Update@num+1)^0,7,c
  1733   00066A  EF40  F003         	goto	i2u116_41
  1734   00066E  5064               	movf	(Update@num+1)^0,w,c
  1735   000670  E109               	bnz	i2u116_40
  1736   000672  0E65               	movlw	101
  1737   000674  5C63               	subwf	Update@num^0,w,c
  1738   000676  A0D8               	btfss	status,0,c
  1739   000678  EF40  F003         	goto	i2u116_41
  1740   00067C  EF42  F003         	goto	i2u116_40
  1741   000680                     i2u116_41:
  1742   000680  EF5C  F003         	goto	i2l1989
  1743   000684                     i2u116_40:
  1744   000684                     
  1745                           ;setting_hardaware/uart.c: 79:         digit = '0' + (num % 1000) / 100;
  1746   000684  0E03               	movlw	3
  1747   000686  6E58               	movwf	(___awmod@divisor+1)^0,c
  1748   000688  0EE8               	movlw	232
  1749   00068A  6E57               	movwf	___awmod@divisor^0,c
  1750   00068C  C063  F055         	movff	Update@num,___awmod@dividend
  1751   000690  C064  F056         	movff	Update@num+1,___awmod@dividend+1
  1752   000694  ECF7  F003         	call	___awmod	;wreg free
  1753   000698  C055  F05B         	movff	?___awmod,___awdiv@dividend
  1754   00069C  C056  F05C         	movff	?___awmod+1,___awdiv@dividend+1
  1755   0006A0  0E00               	movlw	0
  1756   0006A2  6E5E               	movwf	(___awdiv@divisor+1)^0,c
  1757   0006A4  0E64               	movlw	100
  1758   0006A6  6E5D               	movwf	___awdiv@divisor^0,c
  1759   0006A8  EC95  F003         	call	___awdiv	;wreg free
  1760   0006AC  505B               	movf	?___awdiv^0,w,c
  1761   0006AE  0F30               	addlw	48
  1762   0006B0  6E65               	movwf	Update@digit^0,c
  1763   0006B2                     
  1764                           ;setting_hardaware/uart.c: 80:         UART_Write(digit);
  1765   0006B2  5065               	movf	Update@digit^0,w,c
  1766   0006B4  ECBD  F005         	call	i2_UART_Write
  1767   0006B8                     i2l1989:
  1768                           
  1769                           ;setting_hardaware/uart.c: 82:     if(num > 10){
  1770   0006B8  BE64               	btfsc	(Update@num+1)^0,7,c
  1771   0006BA  EF68  F003         	goto	i2u117_41
  1772   0006BE  5064               	movf	(Update@num+1)^0,w,c
  1773   0006C0  E109               	bnz	i2u117_40
  1774   0006C2  0E0B               	movlw	11
  1775   0006C4  5C63               	subwf	Update@num^0,w,c
  1776   0006C6  A0D8               	btfss	status,0,c
  1777   0006C8  EF68  F003         	goto	i2u117_41
  1778   0006CC  EF6A  F003         	goto	i2u117_40
  1779   0006D0                     i2u117_41:
  1780   0006D0  EF84  F003         	goto	i2l1995
  1781   0006D4                     i2u117_40:
  1782   0006D4                     
  1783                           ;setting_hardaware/uart.c: 83:         digit = '0' + (num % 100) / 10;
  1784   0006D4  0E00               	movlw	0
  1785   0006D6  6E58               	movwf	(___awmod@divisor+1)^0,c
  1786   0006D8  0E64               	movlw	100
  1787   0006DA  6E57               	movwf	___awmod@divisor^0,c
  1788   0006DC  C063  F055         	movff	Update@num,___awmod@dividend
  1789   0006E0  C064  F056         	movff	Update@num+1,___awmod@dividend+1
  1790   0006E4  ECF7  F003         	call	___awmod	;wreg free
  1791   0006E8  C055  F05B         	movff	?___awmod,___awdiv@dividend
  1792   0006EC  C056  F05C         	movff	?___awmod+1,___awdiv@dividend+1
  1793   0006F0  0E00               	movlw	0
  1794   0006F2  6E5E               	movwf	(___awdiv@divisor+1)^0,c
  1795   0006F4  0E0A               	movlw	10
  1796   0006F6  6E5D               	movwf	___awdiv@divisor^0,c
  1797   0006F8  EC95  F003         	call	___awdiv	;wreg free
  1798   0006FC  505B               	movf	?___awdiv^0,w,c
  1799   0006FE  0F30               	addlw	48
  1800   000700  6E65               	movwf	Update@digit^0,c
  1801   000702                     
  1802                           ;setting_hardaware/uart.c: 84:         UART_Write(digit);
  1803   000702  5065               	movf	Update@digit^0,w,c
  1804   000704  ECBD  F005         	call	i2_UART_Write
  1805   000708                     i2l1995:
  1806                           
  1807                           ;setting_hardaware/uart.c: 87:     digit = '0' + (num % 10);
  1808   000708  C063  F055         	movff	Update@num,___awmod@dividend
  1809   00070C  C064  F056         	movff	Update@num+1,___awmod@dividend+1
  1810   000710  0E00               	movlw	0
  1811   000712  6E58               	movwf	(___awmod@divisor+1)^0,c
  1812   000714  0E0A               	movlw	10
  1813   000716  6E57               	movwf	___awmod@divisor^0,c
  1814   000718  ECF7  F003         	call	___awmod	;wreg free
  1815   00071C  5055               	movf	?___awmod^0,w,c
  1816   00071E  0F30               	addlw	48
  1817   000720  6E65               	movwf	Update@digit^0,c
  1818                           
  1819                           ;setting_hardaware/uart.c: 88:     UART_Write(digit);
  1820   000722  5065               	movf	Update@digit^0,w,c
  1821   000724  ECBD  F005         	call	i2_UART_Write
  1822   000728  0012               	return		;funcret
  1823   00072A                     __end_of_Update:
  1824                           	callstack 0
  1825                           
  1826 ;; *************** function ___awmod *****************
  1827 ;; Defined at:
  1828 ;;		line 7 in file "C:\Program Files\Microchip\xc8\v2.46\pic\sources\c99\common\awmod.c"
  1829 ;; Parameters:    Size  Location     Type
  1830 ;;  dividend        2    0[COMRAM] int 
  1831 ;;  divisor         2    2[COMRAM] int 
  1832 ;; Auto vars:     Size  Location     Type
  1833 ;;  sign            1    5[COMRAM] unsigned char 
  1834 ;;  counter         1    4[COMRAM] unsigned char 
  1835 ;; Return value:  Size  Location     Type
  1836 ;;                  2    0[COMRAM] int 
  1837 ;; Registers used:
  1838 ;;		wreg, status,2, status,0
  1839 ;; Tracked objects:
  1840 ;;		On entry : 0/0
  1841 ;;		On exit  : 0/0
  1842 ;;		Unchanged: 0/0
  1843 ;; Data sizes:     COMRAM   BANK0   BANK1   BANK2   BANK3   BANK4   BANK5
  1844 ;;      Params:         4       0       0       0       0       0       0
  1845 ;;      Locals:         2       0       0       0       0       0       0
  1846 ;;      Temps:          0       0       0       0       0       0       0
  1847 ;;      Totals:         6       0       0       0       0       0       0
  1848 ;;Total ram usage:        6 bytes
  1849 ;; Hardware stack levels used: 1
  1850 ;; This function calls:
  1851 ;;		Nothing
  1852 ;; This function is called by:
  1853 ;;		_Update
  1854 ;;		_putch
  1855 ;; This function uses a non-reentrant model
  1856 ;;
  1857                           
  1858                           	psect	text19
  1859   0007EE                     __ptext19:
  1860                           	callstack 0
  1861   0007EE                     ___awmod:
  1862                           	callstack 24
  1863   0007EE  0E00               	movlw	0
  1864   0007F0  6E5A               	movwf	___awmod@sign^0,c
  1865   0007F2  BE56               	btfsc	(___awmod@dividend+1)^0,7,c
  1866   0007F4  EF00  F004         	goto	i2u88_40
  1867   0007F8  EFFE  F003         	goto	i2u88_41
  1868   0007FC                     i2u88_41:
  1869   0007FC  EF06  F004         	goto	i2l1843
  1870   000800                     i2u88_40:
  1871   000800  6C55               	negf	___awmod@dividend^0,c
  1872   000802  1E56               	comf	(___awmod@dividend+1)^0,f,c
  1873   000804  B0D8               	btfsc	status,0,c
  1874   000806  2A56               	incf	(___awmod@dividend+1)^0,f,c
  1875   000808  0E01               	movlw	1
  1876   00080A  6E5A               	movwf	___awmod@sign^0,c
  1877   00080C                     i2l1843:
  1878   00080C  BE58               	btfsc	(___awmod@divisor+1)^0,7,c
  1879   00080E  EF0D  F004         	goto	i2u89_40
  1880   000812  EF0B  F004         	goto	i2u89_41
  1881   000816                     i2u89_41:
  1882   000816  EF11  F004         	goto	i2l1847
  1883   00081A                     i2u89_40:
  1884   00081A  6C57               	negf	___awmod@divisor^0,c
  1885   00081C  1E58               	comf	(___awmod@divisor+1)^0,f,c
  1886   00081E  B0D8               	btfsc	status,0,c
  1887   000820  2A58               	incf	(___awmod@divisor+1)^0,f,c
  1888   000822                     i2l1847:
  1889   000822  5057               	movf	___awmod@divisor^0,w,c
  1890   000824  1058               	iorwf	(___awmod@divisor+1)^0,w,c
  1891   000826  B4D8               	btfsc	status,2,c
  1892   000828  EF18  F004         	goto	i2u90_41
  1893   00082C  EF1A  F004         	goto	i2u90_40
  1894   000830                     i2u90_41:
  1895   000830  EF3E  F004         	goto	i2l1863
  1896   000834                     i2u90_40:
  1897   000834  0E01               	movlw	1
  1898   000836  6E59               	movwf	___awmod@counter^0,c
  1899   000838  EF22  F004         	goto	i2l1853
  1900   00083C                     i2l1851:
  1901   00083C  90D8               	bcf	status,0,c
  1902   00083E  3657               	rlcf	___awmod@divisor^0,f,c
  1903   000840  3658               	rlcf	(___awmod@divisor+1)^0,f,c
  1904   000842  2A59               	incf	___awmod@counter^0,f,c
  1905   000844                     i2l1853:
  1906   000844  AE58               	btfss	(___awmod@divisor+1)^0,7,c
  1907   000846  EF27  F004         	goto	i2u91_41
  1908   00084A  EF29  F004         	goto	i2u91_40
  1909   00084E                     i2u91_41:
  1910   00084E  EF1E  F004         	goto	i2l1851
  1911   000852                     i2u91_40:
  1912   000852                     i2l1855:
  1913   000852  5057               	movf	___awmod@divisor^0,w,c
  1914   000854  5C55               	subwf	___awmod@dividend^0,w,c
  1915   000856  5058               	movf	(___awmod@divisor+1)^0,w,c
  1916   000858  5856               	subwfb	(___awmod@dividend+1)^0,w,c
  1917   00085A  A0D8               	btfss	status,0,c
  1918   00085C  EF32  F004         	goto	i2u92_41
  1919   000860  EF34  F004         	goto	i2u92_40
  1920   000864                     i2u92_41:
  1921   000864  EF38  F004         	goto	i2l1859
  1922   000868                     i2u92_40:
  1923   000868  5057               	movf	___awmod@divisor^0,w,c
  1924   00086A  5E55               	subwf	___awmod@dividend^0,f,c
  1925   00086C  5058               	movf	(___awmod@divisor+1)^0,w,c
  1926   00086E  5A56               	subwfb	(___awmod@dividend+1)^0,f,c
  1927   000870                     i2l1859:
  1928   000870  90D8               	bcf	status,0,c
  1929   000872  3258               	rrcf	(___awmod@divisor+1)^0,f,c
  1930   000874  3257               	rrcf	___awmod@divisor^0,f,c
  1931   000876  2E59               	decfsz	___awmod@counter^0,f,c
  1932   000878  EF29  F004         	goto	i2l1855
  1933   00087C                     i2l1863:
  1934   00087C  505A               	movf	___awmod@sign^0,w,c
  1935   00087E  B4D8               	btfsc	status,2,c
  1936   000880  EF44  F004         	goto	i2u93_41
  1937   000884  EF46  F004         	goto	i2u93_40
  1938   000888                     i2u93_41:
  1939   000888  EF4A  F004         	goto	i2l1867
  1940   00088C                     i2u93_40:
  1941   00088C  6C55               	negf	___awmod@dividend^0,c
  1942   00088E  1E56               	comf	(___awmod@dividend+1)^0,f,c
  1943   000890  B0D8               	btfsc	status,0,c
  1944   000892  2A56               	incf	(___awmod@dividend+1)^0,f,c
  1945   000894                     i2l1867:
  1946   000894  C055  F055         	movff	___awmod@dividend,?___awmod
  1947   000898  C056  F056         	movff	___awmod@dividend+1,?___awmod+1
  1948   00089C  0012               	return		;funcret
  1949   00089E                     __end_of___awmod:
  1950                           	callstack 0
  1951                           
  1952 ;; *************** function ___awdiv *****************
  1953 ;; Defined at:
  1954 ;;		line 7 in file "C:\Program Files\Microchip\xc8\v2.46\pic\sources\c99\common\awdiv.c"
  1955 ;; Parameters:    Size  Location     Type
  1956 ;;  dividend        2    6[COMRAM] int 
  1957 ;;  divisor         2    8[COMRAM] int 
  1958 ;; Auto vars:     Size  Location     Type
  1959 ;;  quotient        2   12[COMRAM] int 
  1960 ;;  sign            1   11[COMRAM] unsigned char 
  1961 ;;  counter         1   10[COMRAM] unsigned char 
  1962 ;; Return value:  Size  Location     Type
  1963 ;;                  2    6[COMRAM] int 
  1964 ;; Registers used:
  1965 ;;		wreg, status,2, status,0
  1966 ;; Tracked objects:
  1967 ;;		On entry : 0/0
  1968 ;;		On exit  : 0/0
  1969 ;;		Unchanged: 0/0
  1970 ;; Data sizes:     COMRAM   BANK0   BANK1   BANK2   BANK3   BANK4   BANK5
  1971 ;;      Params:         4       0       0       0       0       0       0
  1972 ;;      Locals:         4       0       0       0       0       0       0
  1973 ;;      Temps:          0       0       0       0       0       0       0
  1974 ;;      Totals:         8       0       0       0       0       0       0
  1975 ;;Total ram usage:        8 bytes
  1976 ;; Hardware stack levels used: 1
  1977 ;; This function calls:
  1978 ;;		Nothing
  1979 ;; This function is called by:
  1980 ;;		_Update
  1981 ;;		_putch
  1982 ;; This function uses a non-reentrant model
  1983 ;;
  1984                           
  1985                           	psect	text20
  1986   00072A                     __ptext20:
  1987                           	callstack 0
  1988   00072A                     ___awdiv:
  1989                           	callstack 24
  1990   00072A  0E00               	movlw	0
  1991   00072C  6E60               	movwf	___awdiv@sign^0,c
  1992   00072E  BE5E               	btfsc	(___awdiv@divisor+1)^0,7,c
  1993   000730  EF9E  F003         	goto	i2u82_40
  1994   000734  EF9C  F003         	goto	i2u82_41
  1995   000738                     i2u82_41:
  1996   000738  EFA4  F003         	goto	i2l1799
  1997   00073C                     i2u82_40:
  1998   00073C  6C5D               	negf	___awdiv@divisor^0,c
  1999   00073E  1E5E               	comf	(___awdiv@divisor+1)^0,f,c
  2000   000740  B0D8               	btfsc	status,0,c
  2001   000742  2A5E               	incf	(___awdiv@divisor+1)^0,f,c
  2002   000744  0E01               	movlw	1
  2003   000746  6E60               	movwf	___awdiv@sign^0,c
  2004   000748                     i2l1799:
  2005   000748  BE5C               	btfsc	(___awdiv@dividend+1)^0,7,c
  2006   00074A  EFAB  F003         	goto	i2u83_40
  2007   00074E  EFA9  F003         	goto	i2u83_41
  2008   000752                     i2u83_41:
  2009   000752  EFB1  F003         	goto	i2l1805
  2010   000756                     i2u83_40:
  2011   000756  6C5B               	negf	___awdiv@dividend^0,c
  2012   000758  1E5C               	comf	(___awdiv@dividend+1)^0,f,c
  2013   00075A  B0D8               	btfsc	status,0,c
  2014   00075C  2A5C               	incf	(___awdiv@dividend+1)^0,f,c
  2015   00075E  0E01               	movlw	1
  2016   000760  1A60               	xorwf	___awdiv@sign^0,f,c
  2017   000762                     i2l1805:
  2018   000762  0E00               	movlw	0
  2019   000764  6E62               	movwf	(___awdiv@quotient+1)^0,c
  2020   000766  0E00               	movlw	0
  2021   000768  6E61               	movwf	___awdiv@quotient^0,c
  2022   00076A  505D               	movf	___awdiv@divisor^0,w,c
  2023   00076C  105E               	iorwf	(___awdiv@divisor+1)^0,w,c
  2024   00076E  B4D8               	btfsc	status,2,c
  2025   000770  EFBC  F003         	goto	i2u84_41
  2026   000774  EFBE  F003         	goto	i2u84_40
  2027   000778                     i2u84_41:
  2028   000778  EFE6  F003         	goto	i2l1827
  2029   00077C                     i2u84_40:
  2030   00077C  0E01               	movlw	1
  2031   00077E  6E5F               	movwf	___awdiv@counter^0,c
  2032   000780  EFC6  F003         	goto	i2l1813
  2033   000784                     i2l1811:
  2034   000784  90D8               	bcf	status,0,c
  2035   000786  365D               	rlcf	___awdiv@divisor^0,f,c
  2036   000788  365E               	rlcf	(___awdiv@divisor+1)^0,f,c
  2037   00078A  2A5F               	incf	___awdiv@counter^0,f,c
  2038   00078C                     i2l1813:
  2039   00078C  AE5E               	btfss	(___awdiv@divisor+1)^0,7,c
  2040   00078E  EFCB  F003         	goto	i2u85_41
  2041   000792  EFCD  F003         	goto	i2u85_40
  2042   000796                     i2u85_41:
  2043   000796  EFC2  F003         	goto	i2l1811
  2044   00079A                     i2u85_40:
  2045   00079A                     i2l1815:
  2046   00079A  90D8               	bcf	status,0,c
  2047   00079C  3661               	rlcf	___awdiv@quotient^0,f,c
  2048   00079E  3662               	rlcf	(___awdiv@quotient+1)^0,f,c
  2049   0007A0  505D               	movf	___awdiv@divisor^0,w,c
  2050   0007A2  5C5B               	subwf	___awdiv@dividend^0,w,c
  2051   0007A4  505E               	movf	(___awdiv@divisor+1)^0,w,c
  2052   0007A6  585C               	subwfb	(___awdiv@dividend+1)^0,w,c
  2053   0007A8  A0D8               	btfss	status,0,c
  2054   0007AA  EFD9  F003         	goto	i2u86_41
  2055   0007AE  EFDB  F003         	goto	i2u86_40
  2056   0007B2                     i2u86_41:
  2057   0007B2  EFE0  F003         	goto	i2l1823
  2058   0007B6                     i2u86_40:
  2059   0007B6  505D               	movf	___awdiv@divisor^0,w,c
  2060   0007B8  5E5B               	subwf	___awdiv@dividend^0,f,c
  2061   0007BA  505E               	movf	(___awdiv@divisor+1)^0,w,c
  2062   0007BC  5A5C               	subwfb	(___awdiv@dividend+1)^0,f,c
  2063   0007BE  8061               	bsf	___awdiv@quotient^0,0,c
  2064   0007C0                     i2l1823:
  2065   0007C0  90D8               	bcf	status,0,c
  2066   0007C2  325E               	rrcf	(___awdiv@divisor+1)^0,f,c
  2067   0007C4  325D               	rrcf	___awdiv@divisor^0,f,c
  2068   0007C6  2E5F               	decfsz	___awdiv@counter^0,f,c
  2069   0007C8  EFCD  F003         	goto	i2l1815
  2070   0007CC                     i2l1827:
  2071   0007CC  5060               	movf	___awdiv@sign^0,w,c
  2072   0007CE  B4D8               	btfsc	status,2,c
  2073   0007D0  EFEC  F003         	goto	i2u87_41
  2074   0007D4  EFEE  F003         	goto	i2u87_40
  2075   0007D8                     i2u87_41:
  2076   0007D8  EFF2  F003         	goto	i2l1831
  2077   0007DC                     i2u87_40:
  2078   0007DC  6C61               	negf	___awdiv@quotient^0,c
  2079   0007DE  1E62               	comf	(___awdiv@quotient+1)^0,f,c
  2080   0007E0  B0D8               	btfsc	status,0,c
  2081   0007E2  2A62               	incf	(___awdiv@quotient+1)^0,f,c
  2082   0007E4                     i2l1831:
  2083   0007E4  C061  F05B         	movff	___awdiv@quotient,?___awdiv
  2084   0007E8  C062  F05C         	movff	___awdiv@quotient+1,?___awdiv+1
  2085   0007EC  0012               	return		;funcret
  2086   0007EE                     __end_of___awdiv:
  2087                           	callstack 0
  2088                           
  2089 ;; *************** function _UART_DeleteN *****************
  2090 ;; Defined at:
  2091 ;;		line 55 in file "setting_hardaware/uart.c"
  2092 ;; Parameters:    Size  Location     Type
  2093 ;;  n               2    1[COMRAM] int 
  2094 ;; Auto vars:     Size  Location     Type
  2095 ;;  i               2    4[COMRAM] int 
  2096 ;; Return value:  Size  Location     Type
  2097 ;;                  1    wreg      void 
  2098 ;; Registers used:
  2099 ;;		wreg, status,2, status,0, cstack
  2100 ;; Tracked objects:
  2101 ;;		On entry : 0/0
  2102 ;;		On exit  : 0/0
  2103 ;;		Unchanged: 0/0
  2104 ;; Data sizes:     COMRAM   BANK0   BANK1   BANK2   BANK3   BANK4   BANK5
  2105 ;;      Params:         2       0       0       0       0       0       0
  2106 ;;      Locals:         2       0       0       0       0       0       0
  2107 ;;      Temps:          1       0       0       0       0       0       0
  2108 ;;      Totals:         5       0       0       0       0       0       0
  2109 ;;Total ram usage:        5 bytes
  2110 ;; Hardware stack levels used: 1
  2111 ;; Hardware stack levels required when called: 1
  2112 ;; This function calls:
  2113 ;;		i2_UART_Write
  2114 ;; This function is called by:
  2115 ;;		_Update
  2116 ;;		_putch
  2117 ;; This function uses a non-reentrant model
  2118 ;;
  2119                           
  2120                           	psect	text21
  2121   00098A                     __ptext21:
  2122                           	callstack 0
  2123   00098A                     _UART_DeleteN:
  2124                           	callstack 23
  2125   00098A                     
  2126                           ;setting_hardaware/uart.c: 55: void UART_DeleteN(int n);setting_hardaware/uart.c: 56: {;
      +                          setting_hardaware/uart.c: 57:     for(int i = 0; i < n; i++)
  2127   00098A  0E00               	movlw	0
  2128   00098C  6E5A               	movwf	(UART_DeleteN@i+1)^0,c
  2129   00098E  0E00               	movlw	0
  2130   000990  6E59               	movwf	UART_DeleteN@i^0,c
  2131   000992  EFD6  F004         	goto	i2l1505
  2132   000996                     i2l1501:
  2133                           
  2134                           ;setting_hardaware/uart.c: 58:     {;setting_hardaware/uart.c: 59:         UART_Write('\
      +                          b');
  2135   000996  0E08               	movlw	8
  2136   000998  ECBD  F005         	call	i2_UART_Write
  2137                           
  2138                           ;setting_hardaware/uart.c: 60:         UART_Write(' ');
  2139   00099C  0E20               	movlw	32
  2140   00099E  ECBD  F005         	call	i2_UART_Write
  2141                           
  2142                           ;setting_hardaware/uart.c: 61:         UART_Write('\b');
  2143   0009A2  0E08               	movlw	8
  2144   0009A4  ECBD  F005         	call	i2_UART_Write
  2145   0009A8                     
  2146                           ;setting_hardaware/uart.c: 62:     }
  2147   0009A8  4A59               	infsnz	UART_DeleteN@i^0,f,c
  2148   0009AA  2A5A               	incf	(UART_DeleteN@i+1)^0,f,c
  2149   0009AC                     i2l1505:
  2150   0009AC  5056               	movf	UART_DeleteN@n^0,w,c
  2151   0009AE  5C59               	subwf	UART_DeleteN@i^0,w,c
  2152   0009B0  505A               	movf	(UART_DeleteN@i+1)^0,w,c
  2153   0009B2  0A80               	xorlw	128
  2154   0009B4  6E58               	movwf	??_UART_DeleteN^0,c
  2155   0009B6  5057               	movf	(UART_DeleteN@n+1)^0,w,c
  2156   0009B8  0A80               	xorlw	128
  2157   0009BA  5858               	subwfb	??_UART_DeleteN^0,w,c
  2158   0009BC  A0D8               	btfss	status,0,c
  2159   0009BE  EFE3  F004         	goto	i2u37_41
  2160   0009C2  EFE5  F004         	goto	i2u37_40
  2161   0009C6                     i2u37_41:
  2162   0009C6  EFCB  F004         	goto	i2l1501
  2163   0009CA                     i2u37_40:
  2164   0009CA  0012               	return		;funcret
  2165   0009CC                     __end_of_UART_DeleteN:
  2166                           	callstack 0
  2167                           
  2168 ;; *************** function i2_UART_Write *****************
  2169 ;; Defined at:
  2170 ;;		line 49 in file "setting_hardaware/uart.c"
  2171 ;; Parameters:    Size  Location     Type
  2172 ;;  data            1    wreg     unsigned char 
  2173 ;; Auto vars:     Size  Location     Type
  2174 ;;  data            1    0[COMRAM] unsigned char 
  2175 ;; Return value:  Size  Location     Type
  2176 ;;                  1    wreg      void 
  2177 ;; Registers used:
  2178 ;;		wreg
  2179 ;; Tracked objects:
  2180 ;;		On entry : 0/0
  2181 ;;		On exit  : 0/0
  2182 ;;		Unchanged: 0/0
  2183 ;; Data sizes:     COMRAM   BANK0   BANK1   BANK2   BANK3   BANK4   BANK5
  2184 ;;      Params:         0       0       0       0       0       0       0
  2185 ;;      Locals:         1       0       0       0       0       0       0
  2186 ;;      Temps:          0       0       0       0       0       0       0
  2187 ;;      Totals:         1       0       0       0       0       0       0
  2188 ;;Total ram usage:        1 bytes
  2189 ;; Hardware stack levels used: 1
  2190 ;; This function calls:
  2191 ;;		Nothing
  2192 ;; This function is called by:
  2193 ;;		_UART_DeleteN
  2194 ;;		_Update
  2195 ;; This function uses a non-reentrant model
  2196 ;;
  2197                           
  2198                           	psect	text22
  2199   000B7A                     __ptext22:
  2200                           	callstack 0
  2201   000B7A                     i2_UART_Write:
  2202                           	callstack 24
  2203                           
  2204                           ;incstack = 0
  2205                           ;i2UART_Write@data stored from wreg
  2206   000B7A  6E55               	movwf	i2UART_Write@data^0,c
  2207   000B7C                     i2l160:
  2208   000B7C  A2AC               	btfss	172,1,c	;volatile
  2209   000B7E  EFC3  F005         	goto	i2u36_41
  2210   000B82  EFC5  F005         	goto	i2u36_40
  2211   000B86                     i2u36_41:
  2212   000B86  EFBE  F005         	goto	i2l160
  2213   000B8A                     i2u36_40:
  2214   000B8A                     
  2215                           ;setting_hardaware/uart.c: 52:     TXREG = data;
  2216   000B8A  C055  FFAD         	movff	i2UART_Write@data,4013	;volatile
  2217   000B8E  0012               	return		;funcret
  2218   000B90                     __end_ofi2_UART_Write:
  2219                           	callstack 0
  2220                           
  2221                           	psect	rparam
  2222   000000                     
  2223                           	psect	temp
  2224   00006B                     btemp:
  2225                           	callstack 0
  2226   00006B                     	ds	1
  2227   000000                     int$flags	set	btemp
  2228   000000                     wtemp8	set	btemp+1
  2229   000000                     ttemp5	set	btemp+1
  2230   000000                     ttemp6	set	btemp+4
  2231   000000                     ttemp7	set	btemp+8
  2232                           
  2233                           	psect	idloc
  2234                           
  2235                           ;Config register IDLOC0 @ 0x200000
  2236                           ;	unspecified, using default values
  2237   200000                     	org	2097152
  2238   200000  FF                 	db	255
  2239                           
  2240                           ;Config register IDLOC1 @ 0x200001
  2241                           ;	unspecified, using default values
  2242   200001                     	org	2097153
  2243   200001  FF                 	db	255
  2244                           
  2245                           ;Config register IDLOC2 @ 0x200002
  2246                           ;	unspecified, using default values
  2247   200002                     	org	2097154
  2248   200002  FF                 	db	255
  2249                           
  2250                           ;Config register IDLOC3 @ 0x200003
  2251                           ;	unspecified, using default values
  2252   200003                     	org	2097155
  2253   200003  FF                 	db	255
  2254                           
  2255                           ;Config register IDLOC4 @ 0x200004
  2256                           ;	unspecified, using default values
  2257   200004                     	org	2097156
  2258   200004  FF                 	db	255
  2259                           
  2260                           ;Config register IDLOC5 @ 0x200005
  2261                           ;	unspecified, using default values
  2262   200005                     	org	2097157
  2263   200005  FF                 	db	255
  2264                           
  2265                           ;Config register IDLOC6 @ 0x200006
  2266                           ;	unspecified, using default values
  2267   200006                     	org	2097158
  2268   200006  FF                 	db	255
  2269                           
  2270                           ;Config register IDLOC7 @ 0x200007
  2271                           ;	unspecified, using default values
  2272   200007                     	org	2097159
  2273   200007  FF                 	db	255
  2274                           
  2275                           	psect	config
  2276                           
  2277                           ; Padding undefined space
  2278   300000                     	org	3145728
  2279   300000  FF                 	db	255
  2280                           
  2281                           ;Config register CONFIG1H @ 0x300001
  2282                           ;	Oscillator Selection bits
  2283                           ;	OSC = INTIO67, Internal oscillator block, port function on RA6 and RA7
  2284                           ;	Fail-Safe Clock Monitor Enable bit
  2285                           ;	FCMEN = OFF, Fail-Safe Clock Monitor disabled
  2286                           ;	Internal/External Oscillator Switchover bit
  2287                           ;	IESO = ON, Oscillator Switchover mode enabled
  2288   300001                     	org	3145729
  2289   300001  88                 	db	136
  2290                           
  2291                           ;Config register CONFIG2L @ 0x300002
  2292                           ;	Power-up Timer Enable bit
  2293                           ;	PWRT = OFF, PWRT disabled
  2294                           ;	Brown-out Reset Enable bits
  2295                           ;	BOREN = SBORDIS, Brown-out Reset enabled in hardware only (SBOREN is disabled)
  2296                           ;	Brown Out Reset Voltage bits
  2297                           ;	BORV = 3, Minimum setting
  2298   300002                     	org	3145730
  2299   300002  1F                 	db	31
  2300                           
  2301                           ;Config register CONFIG2H @ 0x300003
  2302                           ;	Watchdog Timer Enable bit
  2303                           ;	WDT = OFF, WDT disabled (control is placed on the SWDTEN bit)
  2304                           ;	Watchdog Timer Postscale Select bits
  2305                           ;	WDTPS = 1, 1:1
  2306   300003                     	org	3145731
  2307   300003  00                 	db	0
  2308                           
  2309                           ; Padding undefined space
  2310   300004                     	org	3145732
  2311   300004  FF                 	db	255
  2312                           
  2313                           ;Config register CONFIG3H @ 0x300005
  2314                           ;	CCP2 MUX bit
  2315                           ;	CCP2MX = PORTC, CCP2 input/output is multiplexed with RC1
  2316                           ;	PORTB A/D Enable bit
  2317                           ;	PBADEN = OFF, PORTB<4:0> pins are configured as digital I/O on Reset
  2318                           ;	Low-Power Timer1 Oscillator Enable bit
  2319                           ;	LPT1OSC = OFF, Timer1 configured for higher power operation
  2320                           ;	MCLR Pin Enable bit
  2321                           ;	MCLRE = ON, MCLR pin enabled; RE3 input pin disabled
  2322   300005                     	org	3145733
  2323   300005  81                 	db	129
  2324                           
  2325                           ;Config register CONFIG4L @ 0x300006
  2326                           ;	Stack Full/Underflow Reset Enable bit
  2327                           ;	STVREN = ON, Stack full/underflow will cause Reset
  2328                           ;	Single-Supply ICSP Enable bit
  2329                           ;	LVP = OFF, Single-Supply ICSP disabled
  2330                           ;	Extended Instruction Set Enable bit
  2331                           ;	XINST = OFF, Instruction set extension and Indexed Addressing mode disabled (Legacy mo
      +                          de)
  2332                           ;	Background Debugger Enable bit
  2333                           ;	DEBUG = 0x1, unprogrammed default
  2334   300006                     	org	3145734
  2335   300006  81                 	db	129
  2336                           
  2337                           ; Padding undefined space
  2338   300007                     	org	3145735
  2339   300007  FF                 	db	255
  2340                           
  2341                           ;Config register CONFIG5L @ 0x300008
  2342                           ;	Code Protection bit
  2343                           ;	CP0 = OFF, Block 0 (000800-001FFFh) not code-protected
  2344                           ;	Code Protection bit
  2345                           ;	CP1 = OFF, Block 1 (002000-003FFFh) not code-protected
  2346                           ;	Code Protection bit
  2347                           ;	CP2 = OFF, Block 2 (004000-005FFFh) not code-protected
  2348                           ;	Code Protection bit
  2349                           ;	CP3 = OFF, Block 3 (006000-007FFFh) not code-protected
  2350   300008                     	org	3145736
  2351   300008  0F                 	db	15
  2352                           
  2353                           ;Config register CONFIG5H @ 0x300009
  2354                           ;	Boot Block Code Protection bit
  2355                           ;	CPB = OFF, Boot block (000000-0007FFh) not code-protected
  2356                           ;	Data EEPROM Code Protection bit
  2357                           ;	CPD = OFF, Data EEPROM not code-protected
  2358   300009                     	org	3145737
  2359   300009  C0                 	db	192
  2360                           
  2361                           ;Config register CONFIG6L @ 0x30000A
  2362                           ;	Write Protection bit
  2363                           ;	WRT0 = OFF, Block 0 (000800-001FFFh) not write-protected
  2364                           ;	Write Protection bit
  2365                           ;	WRT1 = OFF, Block 1 (002000-003FFFh) not write-protected
  2366                           ;	Write Protection bit
  2367                           ;	WRT2 = OFF, Block 2 (004000-005FFFh) not write-protected
  2368                           ;	Write Protection bit
  2369                           ;	WRT3 = OFF, Block 3 (006000-007FFFh) not write-protected
  2370   30000A                     	org	3145738
  2371   30000A  0F                 	db	15
  2372                           
  2373                           ;Config register CONFIG6H @ 0x30000B
  2374                           ;	Configuration Register Write Protection bit
  2375                           ;	WRTC = OFF, Configuration registers (300000-3000FFh) not write-protected
  2376                           ;	Boot Block Write Protection bit
  2377                           ;	WRTB = OFF, Boot block (000000-0007FFh) not write-protected
  2378                           ;	Data EEPROM Write Protection bit
  2379                           ;	WRTD = OFF, Data EEPROM not write-protected
  2380   30000B                     	org	3145739
  2381   30000B  E0                 	db	224
  2382                           
  2383                           ;Config register CONFIG7L @ 0x30000C
  2384                           ;	Table Read Protection bit
  2385                           ;	EBTR0 = OFF, Block 0 (000800-001FFFh) not protected from table reads executed in other
      +                           blocks
  2386                           ;	Table Read Protection bit
  2387                           ;	EBTR1 = OFF, Block 1 (002000-003FFFh) not protected from table reads executed in other
      +                           blocks
  2388                           ;	Table Read Protection bit
  2389                           ;	EBTR2 = OFF, Block 2 (004000-005FFFh) not protected from table reads executed in other
      +                           blocks
  2390                           ;	Table Read Protection bit
  2391                           ;	EBTR3 = OFF, Block 3 (006000-007FFFh) not protected from table reads executed in other
      +                           blocks
  2392   30000C                     	org	3145740
  2393   30000C  0F                 	db	15
  2394                           
  2395                           ;Config register CONFIG7H @ 0x30000D
  2396                           ;	Boot Block Table Read Protection bit
  2397                           ;	EBTRB = OFF, Boot block (000000-0007FFh) not protected from table reads executed in ot
      +                          her blocks
  2398   30000D                     	org	3145741
  2399   30000D  40                 	db	64
  2400                           tosu	equ	0xFFF
  2401                           tosh	equ	0xFFE
  2402                           tosl	equ	0xFFD
  2403                           stkptr	equ	0xFFC
  2404                           pclatu	equ	0xFFB
  2405                           pclath	equ	0xFFA
  2406                           pcl	equ	0xFF9
  2407                           tblptru	equ	0xFF8
  2408                           tblptrh	equ	0xFF7
  2409                           tblptrl	equ	0xFF6
  2410                           tablat	equ	0xFF5
  2411                           prodh	equ	0xFF4
  2412                           prodl	equ	0xFF3
  2413                           indf0	equ	0xFEF
  2414                           postinc0	equ	0xFEE
  2415                           postdec0	equ	0xFED
  2416                           preinc0	equ	0xFEC
  2417                           plusw0	equ	0xFEB
  2418                           fsr0h	equ	0xFEA
  2419                           fsr0l	equ	0xFE9
  2420                           wreg	equ	0xFE8
  2421                           indf1	equ	0xFE7
  2422                           postinc1	equ	0xFE6
  2423                           postdec1	equ	0xFE5
  2424                           preinc1	equ	0xFE4
  2425                           plusw1	equ	0xFE3
  2426                           fsr1h	equ	0xFE2
  2427                           fsr1l	equ	0xFE1
  2428                           bsr	equ	0xFE0
  2429                           indf2	equ	0xFDF
  2430                           postinc2	equ	0xFDE
  2431                           postdec2	equ	0xFDD
  2432                           preinc2	equ	0xFDC
  2433                           plusw2	equ	0xFDB
  2434                           fsr2h	equ	0xFDA
  2435                           fsr2l	equ	0xFD9
  2436                           status	equ	0xFD8

Data Sizes:
    Strings     30
    Constant    0
    Data        26
    BSS         58
    Persistent  0
    Stack       0

Auto Spaces:
    Space          Size  Autos    Used
    COMRAM          126     22     106
    BANK0           128     14      14
    BANK1           256      0       0
    BANK2           256      0       0
    BANK3           256      0       0
    BANK4           256      0       0
    BANK5           256      0       0

Pointer List with Targets:

    sp__GetString	PTR unsigned char  size(1) Largest target is 20
		 -> mystring(COMRAM[20]), 

    sp__strcpy	PTR unsigned char  size(1) Largest target is 20
		 -> str(COMRAM[20]), 

    strcpy@d	PTR unsigned char  size(1) Largest target is 20
		 -> str(COMRAM[20]), 

    strcpy@dest	PTR unsigned char  size(1) Largest target is 20
		 -> str(COMRAM[20]), 

    strcpy@src	PTR const unsigned char  size(1) Largest target is 20
		 -> mystring(COMRAM[20]), 


Critical Paths under _main in COMRAM

    None.

Critical Paths under _Lo_ISR in COMRAM

    _Lo_ISR->_abs

Critical Paths under _Hi_ISR in COMRAM

    _Hi_ISR->_Update
    _Update->___awdiv
    ___awdiv->___awmod
    _UART_DeleteN->i2_UART_Write

Critical Paths under _main in BANK0

    _main->_strcpy
    _strcpy->_GetString

Critical Paths under _Lo_ISR in BANK0

    _Lo_ISR->_abs

Critical Paths under _Hi_ISR in BANK0

    None.

Critical Paths under _main in BANK1

    None.

Critical Paths under _Lo_ISR in BANK1

    None.

Critical Paths under _Hi_ISR in BANK1

    None.

Critical Paths under _main in BANK2

    None.

Critical Paths under _Lo_ISR in BANK2

    None.

Critical Paths under _Hi_ISR in BANK2

    None.

Critical Paths under _main in BANK3

    None.

Critical Paths under _Lo_ISR in BANK3

    None.

Critical Paths under _Hi_ISR in BANK3

    None.

Critical Paths under _main in BANK4

    None.

Critical Paths under _Lo_ISR in BANK4

    None.

Critical Paths under _Hi_ISR in BANK4

    None.

Critical Paths under _main in BANK5

    None.

Critical Paths under _Lo_ISR in BANK5

    None.

Critical Paths under _Hi_ISR in BANK5

    None.

Call Graph Tables:

 ---------------------------------------------------------------------------------
 (Depth) Function   	        Calls       Base Space   Used Autos Params    Refs
 ---------------------------------------------------------------------------------
 (0) _main                                                 0     0      0     413
                        _ClearBuffer
                          _GetString
                              _Mode1
                              _Mode2
                  _SYSTEM_Initialize
                         _UART_Write
                             _strcpy
 ---------------------------------------------------------------------------------
 (1) _strcpy                                               3     1      2     283
                                             11 BANK0      3     1      2
                          _GetString (ARG)
 ---------------------------------------------------------------------------------
 (1) _UART_Write                                           1     1      0      31
                                              9 BANK0      1     1      0
 ---------------------------------------------------------------------------------
 (1) _SYSTEM_Initialize                                    0     0      0       0
                     _ADC_Initialize
                    _CCP1_Initialize
               _INTERRUPT_Initialize
              _OSCILLATOR_Initialize
             _PIN_MANAGER_Initialize
                    _TMR2_Initialize
                    _UART_Initialize
 ---------------------------------------------------------------------------------
 (2) _UART_Initialize                                      0     0      0       0
 ---------------------------------------------------------------------------------
 (2) _TMR2_Initialize                                      0     0      0       0
 ---------------------------------------------------------------------------------
 (2) _PIN_MANAGER_Initialize                               0     0      0       0
 ---------------------------------------------------------------------------------
 (2) _OSCILLATOR_Initialize                                0     0      0       0
 ---------------------------------------------------------------------------------
 (2) _INTERRUPT_Initialize                                 0     0      0       0
 ---------------------------------------------------------------------------------
 (2) _CCP1_Initialize                                      0     0      0       0
 ---------------------------------------------------------------------------------
 (2) _ADC_Initialize                                       0     0      0       0
 ---------------------------------------------------------------------------------
 (1) _Mode2                                                0     0      0       0
 ---------------------------------------------------------------------------------
 (1) _Mode1                                                0     0      0       0
 ---------------------------------------------------------------------------------
 (1) _GetString                                            2     0      2       0
                                              9 BANK0      2     0      2
 ---------------------------------------------------------------------------------
 (1) _ClearBuffer                                          2     2      0      99
                                              9 BANK0      2     2      0
 ---------------------------------------------------------------------------------
 Estimated maximum stack depth 2
 ---------------------------------------------------------------------------------
 (Depth) Function   	        Calls       Base Space   Used Autos Params    Refs
 ---------------------------------------------------------------------------------
 (3) _Lo_ISR                                               7     7      0     313
                                              2 BANK0      7     7      0
                                _abs
 ---------------------------------------------------------------------------------
 (4) _abs                                                  4     2      2     183
                                             20 COMRAM     2     0      2
                                              0 BANK0      2     2      0
 ---------------------------------------------------------------------------------
 Estimated maximum stack depth 4
 ---------------------------------------------------------------------------------
 (Depth) Function   	        Calls       Base Space   Used Autos Params    Refs
 ---------------------------------------------------------------------------------
 (5) _Hi_ISR                                               3     3      0    2703
                                             17 COMRAM     3     3      0
                             _Update
 ---------------------------------------------------------------------------------
 (6) _Update                                               3     1      2    2680
                                             14 COMRAM     3     1      2
                       _UART_DeleteN
                            ___awdiv
                            ___awmod
                       i2_UART_Write
 ---------------------------------------------------------------------------------
 (7) ___awmod                                              6     2      4    1056
                                              0 COMRAM     6     2      4
 ---------------------------------------------------------------------------------
 (7) ___awdiv                                              8     4      4    1060
                                              6 COMRAM     8     4      4
                            ___awmod (ARG)
 ---------------------------------------------------------------------------------
 (7) _UART_DeleteN                                         5     3      2     220
                                              1 COMRAM     5     3      2
                       i2_UART_Write
 ---------------------------------------------------------------------------------
 (7) i2_UART_Write                                         1     1      0      22
                                              0 COMRAM     1     1      0
 ---------------------------------------------------------------------------------
 Estimated maximum stack depth 7
 ---------------------------------------------------------------------------------

 Call Graph Graphs:

 _main (ROOT)
   _ClearBuffer
   _GetString
   _Mode1
   _Mode2
   _SYSTEM_Initialize
     _ADC_Initialize
     _CCP1_Initialize
     _INTERRUPT_Initialize
     _OSCILLATOR_Initialize
     _PIN_MANAGER_Initialize
     _TMR2_Initialize
     _UART_Initialize
   _UART_Write
   _strcpy
     _GetString (ARG)

 _Lo_ISR (ROOT)
   _abs

 _Hi_ISR (ROOT)
   _Update
     _UART_DeleteN
       i2_UART_Write
     ___awdiv
       ___awmod (ARG)
     ___awmod
     i2_UART_Write

 Address spaces:
Name               Size   Autos  Total    Cost      Usage
BIGRAM             5FF      0       0      32        0.0%
EEDATA             100      0       0       0        0.0%
BITBANK5           100      0       0      14        0.0%
BANK5              100      0       0      15        0.0%
BITBANK4           100      0       0      12        0.0%
BANK4              100      0       0      13        0.0%
BITBANK3           100      0       0      10        0.0%
BANK3              100      0       0      11        0.0%
BITBANK2           100      0       0       8        0.0%
BANK2              100      0       0       9        0.0%
BITBANK1           100      0       0       6        0.0%
BANK1              100      0       0       7        0.0%
BITBANK0            80      0       0       4        0.0%
BANK0               80      E       E       5       10.9%
BITCOMRAM           7E      0       0       0        0.0%
COMRAM              7E     16      6A       1       84.1%
BITBIGSFRhhhhlh     19      0       0      17        0.0%
BITBIGSFRhhhhh       D      0       0      16        0.0%
BITBIGSFRll          C      0       0      30        0.0%
BITBIGSFRhlhlll      B      0       0      26        0.0%
BITBIGSFRhlhllh      8      0       0      25        0.0%
BITBIGSFRhllh        7      0       0      27        0.0%
BITBIGSFRlh          5      0       0      29        0.0%
BITBIGSFRhhhlll      5      0       0      21        0.0%
BITBIGSFRhhhhll      2      0       0      19        0.0%
BITBIGSFRhlhlh       2      0       0      23        0.0%
BITBIGSFRhlhh        2      0       0      22        0.0%
BITBIGSFRhlhllh      1      0       0      24        0.0%
BITBIGSFRhhhllh      1      0       0      20        0.0%
BITBIGSFRhhhhlh      1      0       0      18        0.0%
BITBIGSFRhlll        1      0       0      28        0.0%
BIGSFR               0      0       0     200        0.0%
BITSFR               0      0       0     200        0.0%
SFR                  0      0       0     200        0.0%
STACK                0      0       0       2        0.0%
NULL                 0      0       0       0        0.0%
ABS                  0      0      78      31        0.0%
DATA                 0      0      78       3        0.0%
CODE                 0      0       0       0        0.0%


Microchip Technology PIC18 Macro Assembler V2.46 build 20240104201356 
Symbol Table                                                                                   Sun Nov 30 14:04:03 2025

                             _f 0053                              l23 0AF2                              l42 0BAC  
                            l60 0ACE                              l99 0BA0                    ___awdiv@sign 0060  
                            bsr 0FE0         __end_of_CCP1_Initialize 0BAE                             l102 0BB6  
                           l111 0B60                             l114 0B10                             l160 0B66  
                           l243 0BBE                             l163 0B78                             l157 0B2C  
                           l246 0BBC                             l186 0A46                             l194 0BBA  
                           l951 0AA8                             _PR2 0FCB                             _abs 0A48  
                           _str 0013                    ___awmod@sign 005A                 _TMR2_Initialize 0B48  
                           wreg 0FE8                            ?_abs 0069                            l2601 0BA8  
                          l2603 0BAA                            l2611 0B48                            l2605 0AAA  
                          l2621 0B58                            l2613 0B4C                            l2607 0B90  
                          l2623 0B5A                            l2615 0B4E                            l2631 0B1C  
                          l2609 0BAE                            l2625 0B5C                            l2617 0B50  
                          l2641 0B28                            l2633 0B20                            l2627 0B5E  
                          l2619 0B52                            l2643 0B2A                            l2635 0B22  
                          l2651 0B08                            l2637 0B24                            l2629 0B12  
                          l2653 0B0C                            l2645 0AF4                            l2591 0AD2  
                          l2639 0B26                            l2647 0B00                            l2655 0B66  
                          l2673 0A14                            l2681 0BB8                            l2593 0AD6  
                          l2649 0B04                            l2657 0B74                            l2761 08A2  
                          l2675 0A1E                            l2667 0A0A                            l2691 0BBC  
                          l2595 0AF0                            l2771 08E2                            l2763 08A8  
                          l2677 0A22                            l2589 0AD0                            l2597 0BA2  
                          l2693 0A7E                            l2773 08EA                            l2765 08BA  
                          l2679 0A3E                            l2599 0BA4                            l2695 0A82  
                          l2775 08FC                            l2767 08CC                            l2759 089E  
                          l2689 0BBE                            l2777 090E                            l2769 08DE  
                          _ADFM 7E07                            STR_1 060A                            STR_2 0601  
                          STR_3 0617                            STR_6 061B                            STR_7 0613  
                          u2400 0A3E                            _LATD 0F8C                            u2401 0A3A  
                          u2420 0AA8                            u2500 08DE                            u2421 0AA4  
                          u2501 08DA                            u2510 08FC                            u2511 08F8  
                          u2520 090E                            u2521 090A                            u2380 0B74  
                          u2381 0B70                            u2490 08CC                            u2491 08C8  
                          abs@a 0069                            _main 089E                            _tick 000F  
                          fsr1h 0FE2                            fsr2h 0FDA                            indf1 0FE7  
                          indf2 0FDF                            fsr1l 0FE1                            fsr2l 0FD9  
                          btemp 006B                            start 0098                    ___param_bank 0000  
                         ??_abs 0080                ?_UART_Initialize 0055   __end_of_OSCILLATOR_Initialize 0BA2  
                         ?_main 0055                 __end_of___awdiv 07EE                 __end_of___awmod 089E  
               ___awdiv@divisor 005D                           i1l206 0088                           i2l160 0B7C  
                         i2l163 0B8E                           i2l181 0728                           i2l511 089C  
                         i2l264 0986                           i2l169 09CA                           i1l942 0A62  
                         i1l945 0A7C                           i2l498 07EC                 ___awdiv@counter 005F  
                         _RCREG 0FAE                           _TMR0H 0FD7                           _TMR1H 0FCF  
                         _TMR0L 0FD6                           _TMR1L 0FCE                           _SPBRG 0FAF  
                         _TRISA 0F92                           _TRISD 0F95                           _TXREG 0FAD  
                         _Mode1 0BBE                           _Mode2 0BBC                     ?_UART_Write 0055  
                         _count 000B                           _lastV 000D                           _errno 0001  
                         _range 003B                     _ClearBuffer 0A0A                           tablat 0FF5  
                         ttemp5 006C                           ttemp6 006F                           ttemp7 0073  
                         status 0FD8                           wtemp8 006C                 __initialization 09CC  
                  __end_of_main 091A         __end_of_TMR2_Initialize 0B62                          ??_main 008E  
              ?_CCP1_Initialize 0055                   __activetblptr 0001                          ?_Mode1 0055  
                        ?_Mode2 0055                          _ADCON0 0FC2                          _ADCON1 0FC1  
                        _ADCON2 0FC0                          _ADRESH 0FC4                          _ADRESL 0FC3  
              ___awdiv@dividend 005B                          i1l2751 006E                          i1l2753 007E  
                        i1l2745 0026                          i1l2755 0086                          i1l2747 0034  
                        i2l1501 0996                          i1l2685 0A48                          i1l2749 0042  
                        i2l1503 09A8                          i1l2687 0A56                          i2l1505 09AC  
                        i2l1801 0756                          i2l1811 0784                          i2l1803 075E  
                        i2l2531 0962                          i2l2523 091C                          i2l1821 07BE  
                        i2l1813 078C                          i2l1805 0762                          i2l2533 096E  
                        i2l2525 092A                          i2l1495 0B7C                          i2l1831 07E4  
                        i2l1823 07C0                          i2l1815 079A                          i2l1807 076A  
                        i2l2535 0976                          i2l2527 093A                          i2l1497 0B8A  
                        i2l1825 07C6                          i2l1817 07A0                          i2l1809 077C  
                        i2l1841 0808                          i2l2537 0984                          i2l2529 095A  
                        i2l1499 098A                          i2l1819 07B6                          i2l1827 07CC  
                        i2l1851 083C                          i2l1843 080C                          i2l1835 07EE  
                        i2l1829 07DC                          i2l1861 0876                          i2l1853 0844  
                        i2l1845 081A                          i2l1837 07F2                          i2l1791 072A  
                        i2l1855 0852                          i2l1863 087C                          i2l1847 0822  
                        i2l1839 0800                          i2l1793 072E                          i2l1865 088C  
                        i2l1857 0868                          i2l1849 0834                          i2l1795 073C  
                        i2l1867 0894                          i2l1859 0870                          i2l1797 0744  
                        i2l1981 0662                          i2l1799 0748                          i2l1991 06D4  
                        i2l1983 0668                          i2l1975 0620                          i2l1993 0702  
                        i2l1985 0684                          i2l1977 062C                          i2l1995 0708  
                        i2l1987 06B2                          i2l1979 0648                          i2l1989 06B8  
                        _Hi_ISR 0008                          _Lo_ISR 0018                          _Update 0620  
                     ??___awdiv 005F                       ??___awmod 0059                          _lenStr 0011  
                        clear_0 09F2                ___awdiv@quotient 0061                 ___awmod@divisor 0057  
                        isa$std 0001                 ___awmod@counter 0059                          _strcpy 0A7E  
                  __pdataCOMRAM 003B                    __mediumconst 0000                          tblptrh 0FF7  
                        tblptrl 0FF6                          tblptru 0FF8               _SYSTEM_Initialize 0AF4  
                    __accesstop 0080         __end_of__initialization 09F8              ?_SYSTEM_Initialize 0055  
                 ___rparam_used 0001               __end_of_GetString 0BBC                   __end_of_Mode1 0BC0  
                 __end_of_Mode2 0BBE                  __pcstackCOMRAM 0055             ??_SYSTEM_Initialize 0089  
              ?_TMR2_Initialize 0055                         ??_Mode1 0089                         ??_Mode2 0089  
                 ?i2_UART_Write 0055       __end_of_SYSTEM_Initialize 0B12                         ?_Hi_ISR 0055  
              i2UART_Write@data 0055                         ?_Lo_ISR 0055                         ?_Update 0063  
                       _CCP1CON 0FBD                         _CCP2CON 0FBA                         ?_strcpy 008B  
                ??i2_UART_Write 0055                    ??_UART_Write 0089                         i2u36_40 0B8A  
                       i2u36_41 0B86                         i2u37_40 09CA                         i2u37_41 09C6  
                       i2u82_40 073C                         i2u90_40 0834                         i2u82_41 0738  
                       i2u90_41 0830                         i2u83_40 0756                         i2u91_40 0852  
                       i2u83_41 0752                         i2u91_41 084E                         i2u84_40 077C  
                       i2u92_40 0868                         i2u84_41 0778                         i2u92_41 0864  
                       i2u85_40 079A                         i2u93_40 088C                         i2u85_41 0796  
                       i2u93_41 0888                         i2u86_40 07B6                         i2u86_41 07B2  
                       i2u87_40 07DC                         i2u87_41 07D8                         i2u88_40 0800  
                       i2u88_41 07FC                         i2u89_40 081A                         i2u89_41 0816  
                 ?_UART_DeleteN 0056                    ?_ClearBuffer 0055                         __Hparam 0000  
                       __Lparam 0000                         ___awdiv 072A                         ___awmod 07EE  
            __end_of_UART_Write 0B7A                    __psmallconst 0600                         __pcinit 09CC  
                       __ramtop 0600                         __ptext0 089E                         __ptext1 0A7E  
                       __ptext2 0B62                         __ptext3 0AF4                         __ptext4 0B12  
                       __ptext5 0B48                         __ptext6 0BAE                         __ptext7 0B90  
                       __ptext8 0AAA                         __ptext9 0BA2                       _T0CONbits 0FD5  
                     _T1CONbits 0FCD           _OSCILLATOR_Initialize 0B90                       _T2CONbits 0FCA  
              ___awmod@dividend 0055        ??_PIN_MANAGER_Initialize 0089                  ??_UART_DeleteN 0058  
                __pintcode_body 091A            end_of_initialization 09F8                         int_func 091A  
                     _RCSTAbits 0FAB                     Update@digit 0065                         postdec1 0FE5  
                       postinc0 0FEE                         strcpy@d 008D                  UART_Write@data 0089  
                     _TRISCbits 0F94                       _TXSTAbits 0FAC                  __end_of_Hi_ISR 098A  
                __end_of_Lo_ISR 0098            __end_ofi2_UART_Write 0B90                    _lastAdcIndex 0007  
  __end_of_INTERRUPT_Initialize 0AD0                  __end_of_Update 072A                       _GetString 0BB8  
                   _BAUDCONbits 0FB8                   __pidataCOMRAM 0B2E                  _ADC_Initialize 0AD0  
        ?_OSCILLATOR_Initialize 0055                  __end_of_strcpy 0AAA             start_initialization 09CC  
                   __end_of_abs 0A7E                    ClearBuffer@i 0089               ??_UART_Initialize 0089  
                      ??_Hi_ISR 0066                        ??_Lo_ISR 0082                        ??_Update 0065  
          __end_of_UART_DeleteN 09CC          __end_of_ADC_Initialize 0AF4                      ?_GetString 0089  
                     Update@num 0063                        ??_strcpy 008D                     __pbssCOMRAM 0001  
                 __pcstackBANK0 0080                   UART_DeleteN@i 0059                   UART_DeleteN@n 0056  
             ??_CCP1_Initialize 0089          _PIN_MANAGER_Initialize 0BAE                       __pintcode 0008  
                      ?___awdiv 005B                        ?___awmod 0055                 ?_ADC_Initialize 0055  
                   __pintcodelo 0018                     __smallconst 0600            _INTERRUPT_Initialize 0AAA  
                 Hi_ISR@ledShow 0067                        _IPR1bits 0F9F                        _PIE1bits 0F9D  
                      i1u241_20 0A56                        i1u241_21 0A52                        i1u247_20 0034  
                      i1u247_21 0030                        i1u248_20 006E                        i1u248_21 006A  
                      i2u115_40 0648                        i2u115_41 0644                        i2u116_40 0684  
                      i2u116_41 0680                        i2u117_40 06D4                        i2u117_41 06D0  
                      i2u230_40 095A                        i2u230_41 0956                        i2u229_40 092A  
                      i2u229_41 0926                        i2u253_47 0930                        _PIR1bits 0F9E  
                      _RCONbits 0FD0                     ??_GetString 008B                      _ADCON0bits 0FC2  
                    _ADCON2bits 0FC0                    i2_UART_Write 0B7A                     _INTCON2bits 0FF1  
                     copy_data0 09E0           ?_INTERRUPT_Initialize 0055               ??_TMR2_Initialize 0089  
                      __Hrparam 0000                        __Lrparam 0000                    __Lsmallconst 0600  
       ??_OSCILLATOR_Initialize 0089                        _adcIndex 0009                        _adcValue 0005  
               _UART_Initialize 0B12                        __ptext10 0AD0                        __ptext11 0BBC  
                      __ptext20 072A                        __ptext12 0BBE                        __ptext21 098A  
                      __ptext13 0BB8                        __ptext22 0B7A                        __ptext14 0A0A  
                      __ptext16 0A48                        __ptext18 0620                        __ptext19 07EE  
                  _UART_DeleteN 098A                      strcpy@dest 008B                        isa$xinst 0000  
                      int$flags 006B                        _mystring 0027                      _INTCONbits 0FF2  
               _CCP1_Initialize 0BA2          ??_INTERRUPT_Initialize 0089                   ??_ClearBuffer 0089  
                      intlevel1 0000                        intlevel2 0000                   _laastAdcValue 0003  
                   Lo_ISR@value 0087         ?_PIN_MANAGER_Initialize 0055                       strcpy@src 008C  
              ??_ADC_Initialize 0089                      _OSCCONbits 0FD3         __end_of_UART_Initialize 0B2E  
                    _UART_Write 0B62  __end_of_PIN_MANAGER_Initialize 0BB8             __end_of_ClearBuffer 0A48  
