

Microchip MPLAB XC8 Assembler V2.46 build 20240104201356 
                                                                                               Sun Nov 30 14:39:35 2025

Microchip MPLAB XC8 C Compiler v2.46 (Free license) build 20240104201356 Og1 
     1                           	processor	18F4520
     2                           	fnconf	rparam,??,?,0
     3                           	pagewidth 120
     4                           	opt	flic
     5                           	psect	idataCOMRAM,global,class=CODE,delta=1,noexec
     6                           	psect	smallconst,global,reloc=2,class=SMALLCONST,delta=1,noexec
     7                           	psect	cinit,global,reloc=2,class=CODE,delta=1
     8                           	psect	bssCOMRAM,global,class=COMRAM,space=1,delta=1,lowdata,noexec
     9                           	psect	dataCOMRAM,global,class=COMRAM,space=1,delta=1,lowdata,noexec
    10                           	psect	cstackBANK0,global,class=BANK0,space=1,delta=1,lowdata,noexec
    11                           	psect	cstackCOMRAM,global,class=COMRAM,space=1,delta=1,lowdata,noexec
    12                           	psect	text0,global,reloc=2,class=CODE,delta=1
    13                           	psect	text1,global,reloc=2,class=CODE,delta=1,group=2
    14                           	psect	text2,global,reloc=2,class=CODE,delta=1
    15                           	psect	text3,global,reloc=2,class=CODE,delta=1
    16                           	psect	text4,global,reloc=2,class=CODE,delta=1
    17                           	psect	text5,global,reloc=2,class=CODE,delta=1
    18                           	psect	text6,global,reloc=2,class=CODE,delta=1
    19                           	psect	text7,global,reloc=2,class=CODE,delta=1
    20                           	psect	text8,global,reloc=2,class=CODE,delta=1
    21                           	psect	text9,global,reloc=2,class=CODE,delta=1
    22                           	psect	text10,global,reloc=2,class=CODE,delta=1
    23                           	psect	text11,global,reloc=2,class=CODE,delta=1
    24                           	psect	text12,global,reloc=2,class=CODE,delta=1
    25                           	psect	text13,global,reloc=2,class=CODE,delta=1
    26                           	psect	text14,global,reloc=2,class=CODE,delta=1
    27                           	psect	intcodelo,global,reloc=2,class=CODE,delta=1
    28                           	psect	text16,global,reloc=2,class=CODE,delta=1,group=2
    29                           	psect	intcode,global,reloc=2,class=CODE,delta=1
    30                           	psect	intcode_body,global,reloc=2,class=CODE,delta=1
    31                           	psect	text18,global,reloc=2,class=CODE,delta=1
    32                           	psect	text19,global,reloc=2,class=CODE,delta=1,group=1
    33                           	psect	text20,global,reloc=2,class=CODE,delta=1,group=1
    34                           	psect	text21,global,reloc=2,class=CODE,delta=1
    35                           	psect	text22,global,reloc=2,class=CODE,delta=1
    36                           	psect	intsave_regs,global,class=BIGRAM,space=1,delta=1,noexec
    37                           	psect	rparam,global,class=COMRAM,space=1,delta=1,noexec
    38                           	psect	temp,global,ovrld,common,class=COMRAM,space=1,delta=1,lowdata
    39                           	psect	idloc,global,abs,ovrld,class=IDLOC,space=5,delta=1,noexec
    40                           	psect	config,global,abs,ovrld,class=CONFIG,space=4,delta=1,noexec
    41   000000                     
    42                           ; Generated 05/01/2024 GMT
    43                           ; 
    44                           ; Copyright © 2024, Microchip Technology Inc. and its subsidiaries ("Microchip")
    45                           ; All rights reserved.
    46                           ; 
    47                           ; This software is developed by Microchip Technology Inc. and its subsidiaries ("Microch
      +                          ip").
    48                           ; 
    49                           ; Redistribution and use in source and binary forms, with or without modification, are
    50                           ; permitted provided that the following conditions are met:
    51                           ; 
    52                           ;     1. Redistributions of source code must retain the above copyright notice, this lis
      +                          t of
    53                           ;        conditions and the following disclaimer.
    54                           ; 
    55                           ;     2. Redistributions in binary form must reproduce the above copyright notice, this 
      +                          list
    56                           ;        of conditions and the following disclaimer in the documentation and/or other
    57                           ;        materials provided with the distribution. Publication is not required when
    58                           ;        this file is used in an embedded application.
    59                           ; 
    60                           ;     3. Microchip's name may not be used to endorse or promote products derived from th
      +                          is
    61                           ;        software without specific prior written permission.
    62                           ; 
    63                           ; THIS SOFTWARE IS PROVIDED BY MICROCHIP "AS IS" AND ANY EXPRESS OR IMPLIED WARRANTIES,
    64                           ; INCLUDING, BUT NOT LIMITED TO, THE IMPLIED WARRANTIES OF MERCHANTABILITY AND FITNESS F
      +                          OR
    65                           ; PURPOSE ARE DISCLAIMED.  IN NO EVENT SHALL MICROCHIP BE LIABLE FOR ANY DIRECT, INDIREC
      +                          T,
    66                           ; INCIDENTAL, SPECIAL, EXEMPLARY, OR CONSEQUENTIAL DAMAGES (INCLUDING BUT NOT LIMITED TO
    67                           ; PROCUREMENT OF SUBSTITUTE GOODS OR SERVICES; LOSS OF USE, DATA OR PROFITS; OR BUSINESS
    68                           ; INTERRUPTION) HOWSOEVER CAUSED AND ON ANY THEORY OF LIABILITY, WHETHER IN CONTRACT, ST
      +                          RICT
    69                           ; LIABILITY, OR TORT (INCLUDING NEGLIGENCE OR OTHERWISE) ARISING IN ANY WAY OUT OF THE U
      +                          SE OF
    70                           ; THIS SOFTWARE, EVEN IF ADVISED OF THE POSSIBILITY OF SUCH DAMAGE.
    71                           ; 
    72                           ; 
    73                           ; Code-generator required, PIC18F4520 Definitions
    74                           ; 
    75                           ; SFR Addresses
    76   000000                     
    77                           	psect	idataCOMRAM
    78   000B30                     __pidataCOMRAM:
    79                           	callstack 0
    80                           
    81                           ;initializer for _range
    82   000B30  0004               	dw	4
    83   000B32  0005               	dw	5
    84   000B34  0006               	dw	6
    85   000B36  0007               	dw	7
    86   000B38  0008               	dw	8
    87   000B3A  0009               	dw	9
    88   000B3C  000A               	dw	10
    89   000B3E  000B               	dw	11
    90   000B40  000C               	dw	12
    91   000B42  000D               	dw	13
    92   000B44  000E               	dw	14
    93   000B46  000F               	dw	15
    94                           
    95                           ;initializer for _f
    96   000B48  03E8               	dw	1000
    97   000000                     _RCREG	set	4014
    98   000000                     _TXREG	set	4013
    99   000000                     _SPBRG	set	4015
   100   000000                     _BAUDCONbits	set	4024
   101   000000                     _TMR1L	set	4046
   102   000000                     _TMR1H	set	4047
   103   000000                     _TMR0L	set	4054
   104   000000                     _TMR0H	set	4055
   105   000000                     _T0CONbits	set	4053
   106   000000                     _PIE1bits	set	3997
   107   000000                     _PIR1bits	set	3998
   108   000000                     _ADCON0	set	4034
   109   000000                     _ADRESL	set	4035
   110   000000                     _ADRESH	set	4036
   111   000000                     _ADCON1	set	4033
   112   000000                     _ADFM	set	32263
   113   000000                     _ADCON0bits	set	4034
   114   000000                     _ADCON2	set	4032
   115   000000                     _ADCON2bits	set	4032
   116   000000                     _LATD	set	3980
   117   000000                     _TRISA	set	3986
   118   000000                     _INTCON2bits	set	4081
   119   000000                     _INTCONbits	set	4082
   120   000000                     _TRISCbits	set	3988
   121   000000                     _T2CONbits	set	4042
   122   000000                     _T1CONbits	set	4045
   123   000000                     _RCONbits	set	4048
   124   000000                     _RCSTAbits	set	4011
   125   000000                     _TXSTAbits	set	4012
   126   000000                     _CCP2CON	set	4026
   127   000000                     _IPR1bits	set	3999
   128   000000                     _CCP1CON	set	4029
   129   000000                     _TRISD	set	3989
   130   000000                     _OSCCONbits	set	4051
   131   000000                     _PR2	set	4043
   132                           
   133                           	psect	smallconst
   134   000600                     __psmallconst:
   135                           	callstack 0
   136   000600  00                 	db	0
   137   000601  49                 	db	73	;'I'
   138   000602  4E                 	db	78	;'N'
   139   000603  46                 	db	70	;'F'
   140   000604  49                 	db	73	;'I'
   141   000605  4E                 	db	78	;'N'
   142   000606  49                 	db	73	;'I'
   143   000607  54                 	db	84	;'T'
   144   000608  59                 	db	89	;'Y'
   145   000609  00                 	db	0
   146   00060A                     STR_1:
   147   00060A  69                 	db	105	;'i'
   148   00060B  6E                 	db	110	;'n'
   149   00060C  66                 	db	102	;'f'
   150   00060D  69                 	db	105	;'i'
   151   00060E  6E                 	db	110	;'n'
   152   00060F  69                 	db	105	;'i'
   153   000610  74                 	db	116	;'t'
   154   000611  79                 	db	121	;'y'
   155   000612  00                 	db	0
   156   000613                     STR_7:
   157   000613  4E                 	db	78	;'N'
   158   000614  41                 	db	65	;'A'
   159   000615  4E                 	db	78	;'N'
   160   000616  00                 	db	0
   161   000617                     STR_3:
   162   000617  69                 	db	105	;'i'
   163   000618  6E                 	db	110	;'n'
   164   000619  66                 	db	102	;'f'
   165   00061A  00                 	db	0
   166   00061B                     STR_6:
   167   00061B  6E                 	db	110	;'n'
   168   00061C  61                 	db	97	;'a'
   169   00061D  6E                 	db	110	;'n'
   170   00061E  00                 	db	0
   171   00061F  00                 	db	0	; dummy byte at the end
   172   000000                     
   173                           ; #config settings
   174                           
   175                           	psect	cinit
   176   0009CC                     __pcinit:
   177                           	callstack 0
   178   0009CC                     start_initialization:
   179                           	callstack 0
   180   0009CC                     __initialization:
   181                           	callstack 0
   182                           
   183                           ; Initialize objects allocated to COMRAM (26 bytes)
   184                           ; load TBLPTR registers with __pidataCOMRAM
   185   0009CC  0E30               	movlw	low __pidataCOMRAM
   186   0009CE  6EF6               	movwf	tblptrl,c
   187   0009D0  0E0B               	movlw	high __pidataCOMRAM
   188   0009D2  6EF7               	movwf	tblptrh,c
   189   0009D4  0E00               	movlw	low (__pidataCOMRAM shr (0+16))
   190   0009D6  6EF8               	movwf	tblptru,c
   191   0009D8  EE00  F03B         	lfsr	0,__pdataCOMRAM
   192   0009DC  EE10 F01A          	lfsr	1,26
   193   0009E0                     copy_data0:
   194   0009E0  0009               	tblrd		*+
   195   0009E2  CFF5 FFEE          	movff	tablat,postinc0
   196   0009E6  50E5               	movf	postdec1,w,c
   197   0009E8  50E1               	movf	fsr1l,w,c
   198   0009EA  E1FA               	bnz	copy_data0
   199                           
   200                           ; Clear objects allocated to COMRAM (58 bytes)
   201   0009EC  EE00  F001         	lfsr	0,__pbssCOMRAM
   202   0009F0  0E3A               	movlw	58
   203   0009F2                     clear_0:
   204   0009F2  6AEE               	clrf	postinc0,c
   205   0009F4  06E8               	decf	wreg,f,c
   206   0009F6  E1FD               	bnz	clear_0
   207   0009F8                     end_of_initialization:
   208                           	callstack 0
   209   0009F8                     __end_of__initialization:
   210                           	callstack 0
   211   0009F8  906B               	bcf	int$flags,0,c	;clear compiler interrupt flag (level 1)
   212   0009FA  926B               	bcf	int$flags,1,c	;clear compiler interrupt flag (level 2)
   213   0009FC  0E00               	movlw	low (__Lsmallconst shr (0+16))
   214   0009FE  6EF8               	movwf	tblptru,c
   215   000A00  0E06               	movlw	high __Lsmallconst
   216   000A02  6EF7               	movwf	tblptrh,c
   217   000A04  0100               	movlb	0
   218   000A06  EF4F  F004         	goto	_main	;jump to C main() function
   219                           
   220                           	psect	bssCOMRAM
   221   000001                     __pbssCOMRAM:
   222                           	callstack 0
   223   000001                     _errno:
   224                           	callstack 0
   225   000001                     	ds	2
   226   000003                     _laastAdcValue:
   227                           	callstack 0
   228   000003                     	ds	2
   229   000005                     _adcValue:
   230                           	callstack 0
   231   000005                     	ds	2
   232   000007                     _lastAdcIndex:
   233                           	callstack 0
   234   000007                     	ds	2
   235   000009                     _adcIndex:
   236                           	callstack 0
   237   000009                     	ds	2
   238   00000B                     _count:
   239                           	callstack 0
   240   00000B                     	ds	2
   241   00000D                     _lastV:
   242                           	callstack 0
   243   00000D                     	ds	2
   244   00000F                     _tick:
   245                           	callstack 0
   246   00000F                     	ds	2
   247   000011                     _lenStr:
   248                           	callstack 0
   249   000011                     	ds	2
   250   000013                     _str:
   251                           	callstack 0
   252   000013                     	ds	20
   253   000027                     _mystring:
   254                           	callstack 0
   255   000027                     	ds	20
   256                           
   257                           	psect	dataCOMRAM
   258   00003B                     __pdataCOMRAM:
   259                           	callstack 0
   260   00003B                     _range:
   261                           	callstack 0
   262   00003B                     	ds	24
   263   000053                     _f:
   264                           	callstack 0
   265   000053                     	ds	2
   266                           
   267                           	psect	cstackBANK0
   268   000080                     __pcstackBANK0:
   269                           	callstack 0
   270   000080                     ??_abs:
   271                           
   272                           ; 1 bytes @ 0x0
   273   000080                     	ds	2
   274   000082                     ??_Lo_ISR:
   275                           
   276                           ; 1 bytes @ 0x2
   277   000082                     	ds	6
   278   000088                     Lo_ISR@value:
   279                           	callstack 0
   280                           
   281                           ; 2 bytes @ 0x8
   282   000088                     	ds	2
   283   00008A                     UART_Write@data:
   284                           	callstack 0
   285   00008A                     ClearBuffer@i:
   286                           	callstack 0
   287                           
   288                           ; 2 bytes @ 0xA
   289   00008A                     	ds	2
   290   00008C                     strcpy@dest:
   291                           	callstack 0
   292                           
   293                           ; 1 bytes @ 0xC
   294   00008C                     	ds	1
   295   00008D                     strcpy@src:
   296                           	callstack 0
   297                           
   298                           ; 1 bytes @ 0xD
   299   00008D                     	ds	1
   300   00008E                     strcpy@d:
   301                           	callstack 0
   302                           
   303                           ; 1 bytes @ 0xE
   304   00008E                     	ds	1
   305   00008F                     
   306                           ; 1 bytes @ 0xF
   307                           
   308                           	psect	cstackCOMRAM
   309   000055                     __pcstackCOMRAM:
   310                           	callstack 0
   311   000055                     ?___awmod:
   312                           	callstack 0
   313   000055                     i2UART_Write@data:
   314                           	callstack 0
   315   000055                     ___awmod@dividend:
   316                           	callstack 0
   317                           
   318                           ; 2 bytes @ 0x0
   319   000055                     	ds	1
   320   000056                     UART_DeleteN@n:
   321                           	callstack 0
   322                           
   323                           ; 2 bytes @ 0x1
   324   000056                     	ds	1
   325   000057                     ___awmod@divisor:
   326                           	callstack 0
   327                           
   328                           ; 2 bytes @ 0x2
   329   000057                     	ds	1
   330   000058                     ??_UART_DeleteN:
   331                           
   332                           ; 1 bytes @ 0x3
   333   000058                     	ds	1
   334   000059                     ___awmod@counter:
   335                           	callstack 0
   336   000059                     UART_DeleteN@i:
   337                           	callstack 0
   338                           
   339                           ; 2 bytes @ 0x4
   340   000059                     	ds	1
   341   00005A                     ___awmod@sign:
   342                           	callstack 0
   343                           
   344                           ; 1 bytes @ 0x5
   345   00005A                     	ds	1
   346   00005B                     ?___awdiv:
   347                           	callstack 0
   348   00005B                     ___awdiv@dividend:
   349                           	callstack 0
   350                           
   351                           ; 2 bytes @ 0x6
   352   00005B                     	ds	2
   353   00005D                     ___awdiv@divisor:
   354                           	callstack 0
   355                           
   356                           ; 2 bytes @ 0x8
   357   00005D                     	ds	2
   358   00005F                     ___awdiv@counter:
   359                           	callstack 0
   360                           
   361                           ; 1 bytes @ 0xA
   362   00005F                     	ds	1
   363   000060                     ___awdiv@sign:
   364                           	callstack 0
   365                           
   366                           ; 1 bytes @ 0xB
   367   000060                     	ds	1
   368   000061                     ___awdiv@quotient:
   369                           	callstack 0
   370                           
   371                           ; 2 bytes @ 0xC
   372   000061                     	ds	2
   373   000063                     Update@num:
   374                           	callstack 0
   375                           
   376                           ; 2 bytes @ 0xE
   377   000063                     	ds	2
   378   000065                     Update@digit:
   379                           	callstack 0
   380                           
   381                           ; 1 bytes @ 0x10
   382   000065                     	ds	1
   383   000066                     ??_Hi_ISR:
   384                           
   385                           ; 1 bytes @ 0x11
   386   000066                     	ds	1
   387   000067                     Hi_ISR@ledShow:
   388                           	callstack 0
   389                           
   390                           ; 2 bytes @ 0x12
   391   000067                     	ds	2
   392   000069                     ?_abs:
   393                           	callstack 0
   394   000069                     abs@a:
   395                           	callstack 0
   396                           
   397                           ; 2 bytes @ 0x14
   398   000069                     	ds	2
   399                           
   400 ;;
   401 ;;Main: autosize = 0, tempsize = 0, incstack = 0, save=0
   402 ;;
   403 ;; *************** function _main *****************
   404 ;; Defined at:
   405 ;;		line 23 in file "main.c"
   406 ;; Parameters:    Size  Location     Type
   407 ;;		None
   408 ;; Auto vars:     Size  Location     Type
   409 ;;		None
   410 ;; Return value:  Size  Location     Type
   411 ;;                  1    wreg      void 
   412 ;; Registers used:
   413 ;;		wreg, fsr1l, fsr1h, fsr2l, fsr2h, status,2, status,0, cstack
   414 ;; Tracked objects:
   415 ;;		On entry : 0/0
   416 ;;		On exit  : 0/0
   417 ;;		Unchanged: 0/0
   418 ;; Data sizes:     COMRAM   BANK0   BANK1   BANK2   BANK3   BANK4   BANK5
   419 ;;      Params:         0       0       0       0       0       0       0
   420 ;;      Locals:         0       0       0       0       0       0       0
   421 ;;      Temps:          0       0       0       0       0       0       0
   422 ;;      Totals:         0       0       0       0       0       0       0
   423 ;;Total ram usage:        0 bytes
   424 ;; Hardware stack levels required when called: 8
   425 ;; This function calls:
   426 ;;		_ClearBuffer
   427 ;;		_GetString
   428 ;;		_Mode1
   429 ;;		_Mode2
   430 ;;		_SYSTEM_Initialize
   431 ;;		_UART_Write
   432 ;;		_strcpy
   433 ;; This function is called by:
   434 ;;		Startup code after reset
   435 ;; This function uses a non-reentrant model
   436 ;;
   437                           
   438                           	psect	text0
   439   00089E                     __ptext0:
   440                           	callstack 0
   441   00089E                     _main:
   442                           	callstack 23
   443   00089E                     
   444                           ;main.c: 26:     SYSTEM_Initialize() ;
   445   00089E  EC7B  F005         	call	_SYSTEM_Initialize	;wreg free
   446   0008A2                     
   447                           ;main.c: 27:     UART_Write('0');
   448   0008A2  0E30               	movlw	48
   449   0008A4  ECB2  F005         	call	_UART_Write
   450   0008A8                     l2775:
   451                           
   452                           ;main.c: 30:         strcpy(str, GetString());
   453   0008A8  0E13               	movlw	low _str
   454   0008AA  0100               	movlb	0	; () banked
   455   0008AC  6F8C               	movwf	strcpy@dest& (0+255),b
   456   0008AE  ECDD  F005         	call	_GetString	;wreg free
   457   0008B2  0100               	movlb	0	; () banked
   458   0008B4  6F8D               	movwf	strcpy@src& (0+255),b
   459   0008B6  EC3F  F005         	call	_strcpy	;wreg free
   460   0008BA                     
   461                           ;main.c: 31:         if(str[0]=='m' && str[1]=='1'){
   462   0008BA  0E6D               	movlw	109
   463   0008BC  1813               	xorwf	_str^0,w,c
   464   0008BE  A4D8               	btfss	status,2,c
   465   0008C0  EF64  F004         	goto	u2521
   466   0008C4  EF66  F004         	goto	u2520
   467   0008C8                     u2521:
   468   0008C8  EF75  F004         	goto	l2785
   469   0008CC                     u2520:
   470   0008CC  0E31               	movlw	49
   471   0008CE  1814               	xorwf	(_str+1)^0,w,c
   472   0008D0  A4D8               	btfss	status,2,c
   473   0008D2  EF6D  F004         	goto	u2531
   474   0008D6  EF6F  F004         	goto	u2530
   475   0008DA                     u2531:
   476   0008DA  EF75  F004         	goto	l2785
   477   0008DE                     u2530:
   478   0008DE                     
   479                           ;main.c: 32:             Mode1();
   480   0008DE  ECE0  F005         	call	_Mode1	;wreg free
   481   0008E2                     l2783:
   482                           
   483                           ;main.c: 33:             ClearBuffer();
   484   0008E2  EC05  F005         	call	_ClearBuffer	;wreg free
   485                           
   486                           ;main.c: 34:         }
   487   0008E6  EF54  F004         	goto	l2775
   488   0008EA                     l2785:
   489   0008EA  0E6D               	movlw	109
   490   0008EC  1813               	xorwf	_str^0,w,c
   491   0008EE  A4D8               	btfss	status,2,c
   492   0008F0  EF7C  F004         	goto	u2541
   493   0008F4  EF7E  F004         	goto	u2540
   494   0008F8                     u2541:
   495   0008F8  EF54  F004         	goto	l2775
   496   0008FC                     u2540:
   497   0008FC  0E32               	movlw	50
   498   0008FE  1814               	xorwf	(_str+1)^0,w,c
   499   000900  A4D8               	btfss	status,2,c
   500   000902  EF85  F004         	goto	u2551
   501   000906  EF87  F004         	goto	u2550
   502   00090A                     u2551:
   503   00090A  EF54  F004         	goto	l2775
   504   00090E                     u2550:
   505   00090E                     
   506                           ;main.c: 36:             Mode2();
   507   00090E  ECDF  F005         	call	_Mode2	;wreg free
   508   000912  EF71  F004         	goto	l2783
   509   000916  EF5D  F000         	goto	start
   510   00091A                     __end_of_main:
   511                           	callstack 0
   512                           
   513 ;; *************** function _strcpy *****************
   514 ;; Defined at:
   515 ;;		line 3 in file "C:\Program Files\Microchip\xc8\v2.46\pic\sources\c99\common\strcpy.c"
   516 ;; Parameters:    Size  Location     Type
   517 ;;  dest            1   12[BANK0 ] PTR unsigned char 
   518 ;;		 -> str(20), 
   519 ;;  src             1   13[BANK0 ] PTR const unsigned char 
   520 ;;		 -> mystring(20), 
   521 ;; Auto vars:     Size  Location     Type
   522 ;;  d               1   14[BANK0 ] PTR unsigned char 
   523 ;;		 -> str(20), 
   524 ;; Return value:  Size  Location     Type
   525 ;;                  1    wreg      PTR unsigned char 
   526 ;; Registers used:
   527 ;;		wreg, fsr1l, fsr1h, fsr2l, fsr2h, status,2, status,0
   528 ;; Tracked objects:
   529 ;;		On entry : 0/0
   530 ;;		On exit  : 0/0
   531 ;;		Unchanged: 0/0
   532 ;; Data sizes:     COMRAM   BANK0   BANK1   BANK2   BANK3   BANK4   BANK5
   533 ;;      Params:         0       2       0       0       0       0       0
   534 ;;      Locals:         0       1       0       0       0       0       0
   535 ;;      Temps:          0       0       0       0       0       0       0
   536 ;;      Totals:         0       3       0       0       0       0       0
   537 ;;Total ram usage:        3 bytes
   538 ;; Hardware stack levels used: 1
   539 ;; Hardware stack levels required when called: 6
   540 ;; This function calls:
   541 ;;		Nothing
   542 ;; This function is called by:
   543 ;;		_main
   544 ;; This function uses a non-reentrant model
   545 ;;
   546                           
   547                           	psect	text1
   548   000A7E                     __ptext1:
   549                           	callstack 0
   550   000A7E                     _strcpy:
   551                           	callstack 24
   552   000A7E  C08C  F08E         	movff	strcpy@dest,strcpy@d
   553   000A82                     l2705:
   554   000A82  0100               	movlb	0	; () banked
   555   000A84  2B8D               	incf	strcpy@src& (0+255),f,b
   556   000A86  058D               	decf	strcpy@src& (0+255),w,b
   557   000A88  6ED9               	movwf	fsr2l,c
   558   000A8A  6ADA               	clrf	fsr2h,c
   559   000A8C  2B8E               	incf	strcpy@d& (0+255),f,b
   560   000A8E  058E               	decf	strcpy@d& (0+255),w,b
   561   000A90  6EE1               	movwf	fsr1l,c
   562   000A92  6AE2               	clrf	fsr1h,c
   563   000A94  CFDF FFE7          	movff	indf2,indf1
   564   000A98  50E7               	movf	indf1,w,c
   565   000A9A  A4D8               	btfss	status,2,c
   566   000A9C  EF52  F005         	goto	u2441
   567   000AA0  EF54  F005         	goto	u2440
   568   000AA4                     u2441:
   569   000AA4  EF41  F005         	goto	l2705
   570   000AA8                     u2440:
   571   000AA8                     
   572                           ; BSR set to: 0
   573   000AA8  0012               	return		;funcret
   574   000AAA                     __end_of_strcpy:
   575                           	callstack 0
   576                           
   577 ;; *************** function _UART_Write *****************
   578 ;; Defined at:
   579 ;;		line 49 in file "setting_hardaware/uart.c"
   580 ;; Parameters:    Size  Location     Type
   581 ;;  data            1    wreg     unsigned char 
   582 ;; Auto vars:     Size  Location     Type
   583 ;;  data            1   10[BANK0 ] unsigned char 
   584 ;; Return value:  Size  Location     Type
   585 ;;                  1    wreg      void 
   586 ;; Registers used:
   587 ;;		wreg
   588 ;; Tracked objects:
   589 ;;		On entry : 0/0
   590 ;;		On exit  : 0/0
   591 ;;		Unchanged: 0/0
   592 ;; Data sizes:     COMRAM   BANK0   BANK1   BANK2   BANK3   BANK4   BANK5
   593 ;;      Params:         0       0       0       0       0       0       0
   594 ;;      Locals:         0       1       0       0       0       0       0
   595 ;;      Temps:          0       0       0       0       0       0       0
   596 ;;      Totals:         0       1       0       0       0       0       0
   597 ;;Total ram usage:        1 bytes
   598 ;; Hardware stack levels used: 1
   599 ;; Hardware stack levels required when called: 6
   600 ;; This function calls:
   601 ;;		Nothing
   602 ;; This function is called by:
   603 ;;		_main
   604 ;;		_UART_Write_Text
   605 ;;		_MyusartRead
   606 ;; This function uses a non-reentrant model
   607 ;;
   608                           
   609                           	psect	text2
   610   000B64                     __ptext2:
   611                           	callstack 0
   612   000B64                     _UART_Write:
   613                           	callstack 24
   614                           
   615                           ; BSR set to: 0
   616                           ;incstack = 0
   617                           ;UART_Write@data stored from wreg
   618   000B64  0100               	movlb	0	; () banked
   619   000B66  6F8A               	movwf	UART_Write@data& (0+255),b
   620   000B68                     l162:
   621   000B68  A2AC               	btfss	172,1,c	;volatile
   622   000B6A  EFB9  F005         	goto	u2401
   623   000B6E  EFBB  F005         	goto	u2400
   624   000B72                     u2401:
   625   000B72  EFB4  F005         	goto	l162
   626   000B76                     u2400:
   627   000B76                     
   628                           ;setting_hardaware/uart.c: 52:     TXREG = data;
   629   000B76  C08A  FFAD         	movff	UART_Write@data,4013	;volatile
   630   000B7A  0012               	return		;funcret
   631   000B7C                     __end_of_UART_Write:
   632                           	callstack 0
   633                           
   634 ;; *************** function _SYSTEM_Initialize *****************
   635 ;; Defined at:
   636 ;;		line 119 in file "setting_hardaware/setting.c"
   637 ;; Parameters:    Size  Location     Type
   638 ;;		None
   639 ;; Auto vars:     Size  Location     Type
   640 ;;		None
   641 ;; Return value:  Size  Location     Type
   642 ;;                  1    wreg      void 
   643 ;; Registers used:
   644 ;;		wreg, status,2, cstack
   645 ;; Tracked objects:
   646 ;;		On entry : 0/0
   647 ;;		On exit  : 0/0
   648 ;;		Unchanged: 0/0
   649 ;; Data sizes:     COMRAM   BANK0   BANK1   BANK2   BANK3   BANK4   BANK5
   650 ;;      Params:         0       0       0       0       0       0       0
   651 ;;      Locals:         0       0       0       0       0       0       0
   652 ;;      Temps:          0       0       0       0       0       0       0
   653 ;;      Totals:         0       0       0       0       0       0       0
   654 ;;Total ram usage:        0 bytes
   655 ;; Hardware stack levels used: 1
   656 ;; Hardware stack levels required when called: 7
   657 ;; This function calls:
   658 ;;		_ADC_Initialize
   659 ;;		_CCP1_Initialize
   660 ;;		_INTERRUPT_Initialize
   661 ;;		_OSCILLATOR_Initialize
   662 ;;		_PIN_MANAGER_Initialize
   663 ;;		_TMR2_Initialize
   664 ;;		_UART_Initialize
   665 ;; This function is called by:
   666 ;;		_main
   667 ;; This function uses a non-reentrant model
   668 ;;
   669                           
   670                           	psect	text3
   671   000AF6                     __ptext3:
   672                           	callstack 0
   673   000AF6                     _SYSTEM_Initialize:
   674                           	callstack 23
   675   000AF6                     
   676                           ;setting_hardaware/setting.c: 121:     PIN_MANAGER_Initialize();
   677   000AF6  ECD8  F005         	call	_PIN_MANAGER_Initialize	;wreg free
   678                           
   679                           ;setting_hardaware/setting.c: 122:     OSCILLATOR_Initialize();
   680   000AFA  ECC9  F005         	call	_OSCILLATOR_Initialize	;wreg free
   681                           
   682                           ;setting_hardaware/setting.c: 123:     TMR2_Initialize();
   683   000AFE  ECA5  F005         	call	_TMR2_Initialize	;wreg free
   684   000B02                     
   685                           ;setting_hardaware/setting.c: 126:     INTERRUPT_Initialize();
   686   000B02  EC55  F005         	call	_INTERRUPT_Initialize	;wreg free
   687   000B06                     
   688                           ;setting_hardaware/setting.c: 127:     UART_Initialize();
   689   000B06  EC8A  F005         	call	_UART_Initialize	;wreg free
   690   000B0A                     
   691                           ;setting_hardaware/setting.c: 128:     CCP1_Initialize();
   692   000B0A  ECD2  F005         	call	_CCP1_Initialize	;wreg free
   693   000B0E                     
   694                           ;setting_hardaware/setting.c: 129:     ADC_Initialize();
   695   000B0E  EC68  F005         	call	_ADC_Initialize	;wreg free
   696   000B12  0012               	return		;funcret
   697   000B14                     __end_of_SYSTEM_Initialize:
   698                           	callstack 0
   699                           
   700 ;; *************** function _UART_Initialize *****************
   701 ;; Defined at:
   702 ;;		line 16 in file "setting_hardaware/uart.c"
   703 ;; Parameters:    Size  Location     Type
   704 ;;		None
   705 ;; Auto vars:     Size  Location     Type
   706 ;;		None
   707 ;; Return value:  Size  Location     Type
   708 ;;                  1    wreg      void 
   709 ;; Registers used:
   710 ;;		wreg, status,2
   711 ;; Tracked objects:
   712 ;;		On entry : 0/0
   713 ;;		On exit  : 0/0
   714 ;;		Unchanged: 0/0
   715 ;; Data sizes:     COMRAM   BANK0   BANK1   BANK2   BANK3   BANK4   BANK5
   716 ;;      Params:         0       0       0       0       0       0       0
   717 ;;      Locals:         0       0       0       0       0       0       0
   718 ;;      Temps:          0       0       0       0       0       0       0
   719 ;;      Totals:         0       0       0       0       0       0       0
   720 ;;Total ram usage:        0 bytes
   721 ;; Hardware stack levels used: 1
   722 ;; Hardware stack levels required when called: 6
   723 ;; This function calls:
   724 ;;		Nothing
   725 ;; This function is called by:
   726 ;;		_SYSTEM_Initialize
   727 ;; This function uses a non-reentrant model
   728 ;;
   729                           
   730                           	psect	text4
   731   000B14                     __ptext4:
   732                           	callstack 0
   733   000B14                     _UART_Initialize:
   734                           	callstack 23
   735   000B14                     
   736                           ;setting_hardaware/uart.c: 26:     TRISCbits.TRISC6 = 1;
   737   000B14  8C94               	bsf	148,6,c	;volatile
   738                           
   739                           ;setting_hardaware/uart.c: 27:     TRISCbits.TRISC7 = 1;
   740   000B16  8E94               	bsf	148,7,c	;volatile
   741                           
   742                           ;setting_hardaware/uart.c: 30:     TXSTAbits.SYNC = 0;
   743   000B18  98AC               	bcf	172,4,c	;volatile
   744                           
   745                           ;setting_hardaware/uart.c: 31:     BAUDCONbits.BRG16 = 0;
   746   000B1A  96B8               	bcf	184,3,c	;volatile
   747                           
   748                           ;setting_hardaware/uart.c: 32:     TXSTAbits.BRGH = 0;
   749   000B1C  94AC               	bcf	172,2,c	;volatile
   750   000B1E                     
   751                           ;setting_hardaware/uart.c: 33:     SPBRG = 51;
   752   000B1E  0E33               	movlw	51
   753   000B20  6EAF               	movwf	175,c	;volatile
   754   000B22                     
   755                           ;setting_hardaware/uart.c: 36:     RCSTAbits.SPEN = 1;
   756   000B22  8EAB               	bsf	171,7,c	;volatile
   757   000B24                     
   758                           ;setting_hardaware/uart.c: 38:     TXSTAbits.TXEN = 1;
   759   000B24  8AAC               	bsf	172,5,c	;volatile
   760   000B26                     
   761                           ;setting_hardaware/uart.c: 39:     RCSTAbits.CREN = 1;
   762   000B26  88AB               	bsf	171,4,c	;volatile
   763   000B28                     
   764                           ;setting_hardaware/uart.c: 42:     PIE1bits.RCIE = 1;
   765   000B28  8A9D               	bsf	157,5,c	;volatile
   766   000B2A                     
   767                           ;setting_hardaware/uart.c: 43:     IPR1bits.RCIP = 1;
   768   000B2A  8A9F               	bsf	159,5,c	;volatile
   769   000B2C                     
   770                           ;setting_hardaware/uart.c: 45:     PIR1bits.RCIF = 0;
   771   000B2C  9A9E               	bcf	158,5,c	;volatile
   772   000B2E  0012               	return		;funcret
   773   000B30                     __end_of_UART_Initialize:
   774                           	callstack 0
   775                           
   776 ;; *************** function _TMR2_Initialize *****************
   777 ;; Defined at:
   778 ;;		line 104 in file "setting_hardaware/setting.c"
   779 ;; Parameters:    Size  Location     Type
   780 ;;		None
   781 ;; Auto vars:     Size  Location     Type
   782 ;;		None
   783 ;; Return value:  Size  Location     Type
   784 ;;                  1    wreg      void 
   785 ;; Registers used:
   786 ;;		wreg, status,2
   787 ;; Tracked objects:
   788 ;;		On entry : 0/0
   789 ;;		On exit  : 0/0
   790 ;;		Unchanged: 0/0
   791 ;; Data sizes:     COMRAM   BANK0   BANK1   BANK2   BANK3   BANK4   BANK5
   792 ;;      Params:         0       0       0       0       0       0       0
   793 ;;      Locals:         0       0       0       0       0       0       0
   794 ;;      Temps:          0       0       0       0       0       0       0
   795 ;;      Totals:         0       0       0       0       0       0       0
   796 ;;Total ram usage:        0 bytes
   797 ;; Hardware stack levels used: 1
   798 ;; Hardware stack levels required when called: 6
   799 ;; This function calls:
   800 ;;		Nothing
   801 ;; This function is called by:
   802 ;;		_SYSTEM_Initialize
   803 ;; This function uses a non-reentrant model
   804 ;;
   805                           
   806                           	psect	text5
   807   000B4A                     __ptext5:
   808                           	callstack 0
   809   000B4A                     _TMR2_Initialize:
   810                           	callstack 23
   811   000B4A                     
   812                           ;setting_hardaware/setting.c: 105:     T2CONbits.T2CKPS = 0b11;
   813   000B4A  0E03               	movlw	3
   814   000B4C  12CA               	iorwf	202,f,c	;volatile
   815   000B4E                     
   816                           ;setting_hardaware/setting.c: 106:     T2CONbits.TOUTPS3 = 0;
   817   000B4E  9CCA               	bcf	202,6,c	;volatile
   818   000B50                     
   819                           ;setting_hardaware/setting.c: 107:     T2CONbits.TOUTPS2 = 0;
   820   000B50  9ACA               	bcf	202,5,c	;volatile
   821   000B52                     
   822                           ;setting_hardaware/setting.c: 108:     T2CONbits.TOUTPS1 = 0;
   823   000B52  98CA               	bcf	202,4,c	;volatile
   824   000B54                     
   825                           ;setting_hardaware/setting.c: 109:     T2CONbits.TOUTPS0 = 0;
   826   000B54  96CA               	bcf	202,3,c	;volatile
   827                           
   828                           ;setting_hardaware/setting.c: 111:     PR2 = 62;
   829   000B56  0E3E               	movlw	62
   830   000B58  6ECB               	movwf	203,c	;volatile
   831   000B5A                     
   832                           ;setting_hardaware/setting.c: 113:     PIR1bits.TMR2IF = 0;
   833   000B5A  929E               	bcf	158,1,c	;volatile
   834   000B5C                     
   835                           ;setting_hardaware/setting.c: 114:     PIE1bits.TMR2IE = 1;
   836   000B5C  829D               	bsf	157,1,c	;volatile
   837   000B5E                     
   838                           ;setting_hardaware/setting.c: 115:     IPR1bits.TMR2IP = 0;
   839   000B5E  929F               	bcf	159,1,c	;volatile
   840   000B60                     
   841                           ;setting_hardaware/setting.c: 116:     T2CONbits.TMR2ON = 1;
   842   000B60  84CA               	bsf	202,2,c	;volatile
   843   000B62  0012               	return		;funcret
   844   000B64                     __end_of_TMR2_Initialize:
   845                           	callstack 0
   846                           
   847 ;; *************** function _PIN_MANAGER_Initialize *****************
   848 ;; Defined at:
   849 ;;		line 68 in file "setting_hardaware/setting.c"
   850 ;; Parameters:    Size  Location     Type
   851 ;;		None
   852 ;; Auto vars:     Size  Location     Type
   853 ;;		None
   854 ;; Return value:  Size  Location     Type
   855 ;;                  1    wreg      void 
   856 ;; Registers used:
   857 ;;		wreg, status,2
   858 ;; Tracked objects:
   859 ;;		On entry : 0/0
   860 ;;		On exit  : 0/0
   861 ;;		Unchanged: 0/0
   862 ;; Data sizes:     COMRAM   BANK0   BANK1   BANK2   BANK3   BANK4   BANK5
   863 ;;      Params:         0       0       0       0       0       0       0
   864 ;;      Locals:         0       0       0       0       0       0       0
   865 ;;      Temps:          0       0       0       0       0       0       0
   866 ;;      Totals:         0       0       0       0       0       0       0
   867 ;;Total ram usage:        0 bytes
   868 ;; Hardware stack levels used: 1
   869 ;; Hardware stack levels required when called: 6
   870 ;; This function calls:
   871 ;;		Nothing
   872 ;; This function is called by:
   873 ;;		_SYSTEM_Initialize
   874 ;; This function uses a non-reentrant model
   875 ;;
   876                           
   877                           	psect	text6
   878   000BB0                     __ptext6:
   879                           	callstack 0
   880   000BB0                     _PIN_MANAGER_Initialize:
   881                           	callstack 23
   882   000BB0                     
   883                           ;setting_hardaware/setting.c: 69:     TRISD = 0x0F;
   884   000BB0  0E0F               	movlw	15
   885   000BB2  6E95               	movwf	149,c	;volatile
   886                           
   887                           ;setting_hardaware/setting.c: 70:     LATD = 0x00;
   888   000BB4  0E00               	movlw	0
   889   000BB6  6E8C               	movwf	140,c	;volatile
   890   000BB8  0012               	return		;funcret
   891   000BBA                     __end_of_PIN_MANAGER_Initialize:
   892                           	callstack 0
   893                           
   894 ;; *************** function _OSCILLATOR_Initialize *****************
   895 ;; Defined at:
   896 ;;		line 61 in file "setting_hardaware/setting.c"
   897 ;; Parameters:    Size  Location     Type
   898 ;;		None
   899 ;; Auto vars:     Size  Location     Type
   900 ;;		None
   901 ;; Return value:  Size  Location     Type
   902 ;;                  1    wreg      void 
   903 ;; Registers used:
   904 ;;		wreg, status,2
   905 ;; Tracked objects:
   906 ;;		On entry : 0/0
   907 ;;		On exit  : 0/0
   908 ;;		Unchanged: 0/0
   909 ;; Data sizes:     COMRAM   BANK0   BANK1   BANK2   BANK3   BANK4   BANK5
   910 ;;      Params:         0       0       0       0       0       0       0
   911 ;;      Locals:         0       0       0       0       0       0       0
   912 ;;      Temps:          0       0       0       0       0       0       0
   913 ;;      Totals:         0       0       0       0       0       0       0
   914 ;;Total ram usage:        0 bytes
   915 ;; Hardware stack levels used: 1
   916 ;; Hardware stack levels required when called: 6
   917 ;; This function calls:
   918 ;;		Nothing
   919 ;; This function is called by:
   920 ;;		_SYSTEM_Initialize
   921 ;; This function uses a non-reentrant model
   922 ;;
   923                           
   924                           	psect	text7
   925   000B92                     __ptext7:
   926                           	callstack 0
   927   000B92                     _OSCILLATOR_Initialize:
   928                           	callstack 23
   929   000B92                     
   930                           ;setting_hardaware/setting.c: 63:     OSCCONbits.IRCF = 0b110;
   931   000B92  50D3               	movf	211,w,c	;volatile
   932   000B94  0B8F               	andlw	-113
   933   000B96  0960               	iorlw	96
   934   000B98  6ED3               	movwf	211,c	;volatile
   935                           
   936                           ;setting_hardaware/setting.c: 64:     OSCCONbits.SCS = 1;
   937   000B9A  50D3               	movf	211,w,c	;volatile
   938   000B9C  0BFC               	andlw	-4
   939   000B9E  0901               	iorlw	1
   940   000BA0  6ED3               	movwf	211,c	;volatile
   941   000BA2  0012               	return		;funcret
   942   000BA4                     __end_of_OSCILLATOR_Initialize:
   943                           	callstack 0
   944                           
   945 ;; *************** function _INTERRUPT_Initialize *****************
   946 ;; Defined at:
   947 ;;		line 3 in file "setting_hardaware/interrupt_manager.c"
   948 ;; Parameters:    Size  Location     Type
   949 ;;		None
   950 ;; Auto vars:     Size  Location     Type
   951 ;;		None
   952 ;; Return value:  Size  Location     Type
   953 ;;                  1    wreg      void 
   954 ;; Registers used:
   955 ;;		None
   956 ;; Tracked objects:
   957 ;;		On entry : 0/0
   958 ;;		On exit  : 0/0
   959 ;;		Unchanged: 0/0
   960 ;; Data sizes:     COMRAM   BANK0   BANK1   BANK2   BANK3   BANK4   BANK5
   961 ;;      Params:         0       0       0       0       0       0       0
   962 ;;      Locals:         0       0       0       0       0       0       0
   963 ;;      Temps:          0       0       0       0       0       0       0
   964 ;;      Totals:         0       0       0       0       0       0       0
   965 ;;Total ram usage:        0 bytes
   966 ;; Hardware stack levels used: 1
   967 ;; Hardware stack levels required when called: 6
   968 ;; This function calls:
   969 ;;		Nothing
   970 ;; This function is called by:
   971 ;;		_SYSTEM_Initialize
   972 ;; This function uses a non-reentrant model
   973 ;;
   974                           
   975                           	psect	text8
   976   000AAA                     __ptext8:
   977                           	callstack 0
   978   000AAA                     _INTERRUPT_Initialize:
   979                           	callstack 23
   980   000AAA                     
   981                           ;setting_hardaware/interrupt_manager.c: 5:     RCONbits.IPEN = 1;
   982   000AAA  8ED0               	bsf	208,7,c	;volatile
   983                           
   984                           ;setting_hardaware/interrupt_manager.c: 6:     INTCONbits.GIEH = 1;
   985   000AAC  8EF2               	bsf	242,7,c	;volatile
   986                           
   987                           ;setting_hardaware/interrupt_manager.c: 7:     INTCONbits.GIEL = 1;
   988   000AAE  8CF2               	bsf	242,6,c	;volatile
   989                           
   990                           ;setting_hardaware/interrupt_manager.c: 10:     INTCONbits.INT0IE = 1;
   991   000AB0  88F2               	bsf	242,4,c	;volatile
   992                           
   993                           ;setting_hardaware/interrupt_manager.c: 11:     INTCON2bits.INTEDG0 = 0;
   994   000AB2  9CF1               	bcf	241,6,c	;volatile
   995                           
   996                           ;setting_hardaware/interrupt_manager.c: 12:     INTCONbits.INT0IF = 0;
   997   000AB4  92F2               	bcf	242,1,c	;volatile
   998                           
   999                           ;setting_hardaware/interrupt_manager.c: 15:     PIR1bits.ADIF = 0;
  1000   000AB6  9C9E               	bcf	158,6,c	;volatile
  1001                           
  1002                           ;setting_hardaware/interrupt_manager.c: 16:     PIE1bits.ADIE = 1;
  1003   000AB8  8C9D               	bsf	157,6,c	;volatile
  1004                           
  1005                           ;setting_hardaware/interrupt_manager.c: 17:     IPR1bits.ADIP = 0;
  1006   000ABA  9C9F               	bcf	159,6,c	;volatile
  1007                           
  1008                           ;setting_hardaware/interrupt_manager.c: 20:     INTCONbits.TMR0IF = 0;
  1009   000ABC  94F2               	bcf	242,2,c	;volatile
  1010                           
  1011                           ;setting_hardaware/interrupt_manager.c: 21:     INTCONbits.TMR0IE = 1;
  1012   000ABE  8AF2               	bsf	242,5,c	;volatile
  1013                           
  1014                           ;setting_hardaware/interrupt_manager.c: 22:     INTCON2bits.TMR0IP = 0;
  1015   000AC0  94F1               	bcf	241,2,c	;volatile
  1016                           
  1017                           ;setting_hardaware/interrupt_manager.c: 25:     PIR1bits.TMR1IF = 0;
  1018   000AC2  909E               	bcf	158,0,c	;volatile
  1019                           
  1020                           ;setting_hardaware/interrupt_manager.c: 26:     PIE1bits.TMR1IE = 1;
  1021   000AC4  809D               	bsf	157,0,c	;volatile
  1022                           
  1023                           ;setting_hardaware/interrupt_manager.c: 27:     IPR1bits.TMR1IP = 0;
  1024   000AC6  909F               	bcf	159,0,c	;volatile
  1025                           
  1026                           ;setting_hardaware/interrupt_manager.c: 30:     PIR1bits.TMR2IF = 0;
  1027   000AC8  929E               	bcf	158,1,c	;volatile
  1028                           
  1029                           ;setting_hardaware/interrupt_manager.c: 31:     PIE1bits.TMR2IE = 1;
  1030   000ACA  829D               	bsf	157,1,c	;volatile
  1031                           
  1032                           ;setting_hardaware/interrupt_manager.c: 32:     IPR1bits.TMR2IP = 0;
  1033   000ACC  929F               	bcf	159,1,c	;volatile
  1034   000ACE  0012               	return		;funcret
  1035   000AD0                     __end_of_INTERRUPT_Initialize:
  1036                           	callstack 0
  1037                           
  1038 ;; *************** function _CCP1_Initialize *****************
  1039 ;; Defined at:
  1040 ;;		line 3 in file "setting_hardaware/ccp1.c"
  1041 ;; Parameters:    Size  Location     Type
  1042 ;;		None
  1043 ;; Auto vars:     Size  Location     Type
  1044 ;;		None
  1045 ;; Return value:  Size  Location     Type
  1046 ;;                  1    wreg      void 
  1047 ;; Registers used:
  1048 ;;		wreg, status,2
  1049 ;; Tracked objects:
  1050 ;;		On entry : 0/0
  1051 ;;		On exit  : 0/0
  1052 ;;		Unchanged: 0/0
  1053 ;; Data sizes:     COMRAM   BANK0   BANK1   BANK2   BANK3   BANK4   BANK5
  1054 ;;      Params:         0       0       0       0       0       0       0
  1055 ;;      Locals:         0       0       0       0       0       0       0
  1056 ;;      Temps:          0       0       0       0       0       0       0
  1057 ;;      Totals:         0       0       0       0       0       0       0
  1058 ;;Total ram usage:        0 bytes
  1059 ;; Hardware stack levels used: 1
  1060 ;; Hardware stack levels required when called: 6
  1061 ;; This function calls:
  1062 ;;		Nothing
  1063 ;; This function is called by:
  1064 ;;		_SYSTEM_Initialize
  1065 ;; This function uses a non-reentrant model
  1066 ;;
  1067                           
  1068                           	psect	text9
  1069   000BA4                     __ptext9:
  1070                           	callstack 0
  1071   000BA4                     _CCP1_Initialize:
  1072                           	callstack 23
  1073   000BA4                     
  1074                           ;setting_hardaware/ccp1.c: 4:     TRISCbits.TRISC2=0;
  1075   000BA4  9494               	bcf	148,2,c	;volatile
  1076   000BA6                     
  1077                           ;setting_hardaware/ccp1.c: 5:     CCP1CON=9;
  1078   000BA6  0E09               	movlw	9
  1079   000BA8  6EBD               	movwf	189,c	;volatile
  1080   000BAA                     
  1081                           ;setting_hardaware/ccp1.c: 6:     PIR1bits.CCP1IF=0;
  1082   000BAA  949E               	bcf	158,2,c	;volatile
  1083   000BAC                     
  1084                           ;setting_hardaware/ccp1.c: 7:     IPR1bits.CCP1IP = 1;
  1085   000BAC  849F               	bsf	159,2,c	;volatile
  1086   000BAE  0012               	return		;funcret
  1087   000BB0                     __end_of_CCP1_Initialize:
  1088                           	callstack 0
  1089                           
  1090 ;; *************** function _ADC_Initialize *****************
  1091 ;; Defined at:
  1092 ;;		line 3 in file "setting_hardaware/adc.c"
  1093 ;; Parameters:    Size  Location     Type
  1094 ;;		None
  1095 ;; Auto vars:     Size  Location     Type
  1096 ;;		None
  1097 ;; Return value:  Size  Location     Type
  1098 ;;                  1    wreg      void 
  1099 ;; Registers used:
  1100 ;;		wreg, status,2
  1101 ;; Tracked objects:
  1102 ;;		On entry : 0/0
  1103 ;;		On exit  : 0/0
  1104 ;;		Unchanged: 0/0
  1105 ;; Data sizes:     COMRAM   BANK0   BANK1   BANK2   BANK3   BANK4   BANK5
  1106 ;;      Params:         0       0       0       0       0       0       0
  1107 ;;      Locals:         0       0       0       0       0       0       0
  1108 ;;      Temps:          0       0       0       0       0       0       0
  1109 ;;      Totals:         0       0       0       0       0       0       0
  1110 ;;Total ram usage:        0 bytes
  1111 ;; Hardware stack levels used: 1
  1112 ;; Hardware stack levels required when called: 6
  1113 ;; This function calls:
  1114 ;;		Nothing
  1115 ;; This function is called by:
  1116 ;;		_SYSTEM_Initialize
  1117 ;; This function uses a non-reentrant model
  1118 ;;
  1119                           
  1120                           	psect	text10
  1121   000AD0                     __ptext10:
  1122                           	callstack 0
  1123   000AD0                     _ADC_Initialize:
  1124                           	callstack 23
  1125   000AD0                     
  1126                           ;setting_hardaware/adc.c: 4:     TRISA = 0xff;
  1127   000AD0  6892               	setf	146,c	;volatile
  1128   000AD2                     
  1129                           ;setting_hardaware/adc.c: 5:     ADCON1 = 0x0e;
  1130   000AD2  0E0E               	movlw	14
  1131   000AD4  6EC1               	movwf	193,c	;volatile
  1132   000AD6                     
  1133                           ;setting_hardaware/adc.c: 7:     ADFM = 1 ;
  1134   000AD6  8EC0               	bsf	4032,7,c	;volatile
  1135                           
  1136                           ;setting_hardaware/adc.c: 8:     ADCON2bits.ADCS = 7;
  1137   000AD8  0E07               	movlw	7
  1138   000ADA  12C0               	iorwf	192,f,c	;volatile
  1139                           
  1140                           ;setting_hardaware/adc.c: 9:     ADRESH=0;
  1141   000ADC  0E00               	movlw	0
  1142   000ADE  6EC4               	movwf	196,c	;volatile
  1143                           
  1144                           ;setting_hardaware/adc.c: 10:     ADRESL=0;
  1145   000AE0  0E00               	movlw	0
  1146   000AE2  6EC3               	movwf	195,c	;volatile
  1147                           
  1148                           ;setting_hardaware/adc.c: 12:     ADCON0 = 0b00000001;
  1149   000AE4  0E01               	movlw	1
  1150   000AE6  6EC2               	movwf	194,c	;volatile
  1151                           
  1152                           ;setting_hardaware/adc.c: 13:     ADCON1 = 0b00001110;
  1153   000AE8  0E0E               	movlw	14
  1154   000AEA  6EC1               	movwf	193,c	;volatile
  1155                           
  1156                           ;setting_hardaware/adc.c: 14:     ADCON2 = 0b10101010;
  1157   000AEC  0EAA               	movlw	170
  1158   000AEE  6EC0               	movwf	192,c	;volatile
  1159   000AF0                     
  1160                           ;setting_hardaware/adc.c: 16:     PIR1bits.ADIF = 0;
  1161   000AF0  9C9E               	bcf	158,6,c	;volatile
  1162   000AF2                     
  1163                           ;setting_hardaware/adc.c: 17:     ADCON0bits.GO = 1;
  1164   000AF2  82C2               	bsf	194,1,c	;volatile
  1165   000AF4  0012               	return		;funcret
  1166   000AF6                     __end_of_ADC_Initialize:
  1167                           	callstack 0
  1168                           
  1169 ;; *************** function _Mode2 *****************
  1170 ;; Defined at:
  1171 ;;		line 20 in file "main.c"
  1172 ;; Parameters:    Size  Location     Type
  1173 ;;		None
  1174 ;; Auto vars:     Size  Location     Type
  1175 ;;		None
  1176 ;; Return value:  Size  Location     Type
  1177 ;;                  1    wreg      void 
  1178 ;; Registers used:
  1179 ;;		None
  1180 ;; Tracked objects:
  1181 ;;		On entry : 0/0
  1182 ;;		On exit  : 0/0
  1183 ;;		Unchanged: 0/0
  1184 ;; Data sizes:     COMRAM   BANK0   BANK1   BANK2   BANK3   BANK4   BANK5
  1185 ;;      Params:         0       0       0       0       0       0       0
  1186 ;;      Locals:         0       0       0       0       0       0       0
  1187 ;;      Temps:          0       0       0       0       0       0       0
  1188 ;;      Totals:         0       0       0       0       0       0       0
  1189 ;;Total ram usage:        0 bytes
  1190 ;; Hardware stack levels used: 1
  1191 ;; Hardware stack levels required when called: 6
  1192 ;; This function calls:
  1193 ;;		Nothing
  1194 ;; This function is called by:
  1195 ;;		_main
  1196 ;; This function uses a non-reentrant model
  1197 ;;
  1198                           
  1199                           	psect	text11
  1200   000BBE                     __ptext11:
  1201                           	callstack 0
  1202   000BBE                     _Mode2:
  1203                           	callstack 24
  1204   000BBE  0012               	return		;funcret
  1205   000BC0                     __end_of_Mode2:
  1206                           	callstack 0
  1207                           
  1208 ;; *************** function _Mode1 *****************
  1209 ;; Defined at:
  1210 ;;		line 17 in file "main.c"
  1211 ;; Parameters:    Size  Location     Type
  1212 ;;		None
  1213 ;; Auto vars:     Size  Location     Type
  1214 ;;		None
  1215 ;; Return value:  Size  Location     Type
  1216 ;;                  1    wreg      void 
  1217 ;; Registers used:
  1218 ;;		None
  1219 ;; Tracked objects:
  1220 ;;		On entry : 0/0
  1221 ;;		On exit  : 0/0
  1222 ;;		Unchanged: 0/0
  1223 ;; Data sizes:     COMRAM   BANK0   BANK1   BANK2   BANK3   BANK4   BANK5
  1224 ;;      Params:         0       0       0       0       0       0       0
  1225 ;;      Locals:         0       0       0       0       0       0       0
  1226 ;;      Temps:          0       0       0       0       0       0       0
  1227 ;;      Totals:         0       0       0       0       0       0       0
  1228 ;;Total ram usage:        0 bytes
  1229 ;; Hardware stack levels used: 1
  1230 ;; Hardware stack levels required when called: 6
  1231 ;; This function calls:
  1232 ;;		Nothing
  1233 ;; This function is called by:
  1234 ;;		_main
  1235 ;; This function uses a non-reentrant model
  1236 ;;
  1237                           
  1238                           	psect	text12
  1239   000BC0                     __ptext12:
  1240                           	callstack 0
  1241   000BC0                     _Mode1:
  1242                           	callstack 24
  1243   000BC0  0012               	return		;funcret
  1244   000BC2                     __end_of_Mode1:
  1245                           	callstack 0
  1246                           
  1247 ;; *************** function _GetString *****************
  1248 ;; Defined at:
  1249 ;;		line 122 in file "setting_hardaware/uart.c"
  1250 ;; Parameters:    Size  Location     Type
  1251 ;;		None
  1252 ;; Auto vars:     Size  Location     Type
  1253 ;;		None
  1254 ;; Return value:  Size  Location     Type
  1255 ;;                  1    wreg      PTR unsigned char 
  1256 ;; Registers used:
  1257 ;;		wreg
  1258 ;; Tracked objects:
  1259 ;;		On entry : 0/0
  1260 ;;		On exit  : 0/0
  1261 ;;		Unchanged: 0/0
  1262 ;; Data sizes:     COMRAM   BANK0   BANK1   BANK2   BANK3   BANK4   BANK5
  1263 ;;      Params:         0       2       0       0       0       0       0
  1264 ;;      Locals:         0       0       0       0       0       0       0
  1265 ;;      Temps:          0       0       0       0       0       0       0
  1266 ;;      Totals:         0       2       0       0       0       0       0
  1267 ;;Total ram usage:        2 bytes
  1268 ;; Hardware stack levels used: 1
  1269 ;; Hardware stack levels required when called: 6
  1270 ;; This function calls:
  1271 ;;		Nothing
  1272 ;; This function is called by:
  1273 ;;		_main
  1274 ;; This function uses a non-reentrant model
  1275 ;;
  1276                           
  1277                           	psect	text13
  1278   000BBA                     __ptext13:
  1279                           	callstack 0
  1280   000BBA                     _GetString:
  1281                           	callstack 24
  1282   000BBA                     
  1283                           ;setting_hardaware/uart.c: 123:     return mystring;
  1284   000BBA  0E27               	movlw	_mystring& (0+255)
  1285   000BBC  0012               	return		;funcret
  1286   000BBE                     __end_of_GetString:
  1287                           	callstack 0
  1288                           
  1289 ;; *************** function _ClearBuffer *****************
  1290 ;; Defined at:
  1291 ;;		line 91 in file "setting_hardaware/uart.c"
  1292 ;; Parameters:    Size  Location     Type
  1293 ;;		None
  1294 ;; Auto vars:     Size  Location     Type
  1295 ;;  i               2   10[BANK0 ] int 
  1296 ;; Return value:  Size  Location     Type
  1297 ;;                  1    wreg      void 
  1298 ;; Registers used:
  1299 ;;		wreg, fsr2l, fsr2h, status,2, status,0
  1300 ;; Tracked objects:
  1301 ;;		On entry : 0/0
  1302 ;;		On exit  : 0/0
  1303 ;;		Unchanged: 0/0
  1304 ;; Data sizes:     COMRAM   BANK0   BANK1   BANK2   BANK3   BANK4   BANK5
  1305 ;;      Params:         0       0       0       0       0       0       0
  1306 ;;      Locals:         0       2       0       0       0       0       0
  1307 ;;      Temps:          0       0       0       0       0       0       0
  1308 ;;      Totals:         0       2       0       0       0       0       0
  1309 ;;Total ram usage:        2 bytes
  1310 ;; Hardware stack levels used: 1
  1311 ;; Hardware stack levels required when called: 6
  1312 ;; This function calls:
  1313 ;;		Nothing
  1314 ;; This function is called by:
  1315 ;;		_main
  1316 ;;		_MyusartRead
  1317 ;; This function uses a non-reentrant model
  1318 ;;
  1319                           
  1320                           	psect	text14
  1321   000A0A                     __ptext14:
  1322                           	callstack 0
  1323   000A0A                     _ClearBuffer:
  1324                           	callstack 24
  1325   000A0A                     
  1326                           ;setting_hardaware/uart.c: 92:     for(int i = 0; i < 10 ; i++)
  1327   000A0A  0E00               	movlw	0
  1328   000A0C  0100               	movlb	0	; () banked
  1329   000A0E  6F8B               	movwf	(ClearBuffer@i+1)& (0+255),b
  1330   000A10  0E00               	movlw	0
  1331   000A12  6F8A               	movwf	ClearBuffer@i& (0+255),b
  1332   000A14                     l2683:
  1333                           
  1334                           ; BSR set to: 0
  1335                           ;setting_hardaware/uart.c: 93:         mystring[i] = '\0';
  1336   000A14  518A               	movf	ClearBuffer@i& (0+255),w,b
  1337   000A16  0F27               	addlw	low _mystring
  1338   000A18  6ED9               	movwf	fsr2l,c
  1339   000A1A  6ADA               	clrf	fsr2h,c
  1340   000A1C  6ADF               	clrf	indf2,c
  1341   000A1E                     
  1342                           ; BSR set to: 0
  1343   000A1E  4B8A               	infsnz	ClearBuffer@i& (0+255),f,b
  1344   000A20  2B8B               	incf	(ClearBuffer@i+1)& (0+255),f,b
  1345   000A22                     
  1346                           ; BSR set to: 0
  1347   000A22  BF8B               	btfsc	(ClearBuffer@i+1)& (0+255),7,b
  1348   000A24  EF1D  F005         	goto	u2421
  1349   000A28  518B               	movf	(ClearBuffer@i+1)& (0+255),w,b
  1350   000A2A  E109               	bnz	u2420
  1351   000A2C  0E0A               	movlw	10
  1352   000A2E  5D8A               	subwf	ClearBuffer@i& (0+255),w,b
  1353   000A30  A0D8               	btfss	status,0,c
  1354   000A32  EF1D  F005         	goto	u2421
  1355   000A36  EF1F  F005         	goto	u2420
  1356   000A3A                     u2421:
  1357   000A3A  EF0A  F005         	goto	l2683
  1358   000A3E                     u2420:
  1359   000A3E                     
  1360                           ; BSR set to: 0
  1361                           ;setting_hardaware/uart.c: 94:     lenStr = 0;
  1362   000A3E  0E00               	movlw	0
  1363   000A40  6E12               	movwf	(_lenStr+1)^0,c
  1364   000A42  0E00               	movlw	0
  1365   000A44  6E11               	movwf	_lenStr^0,c
  1366   000A46                     
  1367                           ; BSR set to: 0
  1368   000A46  0012               	return		;funcret
  1369   000A48                     __end_of_ClearBuffer:
  1370                           	callstack 0
  1371                           
  1372 ;; *************** function _Lo_ISR *****************
  1373 ;; Defined at:
  1374 ;;		line 149 in file "setting_hardaware/uart.c"
  1375 ;; Parameters:    Size  Location     Type
  1376 ;;		None
  1377 ;; Auto vars:     Size  Location     Type
  1378 ;;  value           2    8[BANK0 ] int 
  1379 ;; Return value:  Size  Location     Type
  1380 ;;                  1    wreg      void 
  1381 ;; Registers used:
  1382 ;;		wreg, status,2, status,0, cstack
  1383 ;; Tracked objects:
  1384 ;;		On entry : 0/0
  1385 ;;		On exit  : 0/0
  1386 ;;		Unchanged: 0/0
  1387 ;; Data sizes:     COMRAM   BANK0   BANK1   BANK2   BANK3   BANK4   BANK5
  1388 ;;      Params:         0       0       0       0       0       0       0
  1389 ;;      Locals:         0       2       0       0       0       0       0
  1390 ;;      Temps:          0       6       0       0       0       0       0
  1391 ;;      Totals:         0       8       0       0       0       0       0
  1392 ;;Total ram usage:        8 bytes
  1393 ;; Hardware stack levels used: 1
  1394 ;; Hardware stack levels required when called: 5
  1395 ;; This function calls:
  1396 ;;		_abs
  1397 ;; This function is called by:
  1398 ;;		Interrupt level 1
  1399 ;; This function uses a non-reentrant model
  1400 ;;
  1401                           
  1402                           	psect	intcodelo
  1403   000018                     __pintcodelo:
  1404                           	callstack 0
  1405   000018                     _Lo_ISR:
  1406                           	callstack 23
  1407                           
  1408                           ; BSR set to: 0
  1409                           ;incstack = 0
  1410   000018  806B               	bsf	int$flags,0,c	;set compiler interrupt flag (level 1)
  1411   00001A  CFD8 F085          	movff	status,??_Lo_ISR+3
  1412   00001E  CFE8 F086          	movff	wreg,??_Lo_ISR+4
  1413   000022  CFE0 F087          	movff	bsr,??_Lo_ISR+5
  1414   000026                     
  1415                           ;setting_hardaware/uart.c: 169:     if(PIR1bits.ADIF){
  1416   000026  AC9E               	btfss	158,6,c	;volatile
  1417   000028  EF18  F000         	goto	i1u249_21
  1418   00002C  EF1A  F000         	goto	i1u249_20
  1419   000030                     i1u249_21:
  1420   000030  EF55  F000         	goto	i1l208
  1421   000034                     i1u249_20:
  1422   000034                     
  1423                           ;setting_hardaware/uart.c: 170:         int value = ((unsigned int)ADRESH << 8) | ADRESL
      +                          ;
  1424   000034  50C4               	movf	196,w,c	;volatile
  1425   000036  0100               	movlb	0	; () banked
  1426   000038  6F82               	movwf	??_Lo_ISR& (0+255),b
  1427   00003A  50C3               	movf	195,w,c	;volatile
  1428   00003C  6F88               	movwf	Lo_ISR@value& (0+255),b
  1429   00003E  C082  F089         	movff	??_Lo_ISR,Lo_ISR@value+1
  1430   000042                     
  1431                           ; BSR set to: 0
  1432                           ;setting_hardaware/uart.c: 172:         if(abs(lastV - value) > 10){
  1433   000042  5188               	movf	Lo_ISR@value& (0+255),w,b
  1434   000044  5C0D               	subwf	_lastV^0,w,c
  1435   000046  6E69               	movwf	abs@a^0,c
  1436   000048  5189               	movf	(Lo_ISR@value+1)& (0+255),w,b
  1437   00004A  580E               	subwfb	(_lastV+1)^0,w,c
  1438   00004C  6E6A               	movwf	(abs@a+1)^0,c
  1439   00004E  EC24  F005         	call	_abs	;wreg free
  1440   000052  BE6A               	btfsc	(?_abs+1)^0,7,c
  1441   000054  EF35  F000         	goto	i1u250_21
  1442   000058  506A               	movf	(?_abs+1)^0,w,c
  1443   00005A  E109               	bnz	i1u250_20
  1444   00005C  0E0B               	movlw	11
  1445   00005E  5C69               	subwf	?_abs^0,w,c
  1446   000060  A0D8               	btfss	status,0,c
  1447   000062  EF35  F000         	goto	i1u250_21
  1448   000066  EF37  F000         	goto	i1u250_20
  1449   00006A                     i1u250_21:
  1450   00006A  EF53  F000         	goto	i1l2765
  1451   00006E                     i1u250_20:
  1452   00006E                     
  1453                           ;setting_hardaware/uart.c: 173:             value = value >> 6;
  1454   00006E  C088  F082         	movff	Lo_ISR@value,??_Lo_ISR
  1455   000072  C089  F083         	movff	Lo_ISR@value+1,??_Lo_ISR+1
  1456   000076  0E06               	movlw	6
  1457   000078  0100               	movlb	0	; () banked
  1458   00007A  6F84               	movwf	(??_Lo_ISR+2)& (0+255),b
  1459   00007C                     i1u251_25:
  1460   00007C  3583               	rlcf	(??_Lo_ISR+1)& (0+255),w,b
  1461   00007E  3383               	rrcf	(??_Lo_ISR+1)& (0+255),f,b
  1462   000080  3382               	rrcf	??_Lo_ISR& (0+255),f,b
  1463   000082  2F84               	decfsz	(??_Lo_ISR+2)& (0+255),f,b
  1464   000084  EF3E  F000         	goto	i1u251_25
  1465   000088  C082  F088         	movff	??_Lo_ISR,Lo_ISR@value
  1466   00008C  C083  F089         	movff	??_Lo_ISR+1,Lo_ISR@value+1
  1467                           
  1468                           ;setting_hardaware/uart.c: 174:             value = value & 0x0F;
  1469   000090  0E0F               	movlw	15
  1470   000092  1588               	andwf	Lo_ISR@value& (0+255),w,b
  1471   000094  6F88               	movwf	Lo_ISR@value& (0+255),b
  1472   000096  6B89               	clrf	(Lo_ISR@value+1)& (0+255),b
  1473                           
  1474                           ;setting_hardaware/uart.c: 176:             LATD = value << 4;
  1475   000098  3988               	swapf	Lo_ISR@value& (0+255),w,b
  1476   00009A  0BF0               	andlw	240
  1477   00009C  6E8C               	movwf	140,c	;volatile
  1478   00009E                     
  1479                           ; BSR set to: 0
  1480                           ;setting_hardaware/uart.c: 177:             lastV = value;
  1481   00009E  C088  F00D         	movff	Lo_ISR@value,_lastV
  1482   0000A2  C089  F00E         	movff	Lo_ISR@value+1,_lastV+1
  1483   0000A6                     i1l2765:
  1484                           
  1485                           ;setting_hardaware/uart.c: 180:         PIR1bits.ADIF = 0;
  1486   0000A6  9C9E               	bcf	158,6,c	;volatile
  1487   0000A8                     
  1488                           ;setting_hardaware/uart.c: 181:         ADCON0bits.GO = 1;
  1489   0000A8  82C2               	bsf	194,1,c	;volatile
  1490   0000AA                     i1l208:
  1491   0000AA  C087  FFE0         	movff	??_Lo_ISR+5,bsr
  1492   0000AE  C086  FFE8         	movff	??_Lo_ISR+4,wreg
  1493   0000B2  C085  FFD8         	movff	??_Lo_ISR+3,status
  1494   0000B6  906B               	bcf	int$flags,0,c	;clear compiler interrupt flag (level 1)
  1495   0000B8  0010               	retfie	
  1496   0000BA                     __end_of_Lo_ISR:
  1497                           	callstack 0
  1498                           
  1499 ;; *************** function _abs *****************
  1500 ;; Defined at:
  1501 ;;		line 1 in file "C:\Program Files\Microchip\xc8\v2.46\pic\sources\c99\common\abs.c"
  1502 ;; Parameters:    Size  Location     Type
  1503 ;;  a               2   20[COMRAM] int 
  1504 ;; Auto vars:     Size  Location     Type
  1505 ;;		None
  1506 ;; Return value:  Size  Location     Type
  1507 ;;                  2   20[COMRAM] int 
  1508 ;; Registers used:
  1509 ;;		wreg, status,2, status,0
  1510 ;; Tracked objects:
  1511 ;;		On entry : 0/0
  1512 ;;		On exit  : 0/0
  1513 ;;		Unchanged: 0/0
  1514 ;; Data sizes:     COMRAM   BANK0   BANK1   BANK2   BANK3   BANK4   BANK5
  1515 ;;      Params:         2       0       0       0       0       0       0
  1516 ;;      Locals:         0       0       0       0       0       0       0
  1517 ;;      Temps:          0       2       0       0       0       0       0
  1518 ;;      Totals:         2       2       0       0       0       0       0
  1519 ;;Total ram usage:        4 bytes
  1520 ;; Hardware stack levels used: 1
  1521 ;; Hardware stack levels required when called: 4
  1522 ;; This function calls:
  1523 ;;		Nothing
  1524 ;; This function is called by:
  1525 ;;		_Lo_ISR
  1526 ;; This function uses a non-reentrant model
  1527 ;;
  1528                           
  1529                           	psect	text16
  1530   000A48                     __ptext16:
  1531                           	callstack 0
  1532   000A48                     _abs:
  1533                           	callstack 23
  1534   000A48  BE6A               	btfsc	(abs@a+1)^0,7,c
  1535   000A4A  EF29  F005         	goto	i1u243_21
  1536   000A4E  EF2B  F005         	goto	i1u243_20
  1537   000A52                     i1u243_21:
  1538   000A52  EF31  F005         	goto	i1l944
  1539   000A56                     i1u243_20:
  1540   000A56  C069  F069         	movff	abs@a,?_abs
  1541   000A5A  C06A  F06A         	movff	abs@a+1,?_abs+1
  1542   000A5E  EF3E  F005         	goto	i1l947
  1543   000A62                     i1l944:
  1544   000A62  C069  F080         	movff	abs@a,??_abs
  1545   000A66  C06A  F081         	movff	abs@a+1,??_abs+1
  1546   000A6A  0100               	movlb	0	; () banked
  1547   000A6C  1F80               	comf	??_abs& (0+255),f,b
  1548   000A6E  1F81               	comf	(??_abs+1)& (0+255),f,b
  1549   000A70  4B80               	infsnz	??_abs& (0+255),f,b
  1550   000A72  2B81               	incf	(??_abs+1)& (0+255),f,b
  1551   000A74  C080  F069         	movff	??_abs,?_abs
  1552   000A78  C081  F06A         	movff	??_abs+1,?_abs+1
  1553   000A7C                     i1l947:
  1554   000A7C  0012               	return		;funcret
  1555   000A7E                     __end_of_abs:
  1556                           	callstack 0
  1557                           
  1558 ;; *************** function _Hi_ISR *****************
  1559 ;; Defined at:
  1560 ;;		line 43 in file "main.c"
  1561 ;; Parameters:    Size  Location     Type
  1562 ;;		None
  1563 ;; Auto vars:     Size  Location     Type
  1564 ;;  ledShow         2   18[COMRAM] int 
  1565 ;; Return value:  Size  Location     Type
  1566 ;;                  1    wreg      void 
  1567 ;; Registers used:
  1568 ;;		wreg, status,2, status,0, cstack
  1569 ;; Tracked objects:
  1570 ;;		On entry : 0/0
  1571 ;;		On exit  : 0/0
  1572 ;;		Unchanged: 0/0
  1573 ;; Data sizes:     COMRAM   BANK0   BANK1   BANK2   BANK3   BANK4   BANK5
  1574 ;;      Params:         0       0       0       0       0       0       0
  1575 ;;      Locals:         2       0       0       0       0       0       0
  1576 ;;      Temps:          1       0       0       0       0       0       0
  1577 ;;      Totals:         3       0       0       0       0       0       0
  1578 ;;Total ram usage:        3 bytes
  1579 ;; Hardware stack levels used: 1
  1580 ;; Hardware stack levels required when called: 3
  1581 ;; This function calls:
  1582 ;;		_Update
  1583 ;; This function is called by:
  1584 ;;		Interrupt level 2
  1585 ;; This function uses a non-reentrant model
  1586 ;;
  1587                           
  1588                           	psect	intcode
  1589   000008                     __pintcode:
  1590                           	callstack 0
  1591   000008                     _Hi_ISR:
  1592                           	callstack 23
  1593                           
  1594                           ;incstack = 0
  1595   000008  826B               	bsf	int$flags,1,c	;set compiler interrupt flag (level 2)
  1596   00000A  ED8D  F004         	call	int_func,f	;refresh shadow registers
  1597                           
  1598                           	psect	intcode_body
  1599   00091A                     __pintcode_body:
  1600                           	callstack 23
  1601   00091A                     int_func:
  1602                           	callstack 23
  1603   00091A  0006               	pop		; remove dummy address from shadow register refresh
  1604   00091C                     
  1605                           ;main.c: 46:     if (INTCONbits.INT0IF)
  1606   00091C  A2F2               	btfss	242,1,c	;volatile
  1607   00091E  EF93  F004         	goto	i2u231_41
  1608   000922  EF95  F004         	goto	i2u231_40
  1609   000926                     i2u231_41:
  1610   000926  EFC3  F004         	goto	i2l266
  1611   00092A                     i2u231_40:
  1612   00092A                     
  1613                           ;main.c: 47:     {;main.c: 48:         _delay((unsigned long)((20)*(4000000/4000.0)));
  1614   00092A  0E1A               	movlw	26
  1615   00092C  6E66               	movwf	??_Hi_ISR^0,c
  1616   00092E  0EF8               	movlw	248
  1617   000930                     i2u256_47:
  1618   000930  2EE8               	decfsz	wreg,f,c
  1619   000932  D7FE               	bra	i2u256_47
  1620   000934  2E66               	decfsz	??_Hi_ISR^0,f,c
  1621   000936  D7FC               	bra	i2u256_47
  1622   000938  D000               	nop2	
  1623   00093A                     
  1624                           ;main.c: 49:         count ++;
  1625   00093A  4A0B               	infsnz	_count^0,f,c
  1626   00093C  2A0C               	incf	(_count+1)^0,f,c
  1627                           
  1628                           ;main.c: 50:         if(count > 999) count = 0;
  1629   00093E  BE0C               	btfsc	(_count+1)^0,7,c
  1630   000940  EFAB  F004         	goto	i2u232_41
  1631   000944  0EE8               	movlw	232
  1632   000946  5C0B               	subwf	_count^0,w,c
  1633   000948  0E03               	movlw	3
  1634   00094A  580C               	subwfb	(_count+1)^0,w,c
  1635   00094C  A0D8               	btfss	status,0,c
  1636   00094E  EFAB  F004         	goto	i2u232_41
  1637   000952  EFAD  F004         	goto	i2u232_40
  1638   000956                     i2u232_41:
  1639   000956  EFB1  F004         	goto	i2l2539
  1640   00095A                     i2u232_40:
  1641   00095A  0E00               	movlw	0
  1642   00095C  6E0C               	movwf	(_count+1)^0,c
  1643   00095E  0E00               	movlw	0
  1644   000960  6E0B               	movwf	_count^0,c
  1645   000962                     i2l2539:
  1646                           
  1647                           ;main.c: 51:         Update(count);
  1648   000962  C00B  F063         	movff	_count,Update@num
  1649   000966  C00C  F064         	movff	_count+1,Update@num+1
  1650   00096A  EC10  F003         	call	_Update	;wreg free
  1651   00096E                     
  1652                           ;main.c: 53:         int ledShow = count % 16;
  1653   00096E  0E0F               	movlw	15
  1654   000970  140B               	andwf	_count^0,w,c
  1655   000972  6E67               	movwf	Hi_ISR@ledShow^0,c
  1656   000974  6A68               	clrf	(Hi_ISR@ledShow+1)^0,c
  1657   000976                     
  1658                           ;main.c: 54:         LATD = (ledShow & 0x0F) << 4;
  1659   000976  C067  F066         	movff	Hi_ISR@ledShow,??_Hi_ISR
  1660   00097A  0E0F               	movlw	15
  1661   00097C  1666               	andwf	??_Hi_ISR^0,f,c
  1662   00097E  3866               	swapf	??_Hi_ISR^0,w,c
  1663   000980  0BF0               	andlw	240
  1664   000982  6E8C               	movwf	140,c	;volatile
  1665   000984                     
  1666                           ;main.c: 56:         INTCONbits.INT0IF = 0;
  1667   000984  92F2               	bcf	242,1,c	;volatile
  1668   000986                     i2l266:
  1669   000986  926B               	bcf	int$flags,1,c	;clear compiler interrupt flag (level 2)
  1670   000988  0011               	retfie		f
  1671   00098A                     __end_of_Hi_ISR:
  1672                           	callstack 0
  1673                           
  1674 ;; *************** function _Update *****************
  1675 ;; Defined at:
  1676 ;;		line 70 in file "setting_hardaware/uart.c"
  1677 ;; Parameters:    Size  Location     Type
  1678 ;;  num             2   14[COMRAM] int 
  1679 ;; Auto vars:     Size  Location     Type
  1680 ;;  digit           1   16[COMRAM] unsigned char 
  1681 ;; Return value:  Size  Location     Type
  1682 ;;                  1    wreg      void 
  1683 ;; Registers used:
  1684 ;;		wreg, status,2, status,0, cstack
  1685 ;; Tracked objects:
  1686 ;;		On entry : 0/0
  1687 ;;		On exit  : 0/0
  1688 ;;		Unchanged: 0/0
  1689 ;; Data sizes:     COMRAM   BANK0   BANK1   BANK2   BANK3   BANK4   BANK5
  1690 ;;      Params:         2       0       0       0       0       0       0
  1691 ;;      Locals:         1       0       0       0       0       0       0
  1692 ;;      Temps:          0       0       0       0       0       0       0
  1693 ;;      Totals:         3       0       0       0       0       0       0
  1694 ;;Total ram usage:        3 bytes
  1695 ;; Hardware stack levels used: 1
  1696 ;; Hardware stack levels required when called: 2
  1697 ;; This function calls:
  1698 ;;		_UART_DeleteN
  1699 ;;		___awdiv
  1700 ;;		___awmod
  1701 ;;		i2_UART_Write
  1702 ;; This function is called by:
  1703 ;;		_Hi_ISR
  1704 ;; This function uses a non-reentrant model
  1705 ;;
  1706                           
  1707                           	psect	text18
  1708   000620                     __ptext18:
  1709                           	callstack 0
  1710   000620                     _Update:
  1711                           	callstack 23
  1712   000620                     
  1713                           ;setting_hardaware/uart.c: 71:     UART_DeleteN(4);
  1714   000620  0E00               	movlw	0
  1715   000622  6E57               	movwf	(UART_DeleteN@n+1)^0,c
  1716   000624  0E04               	movlw	4
  1717   000626  6E56               	movwf	UART_DeleteN@n^0,c
  1718   000628  ECC5  F004         	call	_UART_DeleteN	;wreg free
  1719   00062C                     
  1720                           ;setting_hardaware/uart.c: 73:     char digit;;setting_hardaware/uart.c: 74:     if(num 
      +                          > 1000){
  1721   00062C  BE64               	btfsc	(Update@num+1)^0,7,c
  1722   00062E  EF22  F003         	goto	i2u116_41
  1723   000632  0EE9               	movlw	233
  1724   000634  5C63               	subwf	Update@num^0,w,c
  1725   000636  0E03               	movlw	3
  1726   000638  5864               	subwfb	(Update@num+1)^0,w,c
  1727   00063A  A0D8               	btfss	status,0,c
  1728   00063C  EF22  F003         	goto	i2u116_41
  1729   000640  EF24  F003         	goto	i2u116_40
  1730   000644                     i2u116_41:
  1731   000644  EF34  F003         	goto	i2l1989
  1732   000648                     i2u116_40:
  1733   000648                     
  1734                           ;setting_hardaware/uart.c: 75:         digit = '0' + num / 1000;
  1735   000648  C063  F05B         	movff	Update@num,___awdiv@dividend
  1736   00064C  C064  F05C         	movff	Update@num+1,___awdiv@dividend+1
  1737   000650  0E03               	movlw	3
  1738   000652  6E5E               	movwf	(___awdiv@divisor+1)^0,c
  1739   000654  0EE8               	movlw	232
  1740   000656  6E5D               	movwf	___awdiv@divisor^0,c
  1741   000658  EC95  F003         	call	___awdiv	;wreg free
  1742   00065C  505B               	movf	?___awdiv^0,w,c
  1743   00065E  0F30               	addlw	48
  1744   000660  6E65               	movwf	Update@digit^0,c
  1745   000662                     
  1746                           ;setting_hardaware/uart.c: 76:         UART_Write(digit);
  1747   000662  5065               	movf	Update@digit^0,w,c
  1748   000664  ECBE  F005         	call	i2_UART_Write
  1749   000668                     i2l1989:
  1750                           
  1751                           ;setting_hardaware/uart.c: 78:     if(num > 100){
  1752   000668  BE64               	btfsc	(Update@num+1)^0,7,c
  1753   00066A  EF40  F003         	goto	i2u117_41
  1754   00066E  5064               	movf	(Update@num+1)^0,w,c
  1755   000670  E109               	bnz	i2u117_40
  1756   000672  0E65               	movlw	101
  1757   000674  5C63               	subwf	Update@num^0,w,c
  1758   000676  A0D8               	btfss	status,0,c
  1759   000678  EF40  F003         	goto	i2u117_41
  1760   00067C  EF42  F003         	goto	i2u117_40
  1761   000680                     i2u117_41:
  1762   000680  EF5C  F003         	goto	i2l1995
  1763   000684                     i2u117_40:
  1764   000684                     
  1765                           ;setting_hardaware/uart.c: 79:         digit = '0' + (num % 1000) / 100;
  1766   000684  0E03               	movlw	3
  1767   000686  6E58               	movwf	(___awmod@divisor+1)^0,c
  1768   000688  0EE8               	movlw	232
  1769   00068A  6E57               	movwf	___awmod@divisor^0,c
  1770   00068C  C063  F055         	movff	Update@num,___awmod@dividend
  1771   000690  C064  F056         	movff	Update@num+1,___awmod@dividend+1
  1772   000694  ECF7  F003         	call	___awmod	;wreg free
  1773   000698  C055  F05B         	movff	?___awmod,___awdiv@dividend
  1774   00069C  C056  F05C         	movff	?___awmod+1,___awdiv@dividend+1
  1775   0006A0  0E00               	movlw	0
  1776   0006A2  6E5E               	movwf	(___awdiv@divisor+1)^0,c
  1777   0006A4  0E64               	movlw	100
  1778   0006A6  6E5D               	movwf	___awdiv@divisor^0,c
  1779   0006A8  EC95  F003         	call	___awdiv	;wreg free
  1780   0006AC  505B               	movf	?___awdiv^0,w,c
  1781   0006AE  0F30               	addlw	48
  1782   0006B0  6E65               	movwf	Update@digit^0,c
  1783   0006B2                     
  1784                           ;setting_hardaware/uart.c: 80:         UART_Write(digit);
  1785   0006B2  5065               	movf	Update@digit^0,w,c
  1786   0006B4  ECBE  F005         	call	i2_UART_Write
  1787   0006B8                     i2l1995:
  1788                           
  1789                           ;setting_hardaware/uart.c: 82:     if(num > 10){
  1790   0006B8  BE64               	btfsc	(Update@num+1)^0,7,c
  1791   0006BA  EF68  F003         	goto	i2u118_41
  1792   0006BE  5064               	movf	(Update@num+1)^0,w,c
  1793   0006C0  E109               	bnz	i2u118_40
  1794   0006C2  0E0B               	movlw	11
  1795   0006C4  5C63               	subwf	Update@num^0,w,c
  1796   0006C6  A0D8               	btfss	status,0,c
  1797   0006C8  EF68  F003         	goto	i2u118_41
  1798   0006CC  EF6A  F003         	goto	i2u118_40
  1799   0006D0                     i2u118_41:
  1800   0006D0  EF84  F003         	goto	i2l2001
  1801   0006D4                     i2u118_40:
  1802   0006D4                     
  1803                           ;setting_hardaware/uart.c: 83:         digit = '0' + (num % 100) / 10;
  1804   0006D4  0E00               	movlw	0
  1805   0006D6  6E58               	movwf	(___awmod@divisor+1)^0,c
  1806   0006D8  0E64               	movlw	100
  1807   0006DA  6E57               	movwf	___awmod@divisor^0,c
  1808   0006DC  C063  F055         	movff	Update@num,___awmod@dividend
  1809   0006E0  C064  F056         	movff	Update@num+1,___awmod@dividend+1
  1810   0006E4  ECF7  F003         	call	___awmod	;wreg free
  1811   0006E8  C055  F05B         	movff	?___awmod,___awdiv@dividend
  1812   0006EC  C056  F05C         	movff	?___awmod+1,___awdiv@dividend+1
  1813   0006F0  0E00               	movlw	0
  1814   0006F2  6E5E               	movwf	(___awdiv@divisor+1)^0,c
  1815   0006F4  0E0A               	movlw	10
  1816   0006F6  6E5D               	movwf	___awdiv@divisor^0,c
  1817   0006F8  EC95  F003         	call	___awdiv	;wreg free
  1818   0006FC  505B               	movf	?___awdiv^0,w,c
  1819   0006FE  0F30               	addlw	48
  1820   000700  6E65               	movwf	Update@digit^0,c
  1821   000702                     
  1822                           ;setting_hardaware/uart.c: 84:         UART_Write(digit);
  1823   000702  5065               	movf	Update@digit^0,w,c
  1824   000704  ECBE  F005         	call	i2_UART_Write
  1825   000708                     i2l2001:
  1826                           
  1827                           ;setting_hardaware/uart.c: 87:     digit = '0' + (num % 10);
  1828   000708  C063  F055         	movff	Update@num,___awmod@dividend
  1829   00070C  C064  F056         	movff	Update@num+1,___awmod@dividend+1
  1830   000710  0E00               	movlw	0
  1831   000712  6E58               	movwf	(___awmod@divisor+1)^0,c
  1832   000714  0E0A               	movlw	10
  1833   000716  6E57               	movwf	___awmod@divisor^0,c
  1834   000718  ECF7  F003         	call	___awmod	;wreg free
  1835   00071C  5055               	movf	?___awmod^0,w,c
  1836   00071E  0F30               	addlw	48
  1837   000720  6E65               	movwf	Update@digit^0,c
  1838                           
  1839                           ;setting_hardaware/uart.c: 88:     UART_Write(digit);
  1840   000722  5065               	movf	Update@digit^0,w,c
  1841   000724  ECBE  F005         	call	i2_UART_Write
  1842   000728  0012               	return		;funcret
  1843   00072A                     __end_of_Update:
  1844                           	callstack 0
  1845                           
  1846 ;; *************** function ___awmod *****************
  1847 ;; Defined at:
  1848 ;;		line 7 in file "C:\Program Files\Microchip\xc8\v2.46\pic\sources\c99\common\awmod.c"
  1849 ;; Parameters:    Size  Location     Type
  1850 ;;  dividend        2    0[COMRAM] int 
  1851 ;;  divisor         2    2[COMRAM] int 
  1852 ;; Auto vars:     Size  Location     Type
  1853 ;;  sign            1    5[COMRAM] unsigned char 
  1854 ;;  counter         1    4[COMRAM] unsigned char 
  1855 ;; Return value:  Size  Location     Type
  1856 ;;                  2    0[COMRAM] int 
  1857 ;; Registers used:
  1858 ;;		wreg, status,2, status,0
  1859 ;; Tracked objects:
  1860 ;;		On entry : 0/0
  1861 ;;		On exit  : 0/0
  1862 ;;		Unchanged: 0/0
  1863 ;; Data sizes:     COMRAM   BANK0   BANK1   BANK2   BANK3   BANK4   BANK5
  1864 ;;      Params:         4       0       0       0       0       0       0
  1865 ;;      Locals:         2       0       0       0       0       0       0
  1866 ;;      Temps:          0       0       0       0       0       0       0
  1867 ;;      Totals:         6       0       0       0       0       0       0
  1868 ;;Total ram usage:        6 bytes
  1869 ;; Hardware stack levels used: 1
  1870 ;; This function calls:
  1871 ;;		Nothing
  1872 ;; This function is called by:
  1873 ;;		_Update
  1874 ;;		_putch
  1875 ;; This function uses a non-reentrant model
  1876 ;;
  1877                           
  1878                           	psect	text19
  1879   0007EE                     __ptext19:
  1880                           	callstack 0
  1881   0007EE                     ___awmod:
  1882                           	callstack 24
  1883   0007EE  0E00               	movlw	0
  1884   0007F0  6E5A               	movwf	___awmod@sign^0,c
  1885   0007F2  BE56               	btfsc	(___awmod@dividend+1)^0,7,c
  1886   0007F4  EF00  F004         	goto	i2u89_40
  1887   0007F8  EFFE  F003         	goto	i2u89_41
  1888   0007FC                     i2u89_41:
  1889   0007FC  EF06  F004         	goto	i2l1849
  1890   000800                     i2u89_40:
  1891   000800  6C55               	negf	___awmod@dividend^0,c
  1892   000802  1E56               	comf	(___awmod@dividend+1)^0,f,c
  1893   000804  B0D8               	btfsc	status,0,c
  1894   000806  2A56               	incf	(___awmod@dividend+1)^0,f,c
  1895   000808  0E01               	movlw	1
  1896   00080A  6E5A               	movwf	___awmod@sign^0,c
  1897   00080C                     i2l1849:
  1898   00080C  BE58               	btfsc	(___awmod@divisor+1)^0,7,c
  1899   00080E  EF0D  F004         	goto	i2u90_40
  1900   000812  EF0B  F004         	goto	i2u90_41
  1901   000816                     i2u90_41:
  1902   000816  EF11  F004         	goto	i2l1853
  1903   00081A                     i2u90_40:
  1904   00081A  6C57               	negf	___awmod@divisor^0,c
  1905   00081C  1E58               	comf	(___awmod@divisor+1)^0,f,c
  1906   00081E  B0D8               	btfsc	status,0,c
  1907   000820  2A58               	incf	(___awmod@divisor+1)^0,f,c
  1908   000822                     i2l1853:
  1909   000822  5057               	movf	___awmod@divisor^0,w,c
  1910   000824  1058               	iorwf	(___awmod@divisor+1)^0,w,c
  1911   000826  B4D8               	btfsc	status,2,c
  1912   000828  EF18  F004         	goto	i2u91_41
  1913   00082C  EF1A  F004         	goto	i2u91_40
  1914   000830                     i2u91_41:
  1915   000830  EF3E  F004         	goto	i2l1869
  1916   000834                     i2u91_40:
  1917   000834  0E01               	movlw	1
  1918   000836  6E59               	movwf	___awmod@counter^0,c
  1919   000838  EF22  F004         	goto	i2l1859
  1920   00083C                     i2l1857:
  1921   00083C  90D8               	bcf	status,0,c
  1922   00083E  3657               	rlcf	___awmod@divisor^0,f,c
  1923   000840  3658               	rlcf	(___awmod@divisor+1)^0,f,c
  1924   000842  2A59               	incf	___awmod@counter^0,f,c
  1925   000844                     i2l1859:
  1926   000844  AE58               	btfss	(___awmod@divisor+1)^0,7,c
  1927   000846  EF27  F004         	goto	i2u92_41
  1928   00084A  EF29  F004         	goto	i2u92_40
  1929   00084E                     i2u92_41:
  1930   00084E  EF1E  F004         	goto	i2l1857
  1931   000852                     i2u92_40:
  1932   000852                     i2l1861:
  1933   000852  5057               	movf	___awmod@divisor^0,w,c
  1934   000854  5C55               	subwf	___awmod@dividend^0,w,c
  1935   000856  5058               	movf	(___awmod@divisor+1)^0,w,c
  1936   000858  5856               	subwfb	(___awmod@dividend+1)^0,w,c
  1937   00085A  A0D8               	btfss	status,0,c
  1938   00085C  EF32  F004         	goto	i2u93_41
  1939   000860  EF34  F004         	goto	i2u93_40
  1940   000864                     i2u93_41:
  1941   000864  EF38  F004         	goto	i2l1865
  1942   000868                     i2u93_40:
  1943   000868  5057               	movf	___awmod@divisor^0,w,c
  1944   00086A  5E55               	subwf	___awmod@dividend^0,f,c
  1945   00086C  5058               	movf	(___awmod@divisor+1)^0,w,c
  1946   00086E  5A56               	subwfb	(___awmod@dividend+1)^0,f,c
  1947   000870                     i2l1865:
  1948   000870  90D8               	bcf	status,0,c
  1949   000872  3258               	rrcf	(___awmod@divisor+1)^0,f,c
  1950   000874  3257               	rrcf	___awmod@divisor^0,f,c
  1951   000876  2E59               	decfsz	___awmod@counter^0,f,c
  1952   000878  EF29  F004         	goto	i2l1861
  1953   00087C                     i2l1869:
  1954   00087C  505A               	movf	___awmod@sign^0,w,c
  1955   00087E  B4D8               	btfsc	status,2,c
  1956   000880  EF44  F004         	goto	i2u94_41
  1957   000884  EF46  F004         	goto	i2u94_40
  1958   000888                     i2u94_41:
  1959   000888  EF4A  F004         	goto	i2l1873
  1960   00088C                     i2u94_40:
  1961   00088C  6C55               	negf	___awmod@dividend^0,c
  1962   00088E  1E56               	comf	(___awmod@dividend+1)^0,f,c
  1963   000890  B0D8               	btfsc	status,0,c
  1964   000892  2A56               	incf	(___awmod@dividend+1)^0,f,c
  1965   000894                     i2l1873:
  1966   000894  C055  F055         	movff	___awmod@dividend,?___awmod
  1967   000898  C056  F056         	movff	___awmod@dividend+1,?___awmod+1
  1968   00089C  0012               	return		;funcret
  1969   00089E                     __end_of___awmod:
  1970                           	callstack 0
  1971                           
  1972 ;; *************** function ___awdiv *****************
  1973 ;; Defined at:
  1974 ;;		line 7 in file "C:\Program Files\Microchip\xc8\v2.46\pic\sources\c99\common\awdiv.c"
  1975 ;; Parameters:    Size  Location     Type
  1976 ;;  dividend        2    6[COMRAM] int 
  1977 ;;  divisor         2    8[COMRAM] int 
  1978 ;; Auto vars:     Size  Location     Type
  1979 ;;  quotient        2   12[COMRAM] int 
  1980 ;;  sign            1   11[COMRAM] unsigned char 
  1981 ;;  counter         1   10[COMRAM] unsigned char 
  1982 ;; Return value:  Size  Location     Type
  1983 ;;                  2    6[COMRAM] int 
  1984 ;; Registers used:
  1985 ;;		wreg, status,2, status,0
  1986 ;; Tracked objects:
  1987 ;;		On entry : 0/0
  1988 ;;		On exit  : 0/0
  1989 ;;		Unchanged: 0/0
  1990 ;; Data sizes:     COMRAM   BANK0   BANK1   BANK2   BANK3   BANK4   BANK5
  1991 ;;      Params:         4       0       0       0       0       0       0
  1992 ;;      Locals:         4       0       0       0       0       0       0
  1993 ;;      Temps:          0       0       0       0       0       0       0
  1994 ;;      Totals:         8       0       0       0       0       0       0
  1995 ;;Total ram usage:        8 bytes
  1996 ;; Hardware stack levels used: 1
  1997 ;; This function calls:
  1998 ;;		Nothing
  1999 ;; This function is called by:
  2000 ;;		_Update
  2001 ;;		_putch
  2002 ;; This function uses a non-reentrant model
  2003 ;;
  2004                           
  2005                           	psect	text20
  2006   00072A                     __ptext20:
  2007                           	callstack 0
  2008   00072A                     ___awdiv:
  2009                           	callstack 24
  2010   00072A  0E00               	movlw	0
  2011   00072C  6E60               	movwf	___awdiv@sign^0,c
  2012   00072E  BE5E               	btfsc	(___awdiv@divisor+1)^0,7,c
  2013   000730  EF9E  F003         	goto	i2u83_40
  2014   000734  EF9C  F003         	goto	i2u83_41
  2015   000738                     i2u83_41:
  2016   000738  EFA4  F003         	goto	i2l1805
  2017   00073C                     i2u83_40:
  2018   00073C  6C5D               	negf	___awdiv@divisor^0,c
  2019   00073E  1E5E               	comf	(___awdiv@divisor+1)^0,f,c
  2020   000740  B0D8               	btfsc	status,0,c
  2021   000742  2A5E               	incf	(___awdiv@divisor+1)^0,f,c
  2022   000744  0E01               	movlw	1
  2023   000746  6E60               	movwf	___awdiv@sign^0,c
  2024   000748                     i2l1805:
  2025   000748  BE5C               	btfsc	(___awdiv@dividend+1)^0,7,c
  2026   00074A  EFAB  F003         	goto	i2u84_40
  2027   00074E  EFA9  F003         	goto	i2u84_41
  2028   000752                     i2u84_41:
  2029   000752  EFB1  F003         	goto	i2l1811
  2030   000756                     i2u84_40:
  2031   000756  6C5B               	negf	___awdiv@dividend^0,c
  2032   000758  1E5C               	comf	(___awdiv@dividend+1)^0,f,c
  2033   00075A  B0D8               	btfsc	status,0,c
  2034   00075C  2A5C               	incf	(___awdiv@dividend+1)^0,f,c
  2035   00075E  0E01               	movlw	1
  2036   000760  1A60               	xorwf	___awdiv@sign^0,f,c
  2037   000762                     i2l1811:
  2038   000762  0E00               	movlw	0
  2039   000764  6E62               	movwf	(___awdiv@quotient+1)^0,c
  2040   000766  0E00               	movlw	0
  2041   000768  6E61               	movwf	___awdiv@quotient^0,c
  2042   00076A  505D               	movf	___awdiv@divisor^0,w,c
  2043   00076C  105E               	iorwf	(___awdiv@divisor+1)^0,w,c
  2044   00076E  B4D8               	btfsc	status,2,c
  2045   000770  EFBC  F003         	goto	i2u85_41
  2046   000774  EFBE  F003         	goto	i2u85_40
  2047   000778                     i2u85_41:
  2048   000778  EFE6  F003         	goto	i2l1833
  2049   00077C                     i2u85_40:
  2050   00077C  0E01               	movlw	1
  2051   00077E  6E5F               	movwf	___awdiv@counter^0,c
  2052   000780  EFC6  F003         	goto	i2l1819
  2053   000784                     i2l1817:
  2054   000784  90D8               	bcf	status,0,c
  2055   000786  365D               	rlcf	___awdiv@divisor^0,f,c
  2056   000788  365E               	rlcf	(___awdiv@divisor+1)^0,f,c
  2057   00078A  2A5F               	incf	___awdiv@counter^0,f,c
  2058   00078C                     i2l1819:
  2059   00078C  AE5E               	btfss	(___awdiv@divisor+1)^0,7,c
  2060   00078E  EFCB  F003         	goto	i2u86_41
  2061   000792  EFCD  F003         	goto	i2u86_40
  2062   000796                     i2u86_41:
  2063   000796  EFC2  F003         	goto	i2l1817
  2064   00079A                     i2u86_40:
  2065   00079A                     i2l1821:
  2066   00079A  90D8               	bcf	status,0,c
  2067   00079C  3661               	rlcf	___awdiv@quotient^0,f,c
  2068   00079E  3662               	rlcf	(___awdiv@quotient+1)^0,f,c
  2069   0007A0  505D               	movf	___awdiv@divisor^0,w,c
  2070   0007A2  5C5B               	subwf	___awdiv@dividend^0,w,c
  2071   0007A4  505E               	movf	(___awdiv@divisor+1)^0,w,c
  2072   0007A6  585C               	subwfb	(___awdiv@dividend+1)^0,w,c
  2073   0007A8  A0D8               	btfss	status,0,c
  2074   0007AA  EFD9  F003         	goto	i2u87_41
  2075   0007AE  EFDB  F003         	goto	i2u87_40
  2076   0007B2                     i2u87_41:
  2077   0007B2  EFE0  F003         	goto	i2l1829
  2078   0007B6                     i2u87_40:
  2079   0007B6  505D               	movf	___awdiv@divisor^0,w,c
  2080   0007B8  5E5B               	subwf	___awdiv@dividend^0,f,c
  2081   0007BA  505E               	movf	(___awdiv@divisor+1)^0,w,c
  2082   0007BC  5A5C               	subwfb	(___awdiv@dividend+1)^0,f,c
  2083   0007BE  8061               	bsf	___awdiv@quotient^0,0,c
  2084   0007C0                     i2l1829:
  2085   0007C0  90D8               	bcf	status,0,c
  2086   0007C2  325E               	rrcf	(___awdiv@divisor+1)^0,f,c
  2087   0007C4  325D               	rrcf	___awdiv@divisor^0,f,c
  2088   0007C6  2E5F               	decfsz	___awdiv@counter^0,f,c
  2089   0007C8  EFCD  F003         	goto	i2l1821
  2090   0007CC                     i2l1833:
  2091   0007CC  5060               	movf	___awdiv@sign^0,w,c
  2092   0007CE  B4D8               	btfsc	status,2,c
  2093   0007D0  EFEC  F003         	goto	i2u88_41
  2094   0007D4  EFEE  F003         	goto	i2u88_40
  2095   0007D8                     i2u88_41:
  2096   0007D8  EFF2  F003         	goto	i2l1837
  2097   0007DC                     i2u88_40:
  2098   0007DC  6C61               	negf	___awdiv@quotient^0,c
  2099   0007DE  1E62               	comf	(___awdiv@quotient+1)^0,f,c
  2100   0007E0  B0D8               	btfsc	status,0,c
  2101   0007E2  2A62               	incf	(___awdiv@quotient+1)^0,f,c
  2102   0007E4                     i2l1837:
  2103   0007E4  C061  F05B         	movff	___awdiv@quotient,?___awdiv
  2104   0007E8  C062  F05C         	movff	___awdiv@quotient+1,?___awdiv+1
  2105   0007EC  0012               	return		;funcret
  2106   0007EE                     __end_of___awdiv:
  2107                           	callstack 0
  2108                           
  2109 ;; *************** function _UART_DeleteN *****************
  2110 ;; Defined at:
  2111 ;;		line 55 in file "setting_hardaware/uart.c"
  2112 ;; Parameters:    Size  Location     Type
  2113 ;;  n               2    1[COMRAM] int 
  2114 ;; Auto vars:     Size  Location     Type
  2115 ;;  i               2    4[COMRAM] int 
  2116 ;; Return value:  Size  Location     Type
  2117 ;;                  1    wreg      void 
  2118 ;; Registers used:
  2119 ;;		wreg, status,2, status,0, cstack
  2120 ;; Tracked objects:
  2121 ;;		On entry : 0/0
  2122 ;;		On exit  : 0/0
  2123 ;;		Unchanged: 0/0
  2124 ;; Data sizes:     COMRAM   BANK0   BANK1   BANK2   BANK3   BANK4   BANK5
  2125 ;;      Params:         2       0       0       0       0       0       0
  2126 ;;      Locals:         2       0       0       0       0       0       0
  2127 ;;      Temps:          1       0       0       0       0       0       0
  2128 ;;      Totals:         5       0       0       0       0       0       0
  2129 ;;Total ram usage:        5 bytes
  2130 ;; Hardware stack levels used: 1
  2131 ;; Hardware stack levels required when called: 1
  2132 ;; This function calls:
  2133 ;;		i2_UART_Write
  2134 ;; This function is called by:
  2135 ;;		_Update
  2136 ;;		_putch
  2137 ;; This function uses a non-reentrant model
  2138 ;;
  2139                           
  2140                           	psect	text21
  2141   00098A                     __ptext21:
  2142                           	callstack 0
  2143   00098A                     _UART_DeleteN:
  2144                           	callstack 23
  2145   00098A                     
  2146                           ;setting_hardaware/uart.c: 55: void UART_DeleteN(int n);setting_hardaware/uart.c: 56: {;
      +                          setting_hardaware/uart.c: 57:     for(int i = 0; i < n; i++)
  2147   00098A  0E00               	movlw	0
  2148   00098C  6E5A               	movwf	(UART_DeleteN@i+1)^0,c
  2149   00098E  0E00               	movlw	0
  2150   000990  6E59               	movwf	UART_DeleteN@i^0,c
  2151   000992  EFD6  F004         	goto	i2l1511
  2152   000996                     i2l1507:
  2153                           
  2154                           ;setting_hardaware/uart.c: 58:     {;setting_hardaware/uart.c: 59:         UART_Write('\
      +                          b');
  2155   000996  0E08               	movlw	8
  2156   000998  ECBE  F005         	call	i2_UART_Write
  2157                           
  2158                           ;setting_hardaware/uart.c: 60:         UART_Write(' ');
  2159   00099C  0E20               	movlw	32
  2160   00099E  ECBE  F005         	call	i2_UART_Write
  2161                           
  2162                           ;setting_hardaware/uart.c: 61:         UART_Write('\b');
  2163   0009A2  0E08               	movlw	8
  2164   0009A4  ECBE  F005         	call	i2_UART_Write
  2165   0009A8                     
  2166                           ;setting_hardaware/uart.c: 62:     }
  2167   0009A8  4A59               	infsnz	UART_DeleteN@i^0,f,c
  2168   0009AA  2A5A               	incf	(UART_DeleteN@i+1)^0,f,c
  2169   0009AC                     i2l1511:
  2170   0009AC  5056               	movf	UART_DeleteN@n^0,w,c
  2171   0009AE  5C59               	subwf	UART_DeleteN@i^0,w,c
  2172   0009B0  505A               	movf	(UART_DeleteN@i+1)^0,w,c
  2173   0009B2  0A80               	xorlw	128
  2174   0009B4  6E58               	movwf	??_UART_DeleteN^0,c
  2175   0009B6  5057               	movf	(UART_DeleteN@n+1)^0,w,c
  2176   0009B8  0A80               	xorlw	128
  2177   0009BA  5858               	subwfb	??_UART_DeleteN^0,w,c
  2178   0009BC  A0D8               	btfss	status,0,c
  2179   0009BE  EFE3  F004         	goto	i2u38_41
  2180   0009C2  EFE5  F004         	goto	i2u38_40
  2181   0009C6                     i2u38_41:
  2182   0009C6  EFCB  F004         	goto	i2l1507
  2183   0009CA                     i2u38_40:
  2184   0009CA  0012               	return		;funcret
  2185   0009CC                     __end_of_UART_DeleteN:
  2186                           	callstack 0
  2187                           
  2188 ;; *************** function i2_UART_Write *****************
  2189 ;; Defined at:
  2190 ;;		line 49 in file "setting_hardaware/uart.c"
  2191 ;; Parameters:    Size  Location     Type
  2192 ;;  data            1    wreg     unsigned char 
  2193 ;; Auto vars:     Size  Location     Type
  2194 ;;  data            1    0[COMRAM] unsigned char 
  2195 ;; Return value:  Size  Location     Type
  2196 ;;                  1    wreg      void 
  2197 ;; Registers used:
  2198 ;;		wreg
  2199 ;; Tracked objects:
  2200 ;;		On entry : 0/0
  2201 ;;		On exit  : 0/0
  2202 ;;		Unchanged: 0/0
  2203 ;; Data sizes:     COMRAM   BANK0   BANK1   BANK2   BANK3   BANK4   BANK5
  2204 ;;      Params:         0       0       0       0       0       0       0
  2205 ;;      Locals:         1       0       0       0       0       0       0
  2206 ;;      Temps:          0       0       0       0       0       0       0
  2207 ;;      Totals:         1       0       0       0       0       0       0
  2208 ;;Total ram usage:        1 bytes
  2209 ;; Hardware stack levels used: 1
  2210 ;; This function calls:
  2211 ;;		Nothing
  2212 ;; This function is called by:
  2213 ;;		_UART_DeleteN
  2214 ;;		_Update
  2215 ;; This function uses a non-reentrant model
  2216 ;;
  2217                           
  2218                           	psect	text22
  2219   000B7C                     __ptext22:
  2220                           	callstack 0
  2221   000B7C                     i2_UART_Write:
  2222                           	callstack 24
  2223                           
  2224                           ;incstack = 0
  2225                           ;i2UART_Write@data stored from wreg
  2226   000B7C  6E55               	movwf	i2UART_Write@data^0,c
  2227   000B7E                     i2l162:
  2228   000B7E  A2AC               	btfss	172,1,c	;volatile
  2229   000B80  EFC4  F005         	goto	i2u37_41
  2230   000B84  EFC6  F005         	goto	i2u37_40
  2231   000B88                     i2u37_41:
  2232   000B88  EFBF  F005         	goto	i2l162
  2233   000B8C                     i2u37_40:
  2234   000B8C                     
  2235                           ;setting_hardaware/uart.c: 52:     TXREG = data;
  2236   000B8C  C055  FFAD         	movff	i2UART_Write@data,4013	;volatile
  2237   000B90  0012               	return		;funcret
  2238   000B92                     __end_ofi2_UART_Write:
  2239                           	callstack 0
  2240                           
  2241                           	psect	rparam
  2242   000000                     
  2243                           	psect	temp
  2244   00006B                     btemp:
  2245                           	callstack 0
  2246   00006B                     	ds	1
  2247   000000                     int$flags	set	btemp
  2248   000000                     wtemp8	set	btemp+1
  2249   000000                     ttemp5	set	btemp+1
  2250   000000                     ttemp6	set	btemp+4
  2251   000000                     ttemp7	set	btemp+8
  2252                           
  2253                           	psect	idloc
  2254                           
  2255                           ;Config register IDLOC0 @ 0x200000
  2256                           ;	unspecified, using default values
  2257   200000                     	org	2097152
  2258   200000  FF                 	db	255
  2259                           
  2260                           ;Config register IDLOC1 @ 0x200001
  2261                           ;	unspecified, using default values
  2262   200001                     	org	2097153
  2263   200001  FF                 	db	255
  2264                           
  2265                           ;Config register IDLOC2 @ 0x200002
  2266                           ;	unspecified, using default values
  2267   200002                     	org	2097154
  2268   200002  FF                 	db	255
  2269                           
  2270                           ;Config register IDLOC3 @ 0x200003
  2271                           ;	unspecified, using default values
  2272   200003                     	org	2097155
  2273   200003  FF                 	db	255
  2274                           
  2275                           ;Config register IDLOC4 @ 0x200004
  2276                           ;	unspecified, using default values
  2277   200004                     	org	2097156
  2278   200004  FF                 	db	255
  2279                           
  2280                           ;Config register IDLOC5 @ 0x200005
  2281                           ;	unspecified, using default values
  2282   200005                     	org	2097157
  2283   200005  FF                 	db	255
  2284                           
  2285                           ;Config register IDLOC6 @ 0x200006
  2286                           ;	unspecified, using default values
  2287   200006                     	org	2097158
  2288   200006  FF                 	db	255
  2289                           
  2290                           ;Config register IDLOC7 @ 0x200007
  2291                           ;	unspecified, using default values
  2292   200007                     	org	2097159
  2293   200007  FF                 	db	255
  2294                           
  2295                           	psect	config
  2296                           
  2297                           ; Padding undefined space
  2298   300000                     	org	3145728
  2299   300000  FF                 	db	255
  2300                           
  2301                           ;Config register CONFIG1H @ 0x300001
  2302                           ;	Oscillator Selection bits
  2303                           ;	OSC = INTIO67, Internal oscillator block, port function on RA6 and RA7
  2304                           ;	Fail-Safe Clock Monitor Enable bit
  2305                           ;	FCMEN = OFF, Fail-Safe Clock Monitor disabled
  2306                           ;	Internal/External Oscillator Switchover bit
  2307                           ;	IESO = ON, Oscillator Switchover mode enabled
  2308   300001                     	org	3145729
  2309   300001  88                 	db	136
  2310                           
  2311                           ;Config register CONFIG2L @ 0x300002
  2312                           ;	Power-up Timer Enable bit
  2313                           ;	PWRT = OFF, PWRT disabled
  2314                           ;	Brown-out Reset Enable bits
  2315                           ;	BOREN = SBORDIS, Brown-out Reset enabled in hardware only (SBOREN is disabled)
  2316                           ;	Brown Out Reset Voltage bits
  2317                           ;	BORV = 3, Minimum setting
  2318   300002                     	org	3145730
  2319   300002  1F                 	db	31
  2320                           
  2321                           ;Config register CONFIG2H @ 0x300003
  2322                           ;	Watchdog Timer Enable bit
  2323                           ;	WDT = OFF, WDT disabled (control is placed on the SWDTEN bit)
  2324                           ;	Watchdog Timer Postscale Select bits
  2325                           ;	WDTPS = 1, 1:1
  2326   300003                     	org	3145731
  2327   300003  00                 	db	0
  2328                           
  2329                           ; Padding undefined space
  2330   300004                     	org	3145732
  2331   300004  FF                 	db	255
  2332                           
  2333                           ;Config register CONFIG3H @ 0x300005
  2334                           ;	CCP2 MUX bit
  2335                           ;	CCP2MX = PORTC, CCP2 input/output is multiplexed with RC1
  2336                           ;	PORTB A/D Enable bit
  2337                           ;	PBADEN = OFF, PORTB<4:0> pins are configured as digital I/O on Reset
  2338                           ;	Low-Power Timer1 Oscillator Enable bit
  2339                           ;	LPT1OSC = OFF, Timer1 configured for higher power operation
  2340                           ;	MCLR Pin Enable bit
  2341                           ;	MCLRE = ON, MCLR pin enabled; RE3 input pin disabled
  2342   300005                     	org	3145733
  2343   300005  81                 	db	129
  2344                           
  2345                           ;Config register CONFIG4L @ 0x300006
  2346                           ;	Stack Full/Underflow Reset Enable bit
  2347                           ;	STVREN = ON, Stack full/underflow will cause Reset
  2348                           ;	Single-Supply ICSP Enable bit
  2349                           ;	LVP = OFF, Single-Supply ICSP disabled
  2350                           ;	Extended Instruction Set Enable bit
  2351                           ;	XINST = OFF, Instruction set extension and Indexed Addressing mode disabled (Legacy mo
      +                          de)
  2352                           ;	Background Debugger Enable bit
  2353                           ;	DEBUG = 0x1, unprogrammed default
  2354   300006                     	org	3145734
  2355   300006  81                 	db	129
  2356                           
  2357                           ; Padding undefined space
  2358   300007                     	org	3145735
  2359   300007  FF                 	db	255
  2360                           
  2361                           ;Config register CONFIG5L @ 0x300008
  2362                           ;	Code Protection bit
  2363                           ;	CP0 = OFF, Block 0 (000800-001FFFh) not code-protected
  2364                           ;	Code Protection bit
  2365                           ;	CP1 = OFF, Block 1 (002000-003FFFh) not code-protected
  2366                           ;	Code Protection bit
  2367                           ;	CP2 = OFF, Block 2 (004000-005FFFh) not code-protected
  2368                           ;	Code Protection bit
  2369                           ;	CP3 = OFF, Block 3 (006000-007FFFh) not code-protected
  2370   300008                     	org	3145736
  2371   300008  0F                 	db	15
  2372                           
  2373                           ;Config register CONFIG5H @ 0x300009
  2374                           ;	Boot Block Code Protection bit
  2375                           ;	CPB = OFF, Boot block (000000-0007FFh) not code-protected
  2376                           ;	Data EEPROM Code Protection bit
  2377                           ;	CPD = OFF, Data EEPROM not code-protected
  2378   300009                     	org	3145737
  2379   300009  C0                 	db	192
  2380                           
  2381                           ;Config register CONFIG6L @ 0x30000A
  2382                           ;	Write Protection bit
  2383                           ;	WRT0 = OFF, Block 0 (000800-001FFFh) not write-protected
  2384                           ;	Write Protection bit
  2385                           ;	WRT1 = OFF, Block 1 (002000-003FFFh) not write-protected
  2386                           ;	Write Protection bit
  2387                           ;	WRT2 = OFF, Block 2 (004000-005FFFh) not write-protected
  2388                           ;	Write Protection bit
  2389                           ;	WRT3 = OFF, Block 3 (006000-007FFFh) not write-protected
  2390   30000A                     	org	3145738
  2391   30000A  0F                 	db	15
  2392                           
  2393                           ;Config register CONFIG6H @ 0x30000B
  2394                           ;	Configuration Register Write Protection bit
  2395                           ;	WRTC = OFF, Configuration registers (300000-3000FFh) not write-protected
  2396                           ;	Boot Block Write Protection bit
  2397                           ;	WRTB = OFF, Boot block (000000-0007FFh) not write-protected
  2398                           ;	Data EEPROM Write Protection bit
  2399                           ;	WRTD = OFF, Data EEPROM not write-protected
  2400   30000B                     	org	3145739
  2401   30000B  E0                 	db	224
  2402                           
  2403                           ;Config register CONFIG7L @ 0x30000C
  2404                           ;	Table Read Protection bit
  2405                           ;	EBTR0 = OFF, Block 0 (000800-001FFFh) not protected from table reads executed in other
      +                           blocks
  2406                           ;	Table Read Protection bit
  2407                           ;	EBTR1 = OFF, Block 1 (002000-003FFFh) not protected from table reads executed in other
      +                           blocks
  2408                           ;	Table Read Protection bit
  2409                           ;	EBTR2 = OFF, Block 2 (004000-005FFFh) not protected from table reads executed in other
      +                           blocks
  2410                           ;	Table Read Protection bit
  2411                           ;	EBTR3 = OFF, Block 3 (006000-007FFFh) not protected from table reads executed in other
      +                           blocks
  2412   30000C                     	org	3145740
  2413   30000C  0F                 	db	15
  2414                           
  2415                           ;Config register CONFIG7H @ 0x30000D
  2416                           ;	Boot Block Table Read Protection bit
  2417                           ;	EBTRB = OFF, Boot block (000000-0007FFh) not protected from table reads executed in ot
      +                          her blocks
  2418   30000D                     	org	3145741
  2419   30000D  40                 	db	64
  2420                           tosu	equ	0xFFF
  2421                           tosh	equ	0xFFE
  2422                           tosl	equ	0xFFD
  2423                           stkptr	equ	0xFFC
  2424                           pclatu	equ	0xFFB
  2425                           pclath	equ	0xFFA
  2426                           pcl	equ	0xFF9
  2427                           tblptru	equ	0xFF8
  2428                           tblptrh	equ	0xFF7
  2429                           tblptrl	equ	0xFF6
  2430                           tablat	equ	0xFF5
  2431                           prodh	equ	0xFF4
  2432                           prodl	equ	0xFF3
  2433                           indf0	equ	0xFEF
  2434                           postinc0	equ	0xFEE
  2435                           postdec0	equ	0xFED
  2436                           preinc0	equ	0xFEC
  2437                           plusw0	equ	0xFEB
  2438                           fsr0h	equ	0xFEA
  2439                           fsr0l	equ	0xFE9
  2440                           wreg	equ	0xFE8
  2441                           indf1	equ	0xFE7
  2442                           postinc1	equ	0xFE6
  2443                           postdec1	equ	0xFE5
  2444                           preinc1	equ	0xFE4
  2445                           plusw1	equ	0xFE3
  2446                           fsr1h	equ	0xFE2
  2447                           fsr1l	equ	0xFE1
  2448                           bsr	equ	0xFE0
  2449                           indf2	equ	0xFDF
  2450                           postinc2	equ	0xFDE
  2451                           postdec2	equ	0xFDD
  2452                           preinc2	equ	0xFDC
  2453                           plusw2	equ	0xFDB
  2454                           fsr2h	equ	0xFDA
  2455                           fsr2l	equ	0xFD9
  2456                           status	equ	0xFD8

Data Sizes:
    Strings     30
    Constant    0
    Data        26
    BSS         58
    Persistent  0
    Stack       0

Auto Spaces:
    Space          Size  Autos    Used
    COMRAM          126     22     106
    BANK0           128     15      15
    BANK1           256      0       0
    BANK2           256      0       0
    BANK3           256      0       0
    BANK4           256      0       0
    BANK5           244      0       0

Pointer List with Targets:

    sp__GetString	PTR unsigned char  size(1) Largest target is 20
		 -> mystring(COMRAM[20]), 

    sp__strcpy	PTR unsigned char  size(1) Largest target is 20
		 -> str(COMRAM[20]), 

    strcpy@d	PTR unsigned char  size(1) Largest target is 20
		 -> str(COMRAM[20]), 

    strcpy@dest	PTR unsigned char  size(1) Largest target is 20
		 -> str(COMRAM[20]), 

    strcpy@src	PTR const unsigned char  size(1) Largest target is 20
		 -> mystring(COMRAM[20]), 


Critical Paths under _main in COMRAM

    None.

Critical Paths under _Lo_ISR in COMRAM

    _Lo_ISR->_abs

Critical Paths under _Hi_ISR in COMRAM

    _Hi_ISR->_Update
    _Update->___awdiv
    ___awdiv->___awmod
    _UART_DeleteN->i2_UART_Write

Critical Paths under _main in BANK0

    _main->_strcpy
    _strcpy->_GetString

Critical Paths under _Lo_ISR in BANK0

    _Lo_ISR->_abs

Critical Paths under _Hi_ISR in BANK0

    None.

Critical Paths under _main in BANK1

    None.

Critical Paths under _Lo_ISR in BANK1

    None.

Critical Paths under _Hi_ISR in BANK1

    None.

Critical Paths under _main in BANK2

    None.

Critical Paths under _Lo_ISR in BANK2

    None.

Critical Paths under _Hi_ISR in BANK2

    None.

Critical Paths under _main in BANK3

    None.

Critical Paths under _Lo_ISR in BANK3

    None.

Critical Paths under _Hi_ISR in BANK3

    None.

Critical Paths under _main in BANK4

    None.

Critical Paths under _Lo_ISR in BANK4

    None.

Critical Paths under _Hi_ISR in BANK4

    None.

Critical Paths under _main in BANK5

    None.

Critical Paths under _Lo_ISR in BANK5

    None.

Critical Paths under _Hi_ISR in BANK5

    None.

Call Graph Tables:

 ---------------------------------------------------------------------------------
 (Depth) Function   	        Calls       Base Space   Used Autos Params    Refs
 ---------------------------------------------------------------------------------
 (0) _main                                                 0     0      0     413
                        _ClearBuffer
                          _GetString
                              _Mode1
                              _Mode2
                  _SYSTEM_Initialize
                         _UART_Write
                             _strcpy
 ---------------------------------------------------------------------------------
 (1) _strcpy                                               3     1      2     283
                                             12 BANK0      3     1      2
                          _GetString (ARG)
 ---------------------------------------------------------------------------------
 (1) _UART_Write                                           1     1      0      31
                                             10 BANK0      1     1      0
 ---------------------------------------------------------------------------------
 (1) _SYSTEM_Initialize                                    0     0      0       0
                     _ADC_Initialize
                    _CCP1_Initialize
               _INTERRUPT_Initialize
              _OSCILLATOR_Initialize
             _PIN_MANAGER_Initialize
                    _TMR2_Initialize
                    _UART_Initialize
 ---------------------------------------------------------------------------------
 (2) _UART_Initialize                                      0     0      0       0
 ---------------------------------------------------------------------------------
 (2) _TMR2_Initialize                                      0     0      0       0
 ---------------------------------------------------------------------------------
 (2) _PIN_MANAGER_Initialize                               0     0      0       0
 ---------------------------------------------------------------------------------
 (2) _OSCILLATOR_Initialize                                0     0      0       0
 ---------------------------------------------------------------------------------
 (2) _INTERRUPT_Initialize                                 0     0      0       0
 ---------------------------------------------------------------------------------
 (2) _CCP1_Initialize                                      0     0      0       0
 ---------------------------------------------------------------------------------
 (2) _ADC_Initialize                                       0     0      0       0
 ---------------------------------------------------------------------------------
 (1) _Mode2                                                0     0      0       0
 ---------------------------------------------------------------------------------
 (1) _Mode1                                                0     0      0       0
 ---------------------------------------------------------------------------------
 (1) _GetString                                            2     0      2       0
                                             10 BANK0      2     0      2
 ---------------------------------------------------------------------------------
 (1) _ClearBuffer                                          2     2      0      99
                                             10 BANK0      2     2      0
 ---------------------------------------------------------------------------------
 Estimated maximum stack depth 2
 ---------------------------------------------------------------------------------
 (Depth) Function   	        Calls       Base Space   Used Autos Params    Refs
 ---------------------------------------------------------------------------------
 (3) _Lo_ISR                                               8     8      0     347
                                              2 BANK0      8     8      0
                                _abs
 ---------------------------------------------------------------------------------
 (4) _abs                                                  4     2      2     183
                                             20 COMRAM     2     0      2
                                              0 BANK0      2     2      0
 ---------------------------------------------------------------------------------
 Estimated maximum stack depth 4
 ---------------------------------------------------------------------------------
 (Depth) Function   	        Calls       Base Space   Used Autos Params    Refs
 ---------------------------------------------------------------------------------
 (5) _Hi_ISR                                               3     3      0    2703
                                             17 COMRAM     3     3      0
                             _Update
 ---------------------------------------------------------------------------------
 (6) _Update                                               3     1      2    2680
                                             14 COMRAM     3     1      2
                       _UART_DeleteN
                            ___awdiv
                            ___awmod
                       i2_UART_Write
 ---------------------------------------------------------------------------------
 (7) ___awmod                                              6     2      4    1056
                                              0 COMRAM     6     2      4
 ---------------------------------------------------------------------------------
 (7) ___awdiv                                              8     4      4    1060
                                              6 COMRAM     8     4      4
                            ___awmod (ARG)
 ---------------------------------------------------------------------------------
 (7) _UART_DeleteN                                         5     3      2     220
                                              1 COMRAM     5     3      2
                       i2_UART_Write
 ---------------------------------------------------------------------------------
 (7) i2_UART_Write                                         1     1      0      22
                                              0 COMRAM     1     1      0
 ---------------------------------------------------------------------------------
 Estimated maximum stack depth 7
 ---------------------------------------------------------------------------------

 Call Graph Graphs:

 _main (ROOT)
   _ClearBuffer
   _GetString
   _Mode1
   _Mode2
   _SYSTEM_Initialize
     _ADC_Initialize
     _CCP1_Initialize
     _INTERRUPT_Initialize
     _OSCILLATOR_Initialize
     _PIN_MANAGER_Initialize
     _TMR2_Initialize
     _UART_Initialize
   _UART_Write
   _strcpy
     _GetString (ARG)

 _Lo_ISR (ROOT)
   _abs

 _Hi_ISR (ROOT)
   _Update
     _UART_DeleteN
       i2_UART_Write
     ___awdiv
       ___awmod (ARG)
     ___awmod
     i2_UART_Write

 Address spaces:
Name               Size   Autos  Total    Cost      Usage
BIGRAM             5F3      0       0      33        0.0%
EEDATA             100      0       0       0        0.0%
BITBANK4           100      0       0      11        0.0%
BANK4              100      0       0      12        0.0%
BITBANK3           100      0       0       9        0.0%
BANK3              100      0       0      10        0.0%
BITBANK2           100      0       0       7        0.0%
BANK2              100      0       0       8        0.0%
BITBANK1           100      0       0       5        0.0%
BANK1              100      0       0       6        0.0%
BITBANK5            F4      0       0      13        0.0%
BANK5               F4      0       0      14        0.0%
BITBANK0            80      0       0       3        0.0%
BANK0               80      F       F       4       11.7%
BITCOMRAM           7E      0       0       0        0.0%
COMRAM              7E     16      6A       1       84.1%
BITBIGSFRll          C      0       0      31        0.0%
BITBIGSFR_1lhll      B      0       0      27        0.0%
BITBIGSFR_5h         A      0       0      15        0.0%
BITBIGSFR_1lhll      8      0       0      26        0.0%
BITBIGSFRhh          6      0       0      28        0.0%
BITBIGSFRlh          5      0       0      30        0.0%
BITBIGSFR_1hhll      5      0       0      22        0.0%
BITBIGSFR_2h         3      0       0      19        0.0%
BITBIGSFR_4          3      0       0      17        0.0%
BITBIGSFR_3          3      0       0      18        0.0%
BITBIGSFR_1hhh       2      0       0      20        0.0%
BITBIGSFR_1lhlh      2      0       0      24        0.0%
BITBIGSFR_1lhh       2      0       0      23        0.0%
BITBIGSFR_1lhll      1      0       0      25        0.0%
BITBIGSFR_1hhll      1      0       0      21        0.0%
BITBIGSFRhl          1      0       0      29        0.0%
BITBIGSFR_5l         1      0       0      16        0.0%
BIGSFR_5             0      0       0     200        0.0%
BIGSFR_4             0      0       0     200        0.0%
BIGSFR_3             0      0       0     200        0.0%
BIGSFR_2             0      0       0     200        0.0%
BIGSFR_1             0      0       0     200        0.0%
BIGSFR               0      0       0     200        0.0%
BITSFR_5             0      0       0     200        0.0%
SFR_5                0      0       0     200        0.0%
BITSFR_4             0      0       0     200        0.0%
SFR_4                0      0       0     200        0.0%
BITSFR_3             0      0       0     200        0.0%
SFR_3                0      0       0     200        0.0%
BITSFR_2             0      0       0     200        0.0%
SFR_2                0      0       0     200        0.0%
BITSFR_1             0      0       0     200        0.0%
SFR_1                0      0       0     200        0.0%
BITSFR               0      0       0     200        0.0%
SFR                  0      0       0     200        0.0%
STACK                0      0       0       2        0.0%
NULL                 0      0       0       0        0.0%
ABS                  0      0      79      32        0.0%
DATA                 0      0      79      34        0.0%
CODE                 0      0       0       0        0.0%


Microchip Technology PIC18 Macro Assembler V2.46 build 20240104201356 
Symbol Table                                                                                   Sun Nov 30 14:39:35 2025

                             _f 0053                              l23 0AF4                              l42 0BAE  
                            l60 0ACE                              l99 0BA2                    ___awdiv@sign 0060  
                            bsr 0FE0         __end_of_CCP1_Initialize 0BB0                             l102 0BB8  
                           l111 0B62                             l114 0B12                             l162 0B68  
                           l245 0BC0                             l165 0B7A                             l159 0B2E  
                           l248 0BBE                             l188 0A46                             l196 0BBC  
                           l953 0AA8                             _PR2 0FCB                             _abs 0A48  
                           _str 0013                    ___awmod@sign 005A                 _TMR2_Initialize 0B4A  
                           wreg 0FE8                            ?_abs 0069                            l2601 0AD6  
                          l2603 0AF0                            l2611 0BAA                            l2701 0BBE  
                          l2605 0AF2                            l2613 0BAC                            l2621 0B4A  
                          l2607 0BA4                            l2615 0AAA                            l2631 0B5A  
                          l2623 0B4E                            l2703 0A7E                            l2609 0BA6  
                          l2617 0B92                            l2633 0B5C                            l2625 0B50  
                          l2641 0B1E                            l2705 0A82                            l2619 0BB0  
                          l2635 0B5E                            l2627 0B52                            l2651 0B2A  
                          l2643 0B22                            l2637 0B60                            l2629 0B54  
                          l2653 0B2C                            l2645 0B24                            l2661 0B0A  
                          l2647 0B26                            l2639 0B14                            l2663 0B0E  
                          l2655 0AF6                            l2649 0B28                            l2657 0B02  
                          l2665 0B68                            l2683 0A14                            l2691 0BBA  
                          l2659 0B06                            l2667 0B76                            l2771 089E  
                          l2685 0A1E                            l2677 0A0A                            l2597 0AD0  
                          l2781 08DE                            l2773 08A2                            l2687 0A22  
                          l2599 0AD2                            l2783 08E2                            l2775 08A8  
                          l2689 0A3E                            l2785 08EA                            l2777 08BA  
                          l2699 0BC0                            l2787 08FC                            l2779 08CC  
                          l2789 090E                            _ADFM 7E07                            STR_1 060A  
                          STR_2 0601                            STR_3 0617                            STR_6 061B  
                          STR_7 0613                            u2400 0B76                            _LATD 0F8C  
                          u2401 0B72                            u2420 0A3E                            u2421 0A3A  
                          u2440 0AA8                            u2520 08CC                            u2441 0AA4  
                          u2521 08C8                            u2530 08DE                            u2531 08DA  
                          u2540 08FC                            u2541 08F8                            u2550 090E  
                          u2551 090A                            abs@a 0069                            _main 089E  
                          _tick 000F                            fsr1h 0FE2                            fsr2h 0FDA  
                          indf1 0FE7                            indf2 0FDF                            fsr1l 0FE1  
                          fsr2l 0FD9                            btemp 006B                            start 00BA  
                  ___param_bank 0000                           ??_abs 0080                ?_UART_Initialize 0055  
 __end_of_OSCILLATOR_Initialize 0BA4                           ?_main 0055                 __end_of___awdiv 07EE  
               __end_of___awmod 089E                 ___awdiv@divisor 005D                           i1l208 00AA  
                         i2l162 0B7E                           i2l171 09CA                           i2l500 07EC  
                         i2l165 0B90                           i2l183 0728                           i2l513 089C  
                         i2l266 0986                           i1l944 0A62                           i1l947 0A7C  
               ___awdiv@counter 005F                           _RCREG 0FAE                           _TMR0H 0FD7  
                         _TMR1H 0FCF                           _TMR0L 0FD6                           _TMR1L 0FCE  
                         _SPBRG 0FAF                           _TRISA 0F92                           _TRISD 0F95  
                         _TXREG 0FAD                           _Mode1 0BC0                           _Mode2 0BBE  
                   ?_UART_Write 0055                           _count 000B                           _lastV 000D  
                         _errno 0001                           _range 003B                     _ClearBuffer 0A0A  
                         tablat 0FF5                           ttemp5 006C                           ttemp6 006F  
                         ttemp7 0073                           status 0FD8                           wtemp8 006C  
               __initialization 09CC                    __end_of_main 091A         __end_of_TMR2_Initialize 0B64  
                        ??_main 008F                ?_CCP1_Initialize 0055                   __activetblptr 0001  
                        ?_Mode1 0055                          ?_Mode2 0055                          _ADCON0 0FC2  
                        _ADCON1 0FC1                          _ADCON2 0FC0                          _ADRESH 0FC4  
                        _ADRESL 0FC3                ___awdiv@dividend 005B                          i2l2001 0708  
                        i1l2761 006E                          i1l2763 009E                          i1l2755 0026  
                        i2l1501 0B7E                          i1l2765 00A6                          i1l2757 0034  
                        i2l1503 0B8C                          i2l1511 09AC                          i1l2695 0A48  
                        i1l2767 00A8                          i1l2759 0042                          i2l1505 098A  
                        i1l2697 0A56                          i2l1507 0996                          i2l1509 09A8  
                        i2l1801 073C                          i2l1811 0762                          i2l1803 0744  
                        i2l2531 091C                          i2l1821 079A                          i2l1813 076A  
                        i2l1805 0748                          i2l2541 096E                          i2l2533 092A  
                        i2l1831 07C6                          i2l1823 07A0                          i2l1815 077C  
                        i2l1807 0756                          i2l2543 0976                          i2l2535 093A  
                        i2l1825 07B6                          i2l1817 0784                          i2l1833 07CC  
                        i2l1809 075E                          i2l1841 07EE                          i2l2545 0984  
                        i2l2537 095A                          i2l1835 07DC                          i2l1827 07BE  
                        i2l1819 078C                          i2l1851 081A                          i2l1843 07F2  
                        i2l2539 0962                          i2l1837 07E4                          i2l1829 07C0  
                        i2l1861 0852                          i2l1853 0822                          i2l1845 0800  
                        i2l1871 088C                          i2l1863 0868                          i2l1855 0834  
                        i2l1847 0808                          i2l1873 0894                          i2l1865 0870  
                        i2l1857 083C                          i2l1849 080C                          i2l1867 0876  
                        i2l1859 0844                          i2l1797 072A                          i2l1869 087C  
                        i2l1981 0620                          i2l1799 072E                          i2l1991 0684  
                        i2l1983 062C                          i2l1993 06B2                          i2l1985 0648  
                        i2l1995 06B8                          i2l1987 0662                          i2l1997 06D4  
                        i2l1989 0668                          i2l1999 0702                          _Hi_ISR 0008  
                        _Lo_ISR 0018                          _Update 0620                       ??___awdiv 005F  
                     ??___awmod 0059                          _lenStr 0011                          clear_0 09F2  
              ___awdiv@quotient 0061                 ___awmod@divisor 0057                          isa$std 0001  
               ___awmod@counter 0059                          _strcpy 0A7E                    __pdataCOMRAM 003B  
                  __mediumconst 0000                          tblptrh 0FF7                          tblptrl 0FF6  
                        tblptru 0FF8               _SYSTEM_Initialize 0AF6                      __accesstop 0080  
       __end_of__initialization 09F8              ?_SYSTEM_Initialize 0055                   ___rparam_used 0001  
             __end_of_GetString 0BBE                   __end_of_Mode1 0BC2                   __end_of_Mode2 0BC0  
                __pcstackCOMRAM 0055             ??_SYSTEM_Initialize 008A                ?_TMR2_Initialize 0055  
                       ??_Mode1 008A                         ??_Mode2 008A                   ?i2_UART_Write 0055  
     __end_of_SYSTEM_Initialize 0B14                         ?_Hi_ISR 0055                i2UART_Write@data 0055  
                       ?_Lo_ISR 0055                         ?_Update 0063                         _CCP1CON 0FBD  
                       _CCP2CON 0FBA                         ?_strcpy 008C                  ??i2_UART_Write 0055  
                  ??_UART_Write 008A                         i2u37_40 0B8C                         i2u37_41 0B88  
                       i2u38_40 09CA                         i2u38_41 09C6                         i2u90_40 081A  
                       i2u90_41 0816                         i2u83_40 073C                         i2u91_40 0834  
                       i2u83_41 0738                         i2u91_41 0830                         i2u84_40 0756  
                       i2u92_40 0852                         i2u84_41 0752                         i2u92_41 084E  
                       i2u85_40 077C                         i2u93_40 0868                         i2u85_41 0778  
                       i2u93_41 0864                         i2u86_40 079A                         i2u94_40 088C  
                       i2u86_41 0796                         i2u94_41 0888                         i2u87_40 07B6  
                       i2u87_41 07B2                         i2u88_40 07DC                         i2u88_41 07D8  
                       i2u89_40 0800                         i2u89_41 07FC                   ?_UART_DeleteN 0056  
                  ?_ClearBuffer 0055                         __Hparam 0000                         __Lparam 0000  
                       ___awdiv 072A                         ___awmod 07EE              __end_of_UART_Write 0B7C  
                  __psmallconst 0600                         __pcinit 09CC                         __ramtop 0600  
                       __ptext0 089E                         __ptext1 0A7E                         __ptext2 0B64  
                       __ptext3 0AF6                         __ptext4 0B14                         __ptext5 0B4A  
                       __ptext6 0BB0                         __ptext7 0B92                         __ptext8 0AAA  
                       __ptext9 0BA4                       _T0CONbits 0FD5                       _T1CONbits 0FCD  
         _OSCILLATOR_Initialize 0B92                       _T2CONbits 0FCA                ___awmod@dividend 0055  
      ??_PIN_MANAGER_Initialize 008A                  ??_UART_DeleteN 0058                  __pintcode_body 091A  
          end_of_initialization 09F8                         int_func 091A                       _RCSTAbits 0FAB  
                   Update@digit 0065                         postdec1 0FE5                         postinc0 0FEE  
                       strcpy@d 008E                  UART_Write@data 008A                       _TRISCbits 0F94  
                     _TXSTAbits 0FAC                  __end_of_Hi_ISR 098A                  __end_of_Lo_ISR 00BA  
          __end_ofi2_UART_Write 0B92                    _lastAdcIndex 0007    __end_of_INTERRUPT_Initialize 0AD0  
                __end_of_Update 072A                       _GetString 0BBA                     _BAUDCONbits 0FB8  
                 __pidataCOMRAM 0B30                  _ADC_Initialize 0AD0          ?_OSCILLATOR_Initialize 0055  
                __end_of_strcpy 0AAA             start_initialization 09CC                     __end_of_abs 0A7E  
                  ClearBuffer@i 008A               ??_UART_Initialize 008A                        ??_Hi_ISR 0066  
                      ??_Lo_ISR 0082                        ??_Update 0065            __end_of_UART_DeleteN 09CC  
        __end_of_ADC_Initialize 0AF6                      ?_GetString 008A                       Update@num 0063  
                      ??_strcpy 008E                     __pbssCOMRAM 0001                   __pcstackBANK0 0080  
                 UART_DeleteN@i 0059                   UART_DeleteN@n 0056               ??_CCP1_Initialize 008A  
        _PIN_MANAGER_Initialize 0BB0                       __pintcode 0008                        ?___awdiv 005B  
                      ?___awmod 0055                 ?_ADC_Initialize 0055                     __pintcodelo 0018  
                   __smallconst 0600            _INTERRUPT_Initialize 0AAA                   Hi_ISR@ledShow 0067  
                      _IPR1bits 0F9F                        _PIE1bits 0F9D                        i1u250_20 006E  
                      i1u250_21 006A                        i1u243_20 0A56                        i1u243_21 0A52  
                      i1u251_25 007C                        i1u249_20 0034                        i1u249_21 0030  
                      i2u116_40 0648                        i2u116_41 0644                        i2u117_40 0684  
                      i2u117_41 0680                        i2u118_40 06D4                        i2u118_41 06D0  
                      i2u231_40 092A                        i2u231_41 0926                        i2u232_40 095A  
                      i2u232_41 0956                        i2u256_47 0930                        _PIR1bits 0F9E  
                      _RCONbits 0FD0                     ??_GetString 008C                      _ADCON0bits 0FC2  
                    _ADCON2bits 0FC0                    i2_UART_Write 0B7C                     _INTCON2bits 0FF1  
                     copy_data0 09E0           ?_INTERRUPT_Initialize 0055               ??_TMR2_Initialize 008A  
                      __Hrparam 0000                        __Lrparam 0000                    __Lsmallconst 0600  
       ??_OSCILLATOR_Initialize 008A                        _adcIndex 0009                        _adcValue 0005  
               _UART_Initialize 0B14                        __ptext10 0AD0                        __ptext11 0BBE  
                      __ptext20 072A                        __ptext12 0BC0                        __ptext21 098A  
                      __ptext13 0BBA                        __ptext22 0B7C                        __ptext14 0A0A  
                      __ptext16 0A48                        __ptext18 0620                        __ptext19 07EE  
                  _UART_DeleteN 098A                      strcpy@dest 008C                        isa$xinst 0000  
                      int$flags 006B                        _mystring 0027                      _INTCONbits 0FF2  
               _CCP1_Initialize 0BA4          ??_INTERRUPT_Initialize 008A                   ??_ClearBuffer 008A  
                      intlevel1 0000                        intlevel2 0000                   _laastAdcValue 0003  
                   Lo_ISR@value 0088         ?_PIN_MANAGER_Initialize 0055                       strcpy@src 008D  
              ??_ADC_Initialize 008A                      _OSCCONbits 0FD3         __end_of_UART_Initialize 0B30  
                    _UART_Write 0B64  __end_of_PIN_MANAGER_Initialize 0BBA             __end_of_ClearBuffer 0A48  
