

Microchip MPLAB XC8 Assembler V3.00 build 20241204225717 
                                                                                               Wed Dec 03 18:28:06 2025

Microchip MPLAB XC8 C Compiler v3.00 (Free license) build 20241204225717 Og1 
     1                           	processor	18F4520
     2                           	fnconf	rparam,??,?,0
     3                           	pagewidth 120
     4                           	opt	flic
     5                           	psect	idataCOMRAM,global,class=CODE,space=0,delta=1,noexec
     6                           	psect	idataBANK0,global,class=CODE,space=0,delta=1,noexec
     7                           	psect	smallconst,global,reloc=2,class=SMALLCONST,space=0,delta=1,noexec
     8                           	psect	cinit,global,reloc=2,class=CODE,space=0,delta=1
     9                           	psect	bssCOMRAM,global,class=COMRAM,space=1,delta=1,lowdata,noexec
    10                           	psect	dataCOMRAM,global,class=COMRAM,space=1,delta=1,lowdata,noexec
    11                           	psect	bssBANK0,global,class=BANK0,space=1,delta=1,lowdata,noexec
    12                           	psect	dataBANK0,global,class=BANK0,space=1,delta=1,lowdata,noexec
    13                           	psect	cstackBANK1,global,class=BANK1,space=1,delta=1,lowdata,noexec
    14                           	psect	cstackBANK0,global,class=BANK0,space=1,delta=1,lowdata,noexec
    15                           	psect	cstackCOMRAM,global,class=COMRAM,space=1,delta=1,lowdata,noexec
    16                           	psect	text0,global,reloc=2,class=CODE,space=0,delta=1
    17                           	psect	text1,global,reloc=2,class=CODE,space=0,delta=1,group=2
    18                           	psect	text2,global,reloc=2,class=CODE,space=0,delta=1
    19                           	psect	text3,global,reloc=2,class=CODE,space=0,delta=1
    20                           	psect	text4,global,reloc=2,class=CODE,space=0,delta=1
    21                           	psect	text5,global,reloc=2,class=CODE,space=0,delta=1,group=1
    22                           	psect	text6,global,reloc=2,class=CODE,space=0,delta=1,group=1
    23                           	psect	text7,global,reloc=2,class=CODE,space=0,delta=1
    24                           	psect	text8,global,reloc=2,class=CODE,space=0,delta=1
    25                           	psect	text9,global,reloc=2,class=CODE,space=0,delta=1
    26                           	psect	text10,global,reloc=2,class=CODE,space=0,delta=1
    27                           	psect	text11,global,reloc=2,class=CODE,space=0,delta=1
    28                           	psect	text12,global,reloc=2,class=CODE,space=0,delta=1
    29                           	psect	text13,global,reloc=2,class=CODE,space=0,delta=1
    30                           	psect	text14,global,reloc=2,class=CODE,space=0,delta=1
    31                           	psect	text15,global,reloc=2,class=CODE,space=0,delta=1
    32                           	psect	text16,global,reloc=2,class=CODE,space=0,delta=1
    33                           	psect	text17,global,reloc=2,class=CODE,space=0,delta=1
    34                           	psect	text18,global,reloc=2,class=CODE,space=0,delta=1
    35                           	psect	text19,global,reloc=2,class=CODE,space=0,delta=1
    36                           	psect	text20,global,reloc=2,class=CODE,space=0,delta=1
    37                           	psect	text21,global,reloc=2,class=CODE,space=0,delta=1
    38                           	psect	intcodelo,global,reloc=2,class=CODE,space=0,delta=1
    39                           	psect	text23,global,reloc=2,class=CODE,space=0,delta=1
    40                           	psect	text24,global,reloc=2,class=CODE,space=0,delta=1
    41                           	psect	text25,global,reloc=2,class=CODE,space=0,delta=1
    42                           	psect	text26,global,reloc=2,class=CODE,space=0,delta=1
    43                           	psect	text27,global,reloc=2,class=CODE,space=0,delta=1
    44                           	psect	text28,global,reloc=2,class=CODE,space=0,delta=1,group=2
    45                           	psect	intcode,global,reloc=2,class=CODE,space=0,delta=1
    46                           	psect	intcode_body,global,reloc=2,class=CODE,space=0,delta=1
    47                           	psect	text30,global,reloc=2,class=CODE,space=0,delta=1
    48                           	psect	text31,global,reloc=2,class=CODE,space=0,delta=1
    49                           	psect	text32,global,reloc=2,class=CODE,space=0,delta=1
    50                           	psect	text33,global,reloc=2,class=CODE,space=0,delta=1
    51                           	psect	text34,global,reloc=2,class=CODE,space=0,delta=1
    52                           	psect	text35,global,reloc=2,class=CODE,space=0,delta=1
    53                           	psect	text36,global,reloc=2,class=CODE,space=0,delta=1,group=2
    54                           	psect	text37,global,reloc=2,class=CODE,space=0,delta=1
    55                           	psect	text38,global,reloc=2,class=CODE,space=0,delta=1,group=2
    56                           	psect	text39,global,reloc=2,class=CODE,space=0,delta=1,group=2
    57                           	psect	text40,global,reloc=2,class=CODE,space=0,delta=1,group=2
    58                           	psect	text41,global,reloc=2,class=CODE,space=0,delta=1,group=2
    59                           	psect	text42,global,reloc=2,class=CODE,space=0,delta=1,group=1
    60                           	psect	text43,global,reloc=2,class=CODE,space=0,delta=1,group=1
    61                           	psect	text44,global,reloc=2,class=CODE,space=0,delta=1,group=1
    62                           	psect	text45,global,reloc=2,class=CODE,space=0,delta=1,group=1
    63                           	psect	text46,global,reloc=2,class=CODE,space=0,delta=1,group=1
    64                           	psect	text47,global,reloc=2,class=CODE,space=0,delta=1,group=1
    65                           	psect	text48,global,reloc=2,class=CODE,space=0,delta=1,group=1
    66                           	psect	text49,global,reloc=2,class=CODE,space=0,delta=1,group=2
    67                           	psect	text50,global,reloc=2,class=CODE,space=0,delta=1,group=2
    68                           	psect	text51,global,reloc=2,class=CODE,space=0,delta=1,group=1
    69                           	psect	text52,global,reloc=2,class=CODE,space=0,delta=1
    70                           	psect	intsave_regs,global,class=BIGRAM,space=1,delta=1,noexec
    71                           	psect	rparam,global,class=COMRAM,space=1,delta=1,noexec
    72                           	psect	temp,global,ovrld,common,class=COMRAM,space=1,delta=1,lowdata
    73                           	psect	idloc,global,abs,ovrld,class=IDLOC,space=5,delta=1,noexec
    74                           	psect	config,global,abs,ovrld,class=CONFIG,space=4,delta=1,noexec
    75   000000                     
    76                           ; Generated 05/12/2024 GMT
    77                           ; 
    78                           ; Copyright © 2024, Microchip Technology Inc. and its subsidiaries ("Microchip")
    79                           ; All rights reserved.
    80                           ; 
    81                           ; This software is developed by Microchip Technology Inc. and its subsidiaries ("Microch
      +                          ip").
    82                           ; 
    83                           ; Redistribution and use in source and binary forms, with or without modification, are
    84                           ; permitted provided that the following conditions are met:
    85                           ; 
    86                           ;     1. Redistributions of source code must retain the above copyright notice, this lis
      +                          t of
    87                           ;        conditions and the following disclaimer.
    88                           ; 
    89                           ;     2. Redistributions in binary form must reproduce the above copyright notice, this 
      +                          list
    90                           ;        of conditions and the following disclaimer in the documentation and/or other
    91                           ;        materials provided with the distribution. Publication is not required when
    92                           ;        this file is used in an embedded application.
    93                           ; 
    94                           ;     3. Microchip's name may not be used to endorse or promote products derived from th
      +                          is
    95                           ;        software without specific prior written permission.
    96                           ; 
    97                           ; THIS SOFTWARE IS PROVIDED BY MICROCHIP "AS IS" AND ANY EXPRESS OR IMPLIED WARRANTIES,
    98                           ; INCLUDING, BUT NOT LIMITED TO, THE IMPLIED WARRANTIES OF MERCHANTABILITY AND FITNESS F
      +                          OR
    99                           ; PURPOSE ARE DISCLAIMED.  IN NO EVENT SHALL MICROCHIP BE LIABLE FOR ANY DIRECT, INDIREC
      +                          T,
   100                           ; INCIDENTAL, SPECIAL, EXEMPLARY, OR CONSEQUENTIAL DAMAGES (INCLUDING BUT NOT LIMITED TO
   101                           ; PROCUREMENT OF SUBSTITUTE GOODS OR SERVICES; LOSS OF USE, DATA OR PROFITS; OR BUSINESS
   102                           ; INTERRUPTION) HOWSOEVER CAUSED AND ON ANY THEORY OF LIABILITY, WHETHER IN CONTRACT, ST
      +                          RICT
   103                           ; LIABILITY, OR TORT (INCLUDING NEGLIGENCE OR OTHERWISE) ARISING IN ANY WAY OUT OF THE U
      +                          SE OF
   104                           ; THIS SOFTWARE, EVEN IF ADVISED OF THE POSSIBILITY OF SUCH DAMAGE.
   105                           ; 
   106                           ; 
   107                           ; Code-generator required, PIC18F4520 Definitions
   108                           ; 
   109                           ; SFR Addresses
   110   000FE0                     bsr             equ	4064
   111   000FE9                     fsr0            equ	4073
   112   000FEA                     fsr0h           equ	4074
   113   000FE9                     fsr0l           equ	4073
   114   000FE1                     fsr1            equ	4065
   115   000FE2                     fsr1h           equ	4066
   116   000FE1                     fsr1l           equ	4065
   117   000FD9                     fsr2            equ	4057
   118   000FDA                     fsr2h           equ	4058
   119   000FD9                     fsr2l           equ	4057
   120   000FEF                     indf0           equ	4079
   121   000FE7                     indf1           equ	4071
   122   000FDF                     indf2           equ	4063
   123   000FF2                     intcon          equ	4082
   124   000000                     nvmcon          equ	0
   125   000FF9                     pcl             equ	4089
   126   000FFA                     pclath          equ	4090
   127   000FFB                     pclatu          equ	4091
   128   000FEB                     plusw0          equ	4075
   129   000FE3                     plusw1          equ	4067
   130   000FDB                     plusw2          equ	4059
   131   000FED                     postdec0        equ	4077
   132   000FE5                     postdec1        equ	4069
   133   000FDD                     postdec2        equ	4061
   134   000FEE                     postinc0        equ	4078
   135   000FE6                     postinc1        equ	4070
   136   000FDE                     postinc2        equ	4062
   137   000FEC                     preinc0         equ	4076
   138   000FE4                     preinc1         equ	4068
   139   000FDC                     preinc2         equ	4060
   140   000FF3                     prod            equ	4083
   141   000FF4                     prodh           equ	4084
   142   000FF3                     prodl           equ	4083
   143   000FD8                     status          equ	4056
   144   000FF5                     tablat          equ	4085
   145   000FF6                     tblptr          equ	4086
   146   000FF7                     tblptrh         equ	4087
   147   000FF6                     tblptrl         equ	4086
   148   000FF8                     tblptru         equ	4088
   149   000FFD                     tosl            equ	4093
   150   000FE8                     wreg            equ	4072
   151   000F80                     PORTA           equ	3968	;# 
   152   000F81                     PORTB           equ	3969	;# 
   153   000F82                     PORTC           equ	3970	;# 
   154   000F83                     PORTD           equ	3971	;# 
   155   000F84                     PORTE           equ	3972	;# 
   156   000F89                     LATA            equ	3977	;# 
   157   000F8A                     LATB            equ	3978	;# 
   158   000F8B                     LATC            equ	3979	;# 
   159   000F8C                     LATD            equ	3980	;# 
   160   000F8D                     LATE            equ	3981	;# 
   161   000F92                     TRISA           equ	3986	;# 
   162   000F92                     DDRA            equ	3986	;# 
   163   000F93                     TRISB           equ	3987	;# 
   164   000F93                     DDRB            equ	3987	;# 
   165   000F94                     TRISC           equ	3988	;# 
   166   000F94                     DDRC            equ	3988	;# 
   167   000F95                     TRISD           equ	3989	;# 
   168   000F95                     DDRD            equ	3989	;# 
   169   000F96                     TRISE           equ	3990	;# 
   170   000F96                     DDRE            equ	3990	;# 
   171   000F9B                     OSCTUNE         equ	3995	;# 
   172   000F9D                     PIE1            equ	3997	;# 
   173   000F9E                     PIR1            equ	3998	;# 
   174   000F9F                     IPR1            equ	3999	;# 
   175   000FA0                     PIE2            equ	4000	;# 
   176   000FA1                     PIR2            equ	4001	;# 
   177   000FA2                     IPR2            equ	4002	;# 
   178   000FA6                     EECON1          equ	4006	;# 
   179   000FA7                     EECON2          equ	4007	;# 
   180   000FA8                     EEDATA          equ	4008	;# 
   181   000FA9                     EEADR           equ	4009	;# 
   182   000FAB                     RCSTA           equ	4011	;# 
   183   000FAB                     RCSTA1          equ	4011	;# 
   184   000FAC                     TXSTA           equ	4012	;# 
   185   000FAC                     TXSTA1          equ	4012	;# 
   186   000FAD                     TXREG           equ	4013	;# 
   187   000FAD                     TXREG1          equ	4013	;# 
   188   000FAE                     RCREG           equ	4014	;# 
   189   000FAE                     RCREG1          equ	4014	;# 
   190   000FAF                     SPBRG           equ	4015	;# 
   191   000FAF                     SPBRG1          equ	4015	;# 
   192   000FB0                     SPBRGH          equ	4016	;# 
   193   000FB1                     T3CON           equ	4017	;# 
   194   000FB2                     TMR3            equ	4018	;# 
   195   000FB2                     TMR3L           equ	4018	;# 
   196   000FB3                     TMR3H           equ	4019	;# 
   197   000FB4                     CMCON           equ	4020	;# 
   198   000FB5                     CVRCON          equ	4021	;# 
   199   000FB6                     ECCP1AS         equ	4022	;# 
   200   000FB6                     ECCPAS          equ	4022	;# 
   201   000FB7                     PWM1CON         equ	4023	;# 
   202   000FB7                     ECCP1DEL        equ	4023	;# 
   203   000FB8                     BAUDCON         equ	4024	;# 
   204   000FB8                     BAUDCTL         equ	4024	;# 
   205   000FBA                     CCP2CON         equ	4026	;# 
   206   000FBB                     CCPR2           equ	4027	;# 
   207   000FBB                     CCPR2L          equ	4027	;# 
   208   000FBC                     CCPR2H          equ	4028	;# 
   209   000FBD                     CCP1CON         equ	4029	;# 
   210   000FBE                     CCPR1           equ	4030	;# 
   211   000FBE                     CCPR1L          equ	4030	;# 
   212   000FBF                     CCPR1H          equ	4031	;# 
   213   000FC0                     ADCON2          equ	4032	;# 
   214   000FC1                     ADCON1          equ	4033	;# 
   215   000FC2                     ADCON0          equ	4034	;# 
   216   000FC3                     ADRES           equ	4035	;# 
   217   000FC3                     ADRESL          equ	4035	;# 
   218   000FC4                     ADRESH          equ	4036	;# 
   219   000FC5                     SSPCON2         equ	4037	;# 
   220   000FC6                     SSPCON1         equ	4038	;# 
   221   000FC7                     SSPSTAT         equ	4039	;# 
   222   000FC8                     SSPADD          equ	4040	;# 
   223   000FC9                     SSPBUF          equ	4041	;# 
   224   000FCA                     T2CON           equ	4042	;# 
   225   000FCB                     PR2             equ	4043	;# 
   226   000FCB                     MEMCON          equ	4043	;# 
   227   000FCC                     TMR2            equ	4044	;# 
   228   000FCD                     T1CON           equ	4045	;# 
   229   000FCE                     TMR1            equ	4046	;# 
   230   000FCE                     TMR1L           equ	4046	;# 
   231   000FCF                     TMR1H           equ	4047	;# 
   232   000FD0                     RCON            equ	4048	;# 
   233   000FD1                     WDTCON          equ	4049	;# 
   234   000FD2                     HLVDCON         equ	4050	;# 
   235   000FD2                     LVDCON          equ	4050	;# 
   236   000FD3                     OSCCON          equ	4051	;# 
   237   000FD5                     T0CON           equ	4053	;# 
   238   000FD6                     TMR0            equ	4054	;# 
   239   000FD6                     TMR0L           equ	4054	;# 
   240   000FD7                     TMR0H           equ	4055	;# 
   241   000FD8                     STATUS          equ	4056	;# 
   242   000FD9                     FSR2            equ	4057	;# 
   243   000FD9                     FSR2L           equ	4057	;# 
   244   000FDA                     FSR2H           equ	4058	;# 
   245   000FDB                     PLUSW2          equ	4059	;# 
   246   000FDC                     PREINC2         equ	4060	;# 
   247   000FDD                     POSTDEC2        equ	4061	;# 
   248   000FDE                     POSTINC2        equ	4062	;# 
   249   000FDF                     INDF2           equ	4063	;# 
   250   000FE0                     BSR             equ	4064	;# 
   251   000FE1                     FSR1            equ	4065	;# 
   252   000FE1                     FSR1L           equ	4065	;# 
   253   000FE2                     FSR1H           equ	4066	;# 
   254   000FE3                     PLUSW1          equ	4067	;# 
   255   000FE4                     PREINC1         equ	4068	;# 
   256   000FE5                     POSTDEC1        equ	4069	;# 
   257   000FE6                     POSTINC1        equ	4070	;# 
   258   000FE7                     INDF1           equ	4071	;# 
   259   000FE8                     WREG            equ	4072	;# 
   260   000FE9                     FSR0            equ	4073	;# 
   261   000FE9                     FSR0L           equ	4073	;# 
   262   000FEA                     FSR0H           equ	4074	;# 
   263   000FEB                     PLUSW0          equ	4075	;# 
   264   000FEC                     PREINC0         equ	4076	;# 
   265   000FED                     POSTDEC0        equ	4077	;# 
   266   000FEE                     POSTINC0        equ	4078	;# 
   267   000FEF                     INDF0           equ	4079	;# 
   268   000FF0                     INTCON3         equ	4080	;# 
   269   000FF1                     INTCON2         equ	4081	;# 
   270   000FF2                     INTCON          equ	4082	;# 
   271   000FF3                     PROD            equ	4083	;# 
   272   000FF3                     PRODL           equ	4083	;# 
   273   000FF4                     PRODH           equ	4084	;# 
   274   000FF5                     TABLAT          equ	4085	;# 
   275   000FF6                     TBLPTR          equ	4086	;# 
   276   000FF6                     TBLPTRL         equ	4086	;# 
   277   000FF7                     TBLPTRH         equ	4087	;# 
   278   000FF8                     TBLPTRU         equ	4088	;# 
   279   000FF9                     PCLAT           equ	4089	;# 
   280   000FF9                     PC              equ	4089	;# 
   281   000FF9                     PCL             equ	4089	;# 
   282   000FFA                     PCLATH          equ	4090	;# 
   283   000FFB                     PCLATU          equ	4091	;# 
   284   000FFC                     STKPTR          equ	4092	;# 
   285   000FFD                     TOS             equ	4093	;# 
   286   000FFD                     TOSL            equ	4093	;# 
   287   000FFE                     TOSH            equ	4094	;# 
   288   000FFF                     TOSU            equ	4095	;# 
   289   000F80                     PORTA           equ	3968	;# 
   290   000F81                     PORTB           equ	3969	;# 
   291   000F82                     PORTC           equ	3970	;# 
   292   000F83                     PORTD           equ	3971	;# 
   293   000F84                     PORTE           equ	3972	;# 
   294   000F89                     LATA            equ	3977	;# 
   295   000F8A                     LATB            equ	3978	;# 
   296   000F8B                     LATC            equ	3979	;# 
   297   000F8C                     LATD            equ	3980	;# 
   298   000F8D                     LATE            equ	3981	;# 
   299   000F92                     TRISA           equ	3986	;# 
   300   000F92                     DDRA            equ	3986	;# 
   301   000F93                     TRISB           equ	3987	;# 
   302   000F93                     DDRB            equ	3987	;# 
   303   000F94                     TRISC           equ	3988	;# 
   304   000F94                     DDRC            equ	3988	;# 
   305   000F95                     TRISD           equ	3989	;# 
   306   000F95                     DDRD            equ	3989	;# 
   307   000F96                     TRISE           equ	3990	;# 
   308   000F96                     DDRE            equ	3990	;# 
   309   000F9B                     OSCTUNE         equ	3995	;# 
   310   000F9D                     PIE1            equ	3997	;# 
   311   000F9E                     PIR1            equ	3998	;# 
   312   000F9F                     IPR1            equ	3999	;# 
   313   000FA0                     PIE2            equ	4000	;# 
   314   000FA1                     PIR2            equ	4001	;# 
   315   000FA2                     IPR2            equ	4002	;# 
   316   000FA6                     EECON1          equ	4006	;# 
   317   000FA7                     EECON2          equ	4007	;# 
   318   000FA8                     EEDATA          equ	4008	;# 
   319   000FA9                     EEADR           equ	4009	;# 
   320   000FAB                     RCSTA           equ	4011	;# 
   321   000FAB                     RCSTA1          equ	4011	;# 
   322   000FAC                     TXSTA           equ	4012	;# 
   323   000FAC                     TXSTA1          equ	4012	;# 
   324   000FAD                     TXREG           equ	4013	;# 
   325   000FAD                     TXREG1          equ	4013	;# 
   326   000FAE                     RCREG           equ	4014	;# 
   327   000FAE                     RCREG1          equ	4014	;# 
   328   000FAF                     SPBRG           equ	4015	;# 
   329   000FAF                     SPBRG1          equ	4015	;# 
   330   000FB0                     SPBRGH          equ	4016	;# 
   331   000FB1                     T3CON           equ	4017	;# 
   332   000FB2                     TMR3            equ	4018	;# 
   333   000FB2                     TMR3L           equ	4018	;# 
   334   000FB3                     TMR3H           equ	4019	;# 
   335   000FB4                     CMCON           equ	4020	;# 
   336   000FB5                     CVRCON          equ	4021	;# 
   337   000FB6                     ECCP1AS         equ	4022	;# 
   338   000FB6                     ECCPAS          equ	4022	;# 
   339   000FB7                     PWM1CON         equ	4023	;# 
   340   000FB7                     ECCP1DEL        equ	4023	;# 
   341   000FB8                     BAUDCON         equ	4024	;# 
   342   000FB8                     BAUDCTL         equ	4024	;# 
   343   000FBA                     CCP2CON         equ	4026	;# 
   344   000FBB                     CCPR2           equ	4027	;# 
   345   000FBB                     CCPR2L          equ	4027	;# 
   346   000FBC                     CCPR2H          equ	4028	;# 
   347   000FBD                     CCP1CON         equ	4029	;# 
   348   000FBE                     CCPR1           equ	4030	;# 
   349   000FBE                     CCPR1L          equ	4030	;# 
   350   000FBF                     CCPR1H          equ	4031	;# 
   351   000FC0                     ADCON2          equ	4032	;# 
   352   000FC1                     ADCON1          equ	4033	;# 
   353   000FC2                     ADCON0          equ	4034	;# 
   354   000FC3                     ADRES           equ	4035	;# 
   355   000FC3                     ADRESL          equ	4035	;# 
   356   000FC4                     ADRESH          equ	4036	;# 
   357   000FC5                     SSPCON2         equ	4037	;# 
   358   000FC6                     SSPCON1         equ	4038	;# 
   359   000FC7                     SSPSTAT         equ	4039	;# 
   360   000FC8                     SSPADD          equ	4040	;# 
   361   000FC9                     SSPBUF          equ	4041	;# 
   362   000FCA                     T2CON           equ	4042	;# 
   363   000FCB                     PR2             equ	4043	;# 
   364   000FCB                     MEMCON          equ	4043	;# 
   365   000FCC                     TMR2            equ	4044	;# 
   366   000FCD                     T1CON           equ	4045	;# 
   367   000FCE                     TMR1            equ	4046	;# 
   368   000FCE                     TMR1L           equ	4046	;# 
   369   000FCF                     TMR1H           equ	4047	;# 
   370   000FD0                     RCON            equ	4048	;# 
   371   000FD1                     WDTCON          equ	4049	;# 
   372   000FD2                     HLVDCON         equ	4050	;# 
   373   000FD2                     LVDCON          equ	4050	;# 
   374   000FD3                     OSCCON          equ	4051	;# 
   375   000FD5                     T0CON           equ	4053	;# 
   376   000FD6                     TMR0            equ	4054	;# 
   377   000FD6                     TMR0L           equ	4054	;# 
   378   000FD7                     TMR0H           equ	4055	;# 
   379   000FD8                     STATUS          equ	4056	;# 
   380   000FD9                     FSR2            equ	4057	;# 
   381   000FD9                     FSR2L           equ	4057	;# 
   382   000FDA                     FSR2H           equ	4058	;# 
   383   000FDB                     PLUSW2          equ	4059	;# 
   384   000FDC                     PREINC2         equ	4060	;# 
   385   000FDD                     POSTDEC2        equ	4061	;# 
   386   000FDE                     POSTINC2        equ	4062	;# 
   387   000FDF                     INDF2           equ	4063	;# 
   388   000FE0                     BSR             equ	4064	;# 
   389   000FE1                     FSR1            equ	4065	;# 
   390   000FE1                     FSR1L           equ	4065	;# 
   391   000FE2                     FSR1H           equ	4066	;# 
   392   000FE3                     PLUSW1          equ	4067	;# 
   393   000FE4                     PREINC1         equ	4068	;# 
   394   000FE5                     POSTDEC1        equ	4069	;# 
   395   000FE6                     POSTINC1        equ	4070	;# 
   396   000FE7                     INDF1           equ	4071	;# 
   397   000FE8                     WREG            equ	4072	;# 
   398   000FE9                     FSR0            equ	4073	;# 
   399   000FE9                     FSR0L           equ	4073	;# 
   400   000FEA                     FSR0H           equ	4074	;# 
   401   000FEB                     PLUSW0          equ	4075	;# 
   402   000FEC                     PREINC0         equ	4076	;# 
   403   000FED                     POSTDEC0        equ	4077	;# 
   404   000FEE                     POSTINC0        equ	4078	;# 
   405   000FEF                     INDF0           equ	4079	;# 
   406   000FF0                     INTCON3         equ	4080	;# 
   407   000FF1                     INTCON2         equ	4081	;# 
   408   000FF2                     INTCON          equ	4082	;# 
   409   000FF3                     PROD            equ	4083	;# 
   410   000FF3                     PRODL           equ	4083	;# 
   411   000FF4                     PRODH           equ	4084	;# 
   412   000FF5                     TABLAT          equ	4085	;# 
   413   000FF6                     TBLPTR          equ	4086	;# 
   414   000FF6                     TBLPTRL         equ	4086	;# 
   415   000FF7                     TBLPTRH         equ	4087	;# 
   416   000FF8                     TBLPTRU         equ	4088	;# 
   417   000FF9                     PCLAT           equ	4089	;# 
   418   000FF9                     PC              equ	4089	;# 
   419   000FF9                     PCL             equ	4089	;# 
   420   000FFA                     PCLATH          equ	4090	;# 
   421   000FFB                     PCLATU          equ	4091	;# 
   422   000FFC                     STKPTR          equ	4092	;# 
   423   000FFD                     TOS             equ	4093	;# 
   424   000FFD                     TOSL            equ	4093	;# 
   425   000FFE                     TOSH            equ	4094	;# 
   426   000FFF                     TOSU            equ	4095	;# 
   427   000F80                     PORTA           equ	3968	;# 
   428   000F81                     PORTB           equ	3969	;# 
   429   000F82                     PORTC           equ	3970	;# 
   430   000F83                     PORTD           equ	3971	;# 
   431   000F84                     PORTE           equ	3972	;# 
   432   000F89                     LATA            equ	3977	;# 
   433   000F8A                     LATB            equ	3978	;# 
   434   000F8B                     LATC            equ	3979	;# 
   435   000F8C                     LATD            equ	3980	;# 
   436   000F8D                     LATE            equ	3981	;# 
   437   000F92                     TRISA           equ	3986	;# 
   438   000F92                     DDRA            equ	3986	;# 
   439   000F93                     TRISB           equ	3987	;# 
   440   000F93                     DDRB            equ	3987	;# 
   441   000F94                     TRISC           equ	3988	;# 
   442   000F94                     DDRC            equ	3988	;# 
   443   000F95                     TRISD           equ	3989	;# 
   444   000F95                     DDRD            equ	3989	;# 
   445   000F96                     TRISE           equ	3990	;# 
   446   000F96                     DDRE            equ	3990	;# 
   447   000F9B                     OSCTUNE         equ	3995	;# 
   448   000F9D                     PIE1            equ	3997	;# 
   449   000F9E                     PIR1            equ	3998	;# 
   450   000F9F                     IPR1            equ	3999	;# 
   451   000FA0                     PIE2            equ	4000	;# 
   452   000FA1                     PIR2            equ	4001	;# 
   453   000FA2                     IPR2            equ	4002	;# 
   454   000FA6                     EECON1          equ	4006	;# 
   455   000FA7                     EECON2          equ	4007	;# 
   456   000FA8                     EEDATA          equ	4008	;# 
   457   000FA9                     EEADR           equ	4009	;# 
   458   000FAB                     RCSTA           equ	4011	;# 
   459   000FAB                     RCSTA1          equ	4011	;# 
   460   000FAC                     TXSTA           equ	4012	;# 
   461   000FAC                     TXSTA1          equ	4012	;# 
   462   000FAD                     TXREG           equ	4013	;# 
   463   000FAD                     TXREG1          equ	4013	;# 
   464   000FAE                     RCREG           equ	4014	;# 
   465   000FAE                     RCREG1          equ	4014	;# 
   466   000FAF                     SPBRG           equ	4015	;# 
   467   000FAF                     SPBRG1          equ	4015	;# 
   468   000FB0                     SPBRGH          equ	4016	;# 
   469   000FB1                     T3CON           equ	4017	;# 
   470   000FB2                     TMR3            equ	4018	;# 
   471   000FB2                     TMR3L           equ	4018	;# 
   472   000FB3                     TMR3H           equ	4019	;# 
   473   000FB4                     CMCON           equ	4020	;# 
   474   000FB5                     CVRCON          equ	4021	;# 
   475   000FB6                     ECCP1AS         equ	4022	;# 
   476   000FB6                     ECCPAS          equ	4022	;# 
   477   000FB7                     PWM1CON         equ	4023	;# 
   478   000FB7                     ECCP1DEL        equ	4023	;# 
   479   000FB8                     BAUDCON         equ	4024	;# 
   480   000FB8                     BAUDCTL         equ	4024	;# 
   481   000FBA                     CCP2CON         equ	4026	;# 
   482   000FBB                     CCPR2           equ	4027	;# 
   483   000FBB                     CCPR2L          equ	4027	;# 
   484   000FBC                     CCPR2H          equ	4028	;# 
   485   000FBD                     CCP1CON         equ	4029	;# 
   486   000FBE                     CCPR1           equ	4030	;# 
   487   000FBE                     CCPR1L          equ	4030	;# 
   488   000FBF                     CCPR1H          equ	4031	;# 
   489   000FC0                     ADCON2          equ	4032	;# 
   490   000FC1                     ADCON1          equ	4033	;# 
   491   000FC2                     ADCON0          equ	4034	;# 
   492   000FC3                     ADRES           equ	4035	;# 
   493   000FC3                     ADRESL          equ	4035	;# 
   494   000FC4                     ADRESH          equ	4036	;# 
   495   000FC5                     SSPCON2         equ	4037	;# 
   496   000FC6                     SSPCON1         equ	4038	;# 
   497   000FC7                     SSPSTAT         equ	4039	;# 
   498   000FC8                     SSPADD          equ	4040	;# 
   499   000FC9                     SSPBUF          equ	4041	;# 
   500   000FCA                     T2CON           equ	4042	;# 
   501   000FCB                     PR2             equ	4043	;# 
   502   000FCB                     MEMCON          equ	4043	;# 
   503   000FCC                     TMR2            equ	4044	;# 
   504   000FCD                     T1CON           equ	4045	;# 
   505   000FCE                     TMR1            equ	4046	;# 
   506   000FCE                     TMR1L           equ	4046	;# 
   507   000FCF                     TMR1H           equ	4047	;# 
   508   000FD0                     RCON            equ	4048	;# 
   509   000FD1                     WDTCON          equ	4049	;# 
   510   000FD2                     HLVDCON         equ	4050	;# 
   511   000FD2                     LVDCON          equ	4050	;# 
   512   000FD3                     OSCCON          equ	4051	;# 
   513   000FD5                     T0CON           equ	4053	;# 
   514   000FD6                     TMR0            equ	4054	;# 
   515   000FD6                     TMR0L           equ	4054	;# 
   516   000FD7                     TMR0H           equ	4055	;# 
   517   000FD8                     STATUS          equ	4056	;# 
   518   000FD9                     FSR2            equ	4057	;# 
   519   000FD9                     FSR2L           equ	4057	;# 
   520   000FDA                     FSR2H           equ	4058	;# 
   521   000FDB                     PLUSW2          equ	4059	;# 
   522   000FDC                     PREINC2         equ	4060	;# 
   523   000FDD                     POSTDEC2        equ	4061	;# 
   524   000FDE                     POSTINC2        equ	4062	;# 
   525   000FDF                     INDF2           equ	4063	;# 
   526   000FE0                     BSR             equ	4064	;# 
   527   000FE1                     FSR1            equ	4065	;# 
   528   000FE1                     FSR1L           equ	4065	;# 
   529   000FE2                     FSR1H           equ	4066	;# 
   530   000FE3                     PLUSW1          equ	4067	;# 
   531   000FE4                     PREINC1         equ	4068	;# 
   532   000FE5                     POSTDEC1        equ	4069	;# 
   533   000FE6                     POSTINC1        equ	4070	;# 
   534   000FE7                     INDF1           equ	4071	;# 
   535   000FE8                     WREG            equ	4072	;# 
   536   000FE9                     FSR0            equ	4073	;# 
   537   000FE9                     FSR0L           equ	4073	;# 
   538   000FEA                     FSR0H           equ	4074	;# 
   539   000FEB                     PLUSW0          equ	4075	;# 
   540   000FEC                     PREINC0         equ	4076	;# 
   541   000FED                     POSTDEC0        equ	4077	;# 
   542   000FEE                     POSTINC0        equ	4078	;# 
   543   000FEF                     INDF0           equ	4079	;# 
   544   000FF0                     INTCON3         equ	4080	;# 
   545   000FF1                     INTCON2         equ	4081	;# 
   546   000FF2                     INTCON          equ	4082	;# 
   547   000FF3                     PROD            equ	4083	;# 
   548   000FF3                     PRODL           equ	4083	;# 
   549   000FF4                     PRODH           equ	4084	;# 
   550   000FF5                     TABLAT          equ	4085	;# 
   551   000FF6                     TBLPTR          equ	4086	;# 
   552   000FF6                     TBLPTRL         equ	4086	;# 
   553   000FF7                     TBLPTRH         equ	4087	;# 
   554   000FF8                     TBLPTRU         equ	4088	;# 
   555   000FF9                     PCLAT           equ	4089	;# 
   556   000FF9                     PC              equ	4089	;# 
   557   000FF9                     PCL             equ	4089	;# 
   558   000FFA                     PCLATH          equ	4090	;# 
   559   000FFB                     PCLATU          equ	4091	;# 
   560   000FFC                     STKPTR          equ	4092	;# 
   561   000FFD                     TOS             equ	4093	;# 
   562   000FFD                     TOSL            equ	4093	;# 
   563   000FFE                     TOSH            equ	4094	;# 
   564   000FFF                     TOSU            equ	4095	;# 
   565   000F80                     PORTA           equ	3968	;# 
   566   000F81                     PORTB           equ	3969	;# 
   567   000F82                     PORTC           equ	3970	;# 
   568   000F83                     PORTD           equ	3971	;# 
   569   000F84                     PORTE           equ	3972	;# 
   570   000F89                     LATA            equ	3977	;# 
   571   000F8A                     LATB            equ	3978	;# 
   572   000F8B                     LATC            equ	3979	;# 
   573   000F8C                     LATD            equ	3980	;# 
   574   000F8D                     LATE            equ	3981	;# 
   575   000F92                     TRISA           equ	3986	;# 
   576   000F92                     DDRA            equ	3986	;# 
   577   000F93                     TRISB           equ	3987	;# 
   578   000F93                     DDRB            equ	3987	;# 
   579   000F94                     TRISC           equ	3988	;# 
   580   000F94                     DDRC            equ	3988	;# 
   581   000F95                     TRISD           equ	3989	;# 
   582   000F95                     DDRD            equ	3989	;# 
   583   000F96                     TRISE           equ	3990	;# 
   584   000F96                     DDRE            equ	3990	;# 
   585   000F9B                     OSCTUNE         equ	3995	;# 
   586   000F9D                     PIE1            equ	3997	;# 
   587   000F9E                     PIR1            equ	3998	;# 
   588   000F9F                     IPR1            equ	3999	;# 
   589   000FA0                     PIE2            equ	4000	;# 
   590   000FA1                     PIR2            equ	4001	;# 
   591   000FA2                     IPR2            equ	4002	;# 
   592   000FA6                     EECON1          equ	4006	;# 
   593   000FA7                     EECON2          equ	4007	;# 
   594   000FA8                     EEDATA          equ	4008	;# 
   595   000FA9                     EEADR           equ	4009	;# 
   596   000FAB                     RCSTA           equ	4011	;# 
   597   000FAB                     RCSTA1          equ	4011	;# 
   598   000FAC                     TXSTA           equ	4012	;# 
   599   000FAC                     TXSTA1          equ	4012	;# 
   600   000FAD                     TXREG           equ	4013	;# 
   601   000FAD                     TXREG1          equ	4013	;# 
   602   000FAE                     RCREG           equ	4014	;# 
   603   000FAE                     RCREG1          equ	4014	;# 
   604   000FAF                     SPBRG           equ	4015	;# 
   605   000FAF                     SPBRG1          equ	4015	;# 
   606   000FB0                     SPBRGH          equ	4016	;# 
   607   000FB1                     T3CON           equ	4017	;# 
   608   000FB2                     TMR3            equ	4018	;# 
   609   000FB2                     TMR3L           equ	4018	;# 
   610   000FB3                     TMR3H           equ	4019	;# 
   611   000FB4                     CMCON           equ	4020	;# 
   612   000FB5                     CVRCON          equ	4021	;# 
   613   000FB6                     ECCP1AS         equ	4022	;# 
   614   000FB6                     ECCPAS          equ	4022	;# 
   615   000FB7                     PWM1CON         equ	4023	;# 
   616   000FB7                     ECCP1DEL        equ	4023	;# 
   617   000FB8                     BAUDCON         equ	4024	;# 
   618   000FB8                     BAUDCTL         equ	4024	;# 
   619   000FBA                     CCP2CON         equ	4026	;# 
   620   000FBB                     CCPR2           equ	4027	;# 
   621   000FBB                     CCPR2L          equ	4027	;# 
   622   000FBC                     CCPR2H          equ	4028	;# 
   623   000FBD                     CCP1CON         equ	4029	;# 
   624   000FBE                     CCPR1           equ	4030	;# 
   625   000FBE                     CCPR1L          equ	4030	;# 
   626   000FBF                     CCPR1H          equ	4031	;# 
   627   000FC0                     ADCON2          equ	4032	;# 
   628   000FC1                     ADCON1          equ	4033	;# 
   629   000FC2                     ADCON0          equ	4034	;# 
   630   000FC3                     ADRES           equ	4035	;# 
   631   000FC3                     ADRESL          equ	4035	;# 
   632   000FC4                     ADRESH          equ	4036	;# 
   633   000FC5                     SSPCON2         equ	4037	;# 
   634   000FC6                     SSPCON1         equ	4038	;# 
   635   000FC7                     SSPSTAT         equ	4039	;# 
   636   000FC8                     SSPADD          equ	4040	;# 
   637   000FC9                     SSPBUF          equ	4041	;# 
   638   000FCA                     T2CON           equ	4042	;# 
   639   000FCB                     PR2             equ	4043	;# 
   640   000FCB                     MEMCON          equ	4043	;# 
   641   000FCC                     TMR2            equ	4044	;# 
   642   000FCD                     T1CON           equ	4045	;# 
   643   000FCE                     TMR1            equ	4046	;# 
   644   000FCE                     TMR1L           equ	4046	;# 
   645   000FCF                     TMR1H           equ	4047	;# 
   646   000FD0                     RCON            equ	4048	;# 
   647   000FD1                     WDTCON          equ	4049	;# 
   648   000FD2                     HLVDCON         equ	4050	;# 
   649   000FD2                     LVDCON          equ	4050	;# 
   650   000FD3                     OSCCON          equ	4051	;# 
   651   000FD5                     T0CON           equ	4053	;# 
   652   000FD6                     TMR0            equ	4054	;# 
   653   000FD6                     TMR0L           equ	4054	;# 
   654   000FD7                     TMR0H           equ	4055	;# 
   655   000FD8                     STATUS          equ	4056	;# 
   656   000FD9                     FSR2            equ	4057	;# 
   657   000FD9                     FSR2L           equ	4057	;# 
   658   000FDA                     FSR2H           equ	4058	;# 
   659   000FDB                     PLUSW2          equ	4059	;# 
   660   000FDC                     PREINC2         equ	4060	;# 
   661   000FDD                     POSTDEC2        equ	4061	;# 
   662   000FDE                     POSTINC2        equ	4062	;# 
   663   000FDF                     INDF2           equ	4063	;# 
   664   000FE0                     BSR             equ	4064	;# 
   665   000FE1                     FSR1            equ	4065	;# 
   666   000FE1                     FSR1L           equ	4065	;# 
   667   000FE2                     FSR1H           equ	4066	;# 
   668   000FE3                     PLUSW1          equ	4067	;# 
   669   000FE4                     PREINC1         equ	4068	;# 
   670   000FE5                     POSTDEC1        equ	4069	;# 
   671   000FE6                     POSTINC1        equ	4070	;# 
   672   000FE7                     INDF1           equ	4071	;# 
   673   000FE8                     WREG            equ	4072	;# 
   674   000FE9                     FSR0            equ	4073	;# 
   675   000FE9                     FSR0L           equ	4073	;# 
   676   000FEA                     FSR0H           equ	4074	;# 
   677   000FEB                     PLUSW0          equ	4075	;# 
   678   000FEC                     PREINC0         equ	4076	;# 
   679   000FED                     POSTDEC0        equ	4077	;# 
   680   000FEE                     POSTINC0        equ	4078	;# 
   681   000FEF                     INDF0           equ	4079	;# 
   682   000FF0                     INTCON3         equ	4080	;# 
   683   000FF1                     INTCON2         equ	4081	;# 
   684   000FF2                     INTCON          equ	4082	;# 
   685   000FF3                     PROD            equ	4083	;# 
   686   000FF3                     PRODL           equ	4083	;# 
   687   000FF4                     PRODH           equ	4084	;# 
   688   000FF5                     TABLAT          equ	4085	;# 
   689   000FF6                     TBLPTR          equ	4086	;# 
   690   000FF6                     TBLPTRL         equ	4086	;# 
   691   000FF7                     TBLPTRH         equ	4087	;# 
   692   000FF8                     TBLPTRU         equ	4088	;# 
   693   000FF9                     PCLAT           equ	4089	;# 
   694   000FF9                     PC              equ	4089	;# 
   695   000FF9                     PCL             equ	4089	;# 
   696   000FFA                     PCLATH          equ	4090	;# 
   697   000FFB                     PCLATU          equ	4091	;# 
   698   000FFC                     STKPTR          equ	4092	;# 
   699   000FFD                     TOS             equ	4093	;# 
   700   000FFD                     TOSL            equ	4093	;# 
   701   000FFE                     TOSH            equ	4094	;# 
   702   000FFF                     TOSU            equ	4095	;# 
   703   000F80                     PORTA           equ	3968	;# 
   704   000F81                     PORTB           equ	3969	;# 
   705   000F82                     PORTC           equ	3970	;# 
   706   000F83                     PORTD           equ	3971	;# 
   707   000F84                     PORTE           equ	3972	;# 
   708   000F89                     LATA            equ	3977	;# 
   709   000F8A                     LATB            equ	3978	;# 
   710   000F8B                     LATC            equ	3979	;# 
   711   000F8C                     LATD            equ	3980	;# 
   712   000F8D                     LATE            equ	3981	;# 
   713   000F92                     TRISA           equ	3986	;# 
   714   000F92                     DDRA            equ	3986	;# 
   715   000F93                     TRISB           equ	3987	;# 
   716   000F93                     DDRB            equ	3987	;# 
   717   000F94                     TRISC           equ	3988	;# 
   718   000F94                     DDRC            equ	3988	;# 
   719   000F95                     TRISD           equ	3989	;# 
   720   000F95                     DDRD            equ	3989	;# 
   721   000F96                     TRISE           equ	3990	;# 
   722   000F96                     DDRE            equ	3990	;# 
   723   000F9B                     OSCTUNE         equ	3995	;# 
   724   000F9D                     PIE1            equ	3997	;# 
   725   000F9E                     PIR1            equ	3998	;# 
   726   000F9F                     IPR1            equ	3999	;# 
   727   000FA0                     PIE2            equ	4000	;# 
   728   000FA1                     PIR2            equ	4001	;# 
   729   000FA2                     IPR2            equ	4002	;# 
   730   000FA6                     EECON1          equ	4006	;# 
   731   000FA7                     EECON2          equ	4007	;# 
   732   000FA8                     EEDATA          equ	4008	;# 
   733   000FA9                     EEADR           equ	4009	;# 
   734   000FAB                     RCSTA           equ	4011	;# 
   735   000FAB                     RCSTA1          equ	4011	;# 
   736   000FAC                     TXSTA           equ	4012	;# 
   737   000FAC                     TXSTA1          equ	4012	;# 
   738   000FAD                     TXREG           equ	4013	;# 
   739   000FAD                     TXREG1          equ	4013	;# 
   740   000FAE                     RCREG           equ	4014	;# 
   741   000FAE                     RCREG1          equ	4014	;# 
   742   000FAF                     SPBRG           equ	4015	;# 
   743   000FAF                     SPBRG1          equ	4015	;# 
   744   000FB0                     SPBRGH          equ	4016	;# 
   745   000FB1                     T3CON           equ	4017	;# 
   746   000FB2                     TMR3            equ	4018	;# 
   747   000FB2                     TMR3L           equ	4018	;# 
   748   000FB3                     TMR3H           equ	4019	;# 
   749   000FB4                     CMCON           equ	4020	;# 
   750   000FB5                     CVRCON          equ	4021	;# 
   751   000FB6                     ECCP1AS         equ	4022	;# 
   752   000FB6                     ECCPAS          equ	4022	;# 
   753   000FB7                     PWM1CON         equ	4023	;# 
   754   000FB7                     ECCP1DEL        equ	4023	;# 
   755   000FB8                     BAUDCON         equ	4024	;# 
   756   000FB8                     BAUDCTL         equ	4024	;# 
   757   000FBA                     CCP2CON         equ	4026	;# 
   758   000FBB                     CCPR2           equ	4027	;# 
   759   000FBB                     CCPR2L          equ	4027	;# 
   760   000FBC                     CCPR2H          equ	4028	;# 
   761   000FBD                     CCP1CON         equ	4029	;# 
   762   000FBE                     CCPR1           equ	4030	;# 
   763   000FBE                     CCPR1L          equ	4030	;# 
   764   000FBF                     CCPR1H          equ	4031	;# 
   765   000FC0                     ADCON2          equ	4032	;# 
   766   000FC1                     ADCON1          equ	4033	;# 
   767   000FC2                     ADCON0          equ	4034	;# 
   768   000FC3                     ADRES           equ	4035	;# 
   769   000FC3                     ADRESL          equ	4035	;# 
   770   000FC4                     ADRESH          equ	4036	;# 
   771   000FC5                     SSPCON2         equ	4037	;# 
   772   000FC6                     SSPCON1         equ	4038	;# 
   773   000FC7                     SSPSTAT         equ	4039	;# 
   774   000FC8                     SSPADD          equ	4040	;# 
   775   000FC9                     SSPBUF          equ	4041	;# 
   776   000FCA                     T2CON           equ	4042	;# 
   777   000FCB                     PR2             equ	4043	;# 
   778   000FCB                     MEMCON          equ	4043	;# 
   779   000FCC                     TMR2            equ	4044	;# 
   780   000FCD                     T1CON           equ	4045	;# 
   781   000FCE                     TMR1            equ	4046	;# 
   782   000FCE                     TMR1L           equ	4046	;# 
   783   000FCF                     TMR1H           equ	4047	;# 
   784   000FD0                     RCON            equ	4048	;# 
   785   000FD1                     WDTCON          equ	4049	;# 
   786   000FD2                     HLVDCON         equ	4050	;# 
   787   000FD2                     LVDCON          equ	4050	;# 
   788   000FD3                     OSCCON          equ	4051	;# 
   789   000FD5                     T0CON           equ	4053	;# 
   790   000FD6                     TMR0            equ	4054	;# 
   791   000FD6                     TMR0L           equ	4054	;# 
   792   000FD7                     TMR0H           equ	4055	;# 
   793   000FD8                     STATUS          equ	4056	;# 
   794   000FD9                     FSR2            equ	4057	;# 
   795   000FD9                     FSR2L           equ	4057	;# 
   796   000FDA                     FSR2H           equ	4058	;# 
   797   000FDB                     PLUSW2          equ	4059	;# 
   798   000FDC                     PREINC2         equ	4060	;# 
   799   000FDD                     POSTDEC2        equ	4061	;# 
   800   000FDE                     POSTINC2        equ	4062	;# 
   801   000FDF                     INDF2           equ	4063	;# 
   802   000FE0                     BSR             equ	4064	;# 
   803   000FE1                     FSR1            equ	4065	;# 
   804   000FE1                     FSR1L           equ	4065	;# 
   805   000FE2                     FSR1H           equ	4066	;# 
   806   000FE3                     PLUSW1          equ	4067	;# 
   807   000FE4                     PREINC1         equ	4068	;# 
   808   000FE5                     POSTDEC1        equ	4069	;# 
   809   000FE6                     POSTINC1        equ	4070	;# 
   810   000FE7                     INDF1           equ	4071	;# 
   811   000FE8                     WREG            equ	4072	;# 
   812   000FE9                     FSR0            equ	4073	;# 
   813   000FE9                     FSR0L           equ	4073	;# 
   814   000FEA                     FSR0H           equ	4074	;# 
   815   000FEB                     PLUSW0          equ	4075	;# 
   816   000FEC                     PREINC0         equ	4076	;# 
   817   000FED                     POSTDEC0        equ	4077	;# 
   818   000FEE                     POSTINC0        equ	4078	;# 
   819   000FEF                     INDF0           equ	4079	;# 
   820   000FF0                     INTCON3         equ	4080	;# 
   821   000FF1                     INTCON2         equ	4081	;# 
   822   000FF2                     INTCON          equ	4082	;# 
   823   000FF3                     PROD            equ	4083	;# 
   824   000FF3                     PRODL           equ	4083	;# 
   825   000FF4                     PRODH           equ	4084	;# 
   826   000FF5                     TABLAT          equ	4085	;# 
   827   000FF6                     TBLPTR          equ	4086	;# 
   828   000FF6                     TBLPTRL         equ	4086	;# 
   829   000FF7                     TBLPTRH         equ	4087	;# 
   830   000FF8                     TBLPTRU         equ	4088	;# 
   831   000FF9                     PCLAT           equ	4089	;# 
   832   000FF9                     PC              equ	4089	;# 
   833   000FF9                     PCL             equ	4089	;# 
   834   000FFA                     PCLATH          equ	4090	;# 
   835   000FFB                     PCLATU          equ	4091	;# 
   836   000FFC                     STKPTR          equ	4092	;# 
   837   000FFD                     TOS             equ	4093	;# 
   838   000FFD                     TOSL            equ	4093	;# 
   839   000FFE                     TOSH            equ	4094	;# 
   840   000FFF                     TOSU            equ	4095	;# 
   841   000F80                     PORTA           equ	3968	;# 
   842   000F81                     PORTB           equ	3969	;# 
   843   000F82                     PORTC           equ	3970	;# 
   844   000F83                     PORTD           equ	3971	;# 
   845   000F84                     PORTE           equ	3972	;# 
   846   000F89                     LATA            equ	3977	;# 
   847   000F8A                     LATB            equ	3978	;# 
   848   000F8B                     LATC            equ	3979	;# 
   849   000F8C                     LATD            equ	3980	;# 
   850   000F8D                     LATE            equ	3981	;# 
   851   000F92                     TRISA           equ	3986	;# 
   852   000F92                     DDRA            equ	3986	;# 
   853   000F93                     TRISB           equ	3987	;# 
   854   000F93                     DDRB            equ	3987	;# 
   855   000F94                     TRISC           equ	3988	;# 
   856   000F94                     DDRC            equ	3988	;# 
   857   000F95                     TRISD           equ	3989	;# 
   858   000F95                     DDRD            equ	3989	;# 
   859   000F96                     TRISE           equ	3990	;# 
   860   000F96                     DDRE            equ	3990	;# 
   861   000F9B                     OSCTUNE         equ	3995	;# 
   862   000F9D                     PIE1            equ	3997	;# 
   863   000F9E                     PIR1            equ	3998	;# 
   864   000F9F                     IPR1            equ	3999	;# 
   865   000FA0                     PIE2            equ	4000	;# 
   866   000FA1                     PIR2            equ	4001	;# 
   867   000FA2                     IPR2            equ	4002	;# 
   868   000FA6                     EECON1          equ	4006	;# 
   869   000FA7                     EECON2          equ	4007	;# 
   870   000FA8                     EEDATA          equ	4008	;# 
   871   000FA9                     EEADR           equ	4009	;# 
   872   000FAB                     RCSTA           equ	4011	;# 
   873   000FAB                     RCSTA1          equ	4011	;# 
   874   000FAC                     TXSTA           equ	4012	;# 
   875   000FAC                     TXSTA1          equ	4012	;# 
   876   000FAD                     TXREG           equ	4013	;# 
   877   000FAD                     TXREG1          equ	4013	;# 
   878   000FAE                     RCREG           equ	4014	;# 
   879   000FAE                     RCREG1          equ	4014	;# 
   880   000FAF                     SPBRG           equ	4015	;# 
   881   000FAF                     SPBRG1          equ	4015	;# 
   882   000FB0                     SPBRGH          equ	4016	;# 
   883   000FB1                     T3CON           equ	4017	;# 
   884   000FB2                     TMR3            equ	4018	;# 
   885   000FB2                     TMR3L           equ	4018	;# 
   886   000FB3                     TMR3H           equ	4019	;# 
   887   000FB4                     CMCON           equ	4020	;# 
   888   000FB5                     CVRCON          equ	4021	;# 
   889   000FB6                     ECCP1AS         equ	4022	;# 
   890   000FB6                     ECCPAS          equ	4022	;# 
   891   000FB7                     PWM1CON         equ	4023	;# 
   892   000FB7                     ECCP1DEL        equ	4023	;# 
   893   000FB8                     BAUDCON         equ	4024	;# 
   894   000FB8                     BAUDCTL         equ	4024	;# 
   895   000FBA                     CCP2CON         equ	4026	;# 
   896   000FBB                     CCPR2           equ	4027	;# 
   897   000FBB                     CCPR2L          equ	4027	;# 
   898   000FBC                     CCPR2H          equ	4028	;# 
   899   000FBD                     CCP1CON         equ	4029	;# 
   900   000FBE                     CCPR1           equ	4030	;# 
   901   000FBE                     CCPR1L          equ	4030	;# 
   902   000FBF                     CCPR1H          equ	4031	;# 
   903   000FC0                     ADCON2          equ	4032	;# 
   904   000FC1                     ADCON1          equ	4033	;# 
   905   000FC2                     ADCON0          equ	4034	;# 
   906   000FC3                     ADRES           equ	4035	;# 
   907   000FC3                     ADRESL          equ	4035	;# 
   908   000FC4                     ADRESH          equ	4036	;# 
   909   000FC5                     SSPCON2         equ	4037	;# 
   910   000FC6                     SSPCON1         equ	4038	;# 
   911   000FC7                     SSPSTAT         equ	4039	;# 
   912   000FC8                     SSPADD          equ	4040	;# 
   913   000FC9                     SSPBUF          equ	4041	;# 
   914   000FCA                     T2CON           equ	4042	;# 
   915   000FCB                     PR2             equ	4043	;# 
   916   000FCB                     MEMCON          equ	4043	;# 
   917   000FCC                     TMR2            equ	4044	;# 
   918   000FCD                     T1CON           equ	4045	;# 
   919   000FCE                     TMR1            equ	4046	;# 
   920   000FCE                     TMR1L           equ	4046	;# 
   921   000FCF                     TMR1H           equ	4047	;# 
   922   000FD0                     RCON            equ	4048	;# 
   923   000FD1                     WDTCON          equ	4049	;# 
   924   000FD2                     HLVDCON         equ	4050	;# 
   925   000FD2                     LVDCON          equ	4050	;# 
   926   000FD3                     OSCCON          equ	4051	;# 
   927   000FD5                     T0CON           equ	4053	;# 
   928   000FD6                     TMR0            equ	4054	;# 
   929   000FD6                     TMR0L           equ	4054	;# 
   930   000FD7                     TMR0H           equ	4055	;# 
   931   000FD8                     STATUS          equ	4056	;# 
   932   000FD9                     FSR2            equ	4057	;# 
   933   000FD9                     FSR2L           equ	4057	;# 
   934   000FDA                     FSR2H           equ	4058	;# 
   935   000FDB                     PLUSW2          equ	4059	;# 
   936   000FDC                     PREINC2         equ	4060	;# 
   937   000FDD                     POSTDEC2        equ	4061	;# 
   938   000FDE                     POSTINC2        equ	4062	;# 
   939   000FDF                     INDF2           equ	4063	;# 
   940   000FE0                     BSR             equ	4064	;# 
   941   000FE1                     FSR1            equ	4065	;# 
   942   000FE1                     FSR1L           equ	4065	;# 
   943   000FE2                     FSR1H           equ	4066	;# 
   944   000FE3                     PLUSW1          equ	4067	;# 
   945   000FE4                     PREINC1         equ	4068	;# 
   946   000FE5                     POSTDEC1        equ	4069	;# 
   947   000FE6                     POSTINC1        equ	4070	;# 
   948   000FE7                     INDF1           equ	4071	;# 
   949   000FE8                     WREG            equ	4072	;# 
   950   000FE9                     FSR0            equ	4073	;# 
   951   000FE9                     FSR0L           equ	4073	;# 
   952   000FEA                     FSR0H           equ	4074	;# 
   953   000FEB                     PLUSW0          equ	4075	;# 
   954   000FEC                     PREINC0         equ	4076	;# 
   955   000FED                     POSTDEC0        equ	4077	;# 
   956   000FEE                     POSTINC0        equ	4078	;# 
   957   000FEF                     INDF0           equ	4079	;# 
   958   000FF0                     INTCON3         equ	4080	;# 
   959   000FF1                     INTCON2         equ	4081	;# 
   960   000FF2                     INTCON          equ	4082	;# 
   961   000FF3                     PROD            equ	4083	;# 
   962   000FF3                     PRODL           equ	4083	;# 
   963   000FF4                     PRODH           equ	4084	;# 
   964   000FF5                     TABLAT          equ	4085	;# 
   965   000FF6                     TBLPTR          equ	4086	;# 
   966   000FF6                     TBLPTRL         equ	4086	;# 
   967   000FF7                     TBLPTRH         equ	4087	;# 
   968   000FF8                     TBLPTRU         equ	4088	;# 
   969   000FF9                     PCLAT           equ	4089	;# 
   970   000FF9                     PC              equ	4089	;# 
   971   000FF9                     PCL             equ	4089	;# 
   972   000FFA                     PCLATH          equ	4090	;# 
   973   000FFB                     PCLATU          equ	4091	;# 
   974   000FFC                     STKPTR          equ	4092	;# 
   975   000FFD                     TOS             equ	4093	;# 
   976   000FFD                     TOSL            equ	4093	;# 
   977   000FFE                     TOSH            equ	4094	;# 
   978   000FFF                     TOSU            equ	4095	;# 
   979                           
   980                           	psect	idataCOMRAM
   981   003016                     __pidataCOMRAM:
   982                           	callstack 0
   983                           
   984                           ;initializer for _lighttable
   985   003016  70                 	db	112
   986   003017  30                 	db	48
   987   003018  10                 	db	16
   988   003019  00                 	db	0
   989   00301A  40                 	db	64
   990   00301B  60                 	db	96
   991                           
   992                           ;initializer for _tick
   993   00301C  0001               	dw	1
   994                           
   995                           ;initializer for _direction
   996   00301E  FFFF               	dw	65535
   997                           
   998                           	psect	idataBANK0
   999   00302C                     __pidataBANK0:
  1000                           	callstack 0
  1001                           
  1002                           ;initializer for _angel
  1003   00302C  005A               	dw	90
  1004                           
  1005                           	psect	smallconst
  1006   000600                     __psmallconst:
  1007                           	callstack 0
  1008   000600  00                 	db	0
  1009   000601                     UART_PrintHex@F3388:
  1010                           	callstack 0
  1011   000601  30                 	db	48
  1012   000602  31                 	db	49
  1013   000603  32                 	db	50
  1014   000604  33                 	db	51
  1015   000605  34                 	db	52
  1016   000606  35                 	db	53
  1017   000607  36                 	db	54
  1018   000608  37                 	db	55
  1019   000609  38                 	db	56
  1020   00060A  39                 	db	57
  1021   00060B  41                 	db	65
  1022   00060C  42                 	db	66
  1023   00060D  43                 	db	67
  1024   00060E  44                 	db	68
  1025   00060F  45                 	db	69
  1026   000610  46                 	db	70
  1027   000611  00                 	db	0
  1028   000612                     __end_ofUART_PrintHex@F3388:
  1029                           	callstack 0
  1030   007E07                     _ADFM           set	32263
  1031   007D5C                     _CREN           set	32092
  1032   000FAE                     _RCREG          set	4014
  1033   000FAD                     _TXREG          set	4013
  1034   000FAF                     _SPBRG          set	4015
  1035   000FB8                     _BAUDCONbits    set	4024
  1036   000FAC                     _TXSTAbits      set	4012
  1037   000FC1                     _ADCON1bits     set	4033
  1038   000FCC                     _TMR2           set	4044
  1039   000FCA                     _T2CON          set	4042
  1040   000FCB                     _PR2            set	4043
  1041   000FCE                     _TMR1L          set	4046
  1042   000FCF                     _TMR1H          set	4047
  1043   000FCD                     _T1CONbits      set	4045
  1044   000FD5                     _T0CONbits      set	4053
  1045   000F95                     _TRISD          set	3989
  1046   000FD3                     _OSCCONbits     set	4051
  1047   000F9D                     _PIE1bits       set	3997
  1048   000FF1                     _INTCON2bits    set	4081
  1049   000FD0                     _RCONbits       set	4048
  1050   000FA2                     _IPR2bits       set	4002
  1051   000FA1                     _PIR2bits       set	4001
  1052   000FBA                     _CCP2CON        set	4026
  1053   000FCA                     _T2CONbits      set	4042
  1054   000F9F                     _IPR1bits       set	3999
  1055   000FBD                     _CCP1CON        set	4029
  1056   000FBE                     _CCPR1L         set	4030
  1057   000F94                     _TRISCbits      set	3988
  1058   000FC0                     _ADCON2         set	4032
  1059   000FC2                     _ADCON0         set	4034
  1060   000FC0                     _ADCON2bits     set	4032
  1061   000FC1                     _ADCON1         set	4033
  1062   000F92                     _TRISA          set	3986
  1063   000FAB                     _RCSTAbits      set	4011
  1064   000FC2                     _ADCON0bits     set	4034
  1065   000FBA                     _CCP2CONbits    set	4026
  1066   000FBB                     _CCPR2L         set	4027
  1067   000FC3                     _ADRESL         set	4035
  1068   000FC4                     _ADRESH         set	4036
  1069   000FF2                     _INTCONbits     set	4082
  1070   000FD6                     _TMR0L          set	4054
  1071   000FD7                     _TMR0H          set	4055
  1072   000F9E                     _PIR1bits       set	3998
  1073   000F8C                     _LATD           set	3980
  1074   000612                     STR_4:
  1075   000612  49                 	db	73	;'I'
  1076   000613  4E                 	db	78	;'N'
  1077   000614  46                 	db	70	;'F'
  1078   000615  49                 	db	73	;'I'
  1079   000616  4E                 	db	78	;'N'
  1080   000617  49                 	db	73	;'I'
  1081   000618  54                 	db	84	;'T'
  1082   000619  59                 	db	89	;'Y'
  1083   00061A  00                 	db	0
  1084   00061B                     STR_3:
  1085   00061B  69                 	db	105	;'i'
  1086   00061C  6E                 	db	110	;'n'
  1087   00061D  66                 	db	102	;'f'
  1088   00061E  69                 	db	105	;'i'
  1089   00061F  6E                 	db	110	;'n'
  1090   000620  69                 	db	105	;'i'
  1091   000621  74                 	db	116	;'t'
  1092   000622  79                 	db	121	;'y'
  1093   000623  00                 	db	0
  1094   000624                     STR_2:
  1095   000624  64                 	db	100	;'d'
  1096   000625  65                 	db	101	;'e'
  1097   000626  67                 	db	103	;'g'
  1098   000627  72                 	db	114	;'r'
  1099   000628  65                 	db	101	;'e'
  1100   000629  65                 	db	101	;'e'
  1101   00062A  00                 	db	0
  1102   00062B                     STR_1:
  1103   00062B  6D                 	db	109	;'m'
  1104   00062C  6F                 	db	111	;'o'
  1105   00062D  74                 	db	116	;'t'
  1106   00062E  6F                 	db	111	;'o'
  1107   00062F  72                 	db	114	;'r'
  1108   000630  00                 	db	0
  1109   000631                     STR_9:
  1110   000631  4E                 	db	78	;'N'
  1111   000632  41                 	db	65	;'A'
  1112   000633  4E                 	db	78	;'N'
  1113   000634  00                 	db	0
  1114   000635                     STR_5:
  1115   000635  69                 	db	105	;'i'
  1116   000636  6E                 	db	110	;'n'
  1117   000637  66                 	db	102	;'f'
  1118   000638  00                 	db	0
  1119   000639                     STR_8:
  1120   000639  6E                 	db	110	;'n'
  1121   00063A  61                 	db	97	;'a'
  1122   00063B  6E                 	db	110	;'n'
  1123   00063C  00                 	db	0
  1124   00061B                     STR_6           equ	STR_3
  1125   000639                     STR_10          equ	STR_8
  1126   000635                     STR_7           equ	STR_5
  1127   000634                     STR_11          equ	STR_9+3
  1128   00063D  00                 	db	0	; dummy byte at the end
  1129   000600                     __smallconst    set	__psmallconst
  1130   000600                     __mediumconst   set	__psmallconst
  1131   000001                     __activetblptr  equ	1
  1132                           
  1133                           ; #config settings
  1134                           
  1135                           	psect	cinit
  1136   002B36                     __pcinit:
  1137                           	callstack 0
  1138   002B36                     start_initialization:
  1139                           	callstack 0
  1140   002B36                     __initialization:
  1141                           	callstack 0
  1142                           
  1143                           ; Initialize objects allocated to BANK0 (2 bytes)
  1144                           ; load TBLPTR registers with __pidataBANK0
  1145   002B36  0E2C               	movlw	low __pidataBANK0
  1146   002B38  6EF6               	movwf	tblptrl,c
  1147   002B3A  0E30               	movlw	high __pidataBANK0
  1148   002B3C  6EF7               	movwf	tblptrh,c
  1149   002B3E  0E00               	movlw	low (__pidataBANK0 shr (0+16))
  1150   002B40  6EF8               	movwf	tblptru,c
  1151   002B42  0009               	tblrd		*+	;fetch initializer
  1152   002B44  CFF5 F0CD          	movff	tablat,__pdataBANK0
  1153   002B48  0009               	tblrd		*+	;fetch initializer
  1154   002B4A  CFF5 F0CE          	movff	tablat,__pdataBANK0+1
  1155                           
  1156                           ; Initialize objects allocated to COMRAM (10 bytes)
  1157                           ; load TBLPTR registers with __pidataCOMRAM
  1158   002B4E  0E16               	movlw	low __pidataCOMRAM
  1159   002B50  6EF6               	movwf	tblptrl,c
  1160   002B52  0E30               	movlw	high __pidataCOMRAM
  1161   002B54  6EF7               	movwf	tblptrh,c
  1162   002B56  0E00               	movlw	low (__pidataCOMRAM shr (0+16))
  1163   002B58  6EF8               	movwf	tblptru,c
  1164   002B5A  EE00  F06A         	lfsr	0,__pdataCOMRAM
  1165   002B5E  EE10 F00A          	lfsr	1,10
  1166   002B62                     copy_data0:
  1167   002B62  0009               	tblrd		*+
  1168   002B64  CFF5 FFEE          	movff	tablat,postinc0
  1169   002B68  50E5               	movf	postdec1,w,c
  1170   002B6A  50E1               	movf	fsr1l,w,c
  1171   002B6C  E1FA               	bnz	copy_data0
  1172                           
  1173                           ; Clear objects allocated to BANK0 (26 bytes)
  1174   002B6E  EE00  F0B3         	lfsr	0,__pbssBANK0
  1175   002B72  0E1A               	movlw	26
  1176   002B74                     clear_0:
  1177   002B74  6AEE               	clrf	postinc0,c
  1178   002B76  06E8               	decf	wreg,f,c
  1179   002B78  E1FD               	bnz	clear_0
  1180                           
  1181                           ; Clear objects allocated to COMRAM (32 bytes)
  1182   002B7A  EE00  F04A         	lfsr	0,__pbssCOMRAM
  1183   002B7E  0E20               	movlw	32
  1184   002B80                     clear_1:
  1185   002B80  6AEE               	clrf	postinc0,c
  1186   002B82  06E8               	decf	wreg,f,c
  1187   002B84  E1FD               	bnz	clear_1
  1188   002B86                     end_of_initialization:
  1189                           	callstack 0
  1190   002B86                     __end_of__initialization:
  1191                           	callstack 0
  1192   002B86  9074               	bcf	int$flags,0,c	;clear compiler interrupt flag (level 1)
  1193   002B88  9274               	bcf	int$flags,1,c	;clear compiler interrupt flag (level 2)
  1194   002B8A  0E00               	movlw	low (__Lsmallconst shr (0+16))
  1195   002B8C  6EF8               	movwf	tblptru,c
  1196   002B8E  0E06               	movlw	high __Lsmallconst
  1197   002B90  6EF7               	movwf	tblptrh,c
  1198   002B92  0100               	movlb	0
  1199   002B94  EFCA  F013         	goto	_main	;jump to C main() function
  1200                           
  1201                           	psect	bssCOMRAM
  1202   00004A                     __pbssCOMRAM:
  1203                           	callstack 0
  1204   00004A                     _errno:
  1205                           	callstack 0
  1206   00004A                     	ds	2
  1207   00004C                     _lenStr:
  1208                           	callstack 0
  1209   00004C                     	ds	2
  1210   00004E                     _index:
  1211                           	callstack 0
  1212   00004E                     	ds	2
  1213   000050                     _a:
  1214                           	callstack 0
  1215   000050                     	ds	2
  1216   000052                     _lastn:
  1217                           	callstack 0
  1218   000052                     	ds	2
  1219   000054                     _count:
  1220                           	callstack 0
  1221   000054                     	ds	2
  1222   000056                     _mystring:
  1223                           	callstack 0
  1224   000056                     	ds	20
  1225                           
  1226                           	psect	dataCOMRAM
  1227   00006A                     __pdataCOMRAM:
  1228                           	callstack 0
  1229   00006A                     _lighttable:
  1230                           	callstack 0
  1231   00006A                     	ds	6
  1232   000070                     _tick:
  1233                           	callstack 0
  1234   000070                     	ds	2
  1235   000072                     _direction:
  1236                           	callstack 0
  1237   000072                     	ds	2
  1238                           
  1239                           	psect	bssBANK0
  1240   0000B3                     __pbssBANK0:
  1241                           	callstack 0
  1242   0000B3                     _lastV:
  1243                           	callstack 0
  1244   0000B3                     	ds	2
  1245   0000B5                     _num:
  1246                           	callstack 0
  1247   0000B5                     	ds	2
  1248   0000B7                     _state:
  1249                           	callstack 0
  1250   0000B7                     	ds	2
  1251   0000B9                     _str:
  1252                           	callstack 0
  1253   0000B9                     	ds	20
  1254                           
  1255                           	psect	dataBANK0
  1256   0000CD                     __pdataBANK0:
  1257                           	callstack 0
  1258   0000CD                     _angel:
  1259                           	callstack 0
  1260   0000CD                     	ds	2
  1261                           
  1262                           	psect	cstackBANK1
  1263   000100                     __pcstackBANK1:
  1264                           	callstack 0
  1265   000100                     ?___lmul:
  1266                           	callstack 0
  1267   000100                     strcpy@dest:
  1268                           	callstack 0
  1269   000100                     ___lmul@multiplier:
  1270                           	callstack 0
  1271   000100                     ??_SetCCP1DutyCycle:
  1272                           
  1273                           ; 1 bytes @ 0x0
  1274   000100                     	ds	1
  1275   000101                     strcpy@src:
  1276                           	callstack 0
  1277                           
  1278                           ; 1 bytes @ 0x1
  1279   000101                     	ds	1
  1280   000102                     strcpy@d:
  1281                           	callstack 0
  1282                           
  1283                           ; 1 bytes @ 0x2
  1284   000102                     	ds	2
  1285   000104                     ___lmul@multiplicand:
  1286                           	callstack 0
  1287                           
  1288                           ; 4 bytes @ 0x4
  1289   000104                     	ds	4
  1290   000108                     ___lmul@product:
  1291                           	callstack 0
  1292                           
  1293                           ; 4 bytes @ 0x8
  1294   000108                     	ds	4
  1295   00010C                     ?___lldiv:
  1296                           	callstack 0
  1297   00010C                     ___lldiv@dividend:
  1298                           	callstack 0
  1299                           
  1300                           ; 4 bytes @ 0xC
  1301   00010C                     	ds	4
  1302   000110                     ___lldiv@divisor:
  1303                           	callstack 0
  1304                           
  1305                           ; 4 bytes @ 0x10
  1306   000110                     	ds	4
  1307   000114                     ___lldiv@quotient:
  1308                           	callstack 0
  1309                           
  1310                           ; 4 bytes @ 0x14
  1311   000114                     	ds	4
  1312   000118                     ___lldiv@counter:
  1313                           	callstack 0
  1314                           
  1315                           ; 1 bytes @ 0x18
  1316   000118                     	ds	1
  1317   000119                     AngleToDutyCycle@angle:
  1318                           	callstack 0
  1319                           
  1320                           ; 1 bytes @ 0x19
  1321   000119                     	ds	1
  1322   00011A                     AngleToDutyCycle@D_value:
  1323                           	callstack 0
  1324                           
  1325                           ; 4 bytes @ 0x1A
  1326   00011A                     	ds	4
  1327   00011E                     set_servo_angle@angle:
  1328                           	callstack 0
  1329                           
  1330                           ; 2 bytes @ 0x1E
  1331   00011E                     	ds	2
  1332   000120                     set_servo_angle@angle_0_180:
  1333                           	callstack 0
  1334                           
  1335                           ; 2 bytes @ 0x20
  1336   000120                     	ds	2
  1337   000122                     set_servo_angle@duty_val:
  1338                           	callstack 0
  1339                           
  1340                           ; 2 bytes @ 0x22
  1341   000122                     	ds	2
  1342                           
  1343                           	psect	cstackBANK0
  1344   000080                     __pcstackBANK0:
  1345                           	callstack 0
  1346   000080                     ?_abs:
  1347                           	callstack 0
  1348   000080                     ?i1___lmul:
  1349                           	callstack 0
  1350   000080                     abs@a:
  1351                           	callstack 0
  1352   000080                     i1SetCCP1DutyCycle@duty_value:
  1353                           	callstack 0
  1354   000080                     i1___lmul@multiplier:
  1355                           	callstack 0
  1356                           
  1357                           ; 4 bytes @ 0x0
  1358   000080                     	ds	2
  1359   000082                     ??_abs:
  1360   000082                     ??i1_SetCCP1DutyCycle:
  1361                           
  1362                           ; 1 bytes @ 0x2
  1363   000082                     	ds	2
  1364   000084                     i1___lmul@multiplicand:
  1365                           	callstack 0
  1366                           
  1367                           ; 4 bytes @ 0x4
  1368   000084                     	ds	4
  1369   000088                     i1___lmul@product:
  1370                           	callstack 0
  1371   000088                     
  1372                           ; 1 bytes @ 0x8
  1373   000088                     	ds	4
  1374   00008C                     ?i1___lldiv:
  1375                           	callstack 0
  1376   00008C                     i1___lldiv@dividend:
  1377                           	callstack 0
  1378                           
  1379                           ; 4 bytes @ 0xC
  1380   00008C                     	ds	4
  1381   000090                     i1___lldiv@divisor:
  1382                           	callstack 0
  1383                           
  1384                           ; 4 bytes @ 0x10
  1385   000090                     	ds	4
  1386   000094                     i1___lldiv@quotient:
  1387                           	callstack 0
  1388   000094                     
  1389                           ; 1 bytes @ 0x14
  1390   000094                     	ds	4
  1391   000098                     i1___lldiv@counter:
  1392                           	callstack 0
  1393                           
  1394                           ; 1 bytes @ 0x18
  1395   000098                     	ds	1
  1396   000099                     ?i1_AngleToDutyCycle:
  1397                           	callstack 0
  1398                           
  1399                           ; 2 bytes @ 0x19
  1400   000099                     	ds	2
  1401   00009B                     i1AngleToDutyCycle@angle:
  1402                           	callstack 0
  1403   00009B                     
  1404                           ; 1 bytes @ 0x1B
  1405   00009B                     	ds	1
  1406   00009C                     i1AngleToDutyCycle@D_value:
  1407                           	callstack 0
  1408                           
  1409                           ; 4 bytes @ 0x1C
  1410   00009C                     	ds	4
  1411   0000A0                     i1set_servo_angle@angle:
  1412                           	callstack 0
  1413                           
  1414                           ; 2 bytes @ 0x20
  1415   0000A0                     	ds	2
  1416   0000A2                     i1set_servo_angle@angle_0_180:
  1417                           	callstack 0
  1418   0000A2                     
  1419                           ; 1 bytes @ 0x22
  1420   0000A2                     	ds	2
  1421   0000A4                     i1set_servo_angle@duty_val:
  1422                           	callstack 0
  1423                           
  1424                           ; 2 bytes @ 0x24
  1425   0000A4                     	ds	2
  1426   0000A6                     ??_Lo_ISR:
  1427                           
  1428                           ; 1 bytes @ 0x26
  1429   0000A6                     	ds	5
  1430   0000AB                     Lo_ISR@limited_range_angle:
  1431                           	callstack 0
  1432                           
  1433                           ; 4 bytes @ 0x2B
  1434   0000AB                     	ds	4
  1435   0000AF                     Lo_ISR@v:
  1436                           	callstack 0
  1437                           
  1438                           ; 2 bytes @ 0x2F
  1439   0000AF                     	ds	2
  1440   0000B1                     ?_AngleToDutyCycle:
  1441                           	callstack 0
  1442   0000B1                     SetCCP1DutyCycle@duty_value:
  1443                           	callstack 0
  1444   0000B1                     ClearBuffer@i:
  1445                           	callstack 0
  1446   0000B1                     
  1447                           ; 1 bytes @ 0x31
  1448   0000B1                     	ds	2
  1449   0000B3                     
  1450                           ; 1 bytes @ 0x33
  1451                           
  1452                           	psect	cstackCOMRAM
  1453   000001                     __pcstackCOMRAM:
  1454                           	callstack 0
  1455   000001                     ?_strlen:
  1456                           	callstack 0
  1457   000001                     ?_strcmp:
  1458                           	callstack 0
  1459   000001                     ?_isxdigit:
  1460                           	callstack 0
  1461   000001                     ?_isdigit:
  1462                           	callstack 0
  1463   000001                     ?_toupper:
  1464                           	callstack 0
  1465   000001                     ?___wmul:
  1466                           	callstack 0
  1467   000001                     ?___fldiv:
  1468                           	callstack 0
  1469   000001                     ?___flmul:
  1470                           	callstack 0
  1471   000001                     ?_nanf:
  1472                           	callstack 0
  1473   000001                     ?___flneg:
  1474                           	callstack 0
  1475   000001                     ?___xxtofl:
  1476                           	callstack 0
  1477   000001                     ?i2___lmul:
  1478                           	callstack 0
  1479   000001                     UART_Write@data:
  1480                           	callstack 0
  1481   000001                     strcmp@l:
  1482                           	callstack 0
  1483   000001                     strlen@s:
  1484                           	callstack 0
  1485   000001                     nanf@s:
  1486                           	callstack 0
  1487   000001                     ___wmul@multiplier:
  1488                           	callstack 0
  1489   000001                     isdigit@c:
  1490                           	callstack 0
  1491   000001                     isxdigit@c:
  1492                           	callstack 0
  1493   000001                     toupper@c:
  1494                           	callstack 0
  1495   000001                     i2SetCCP1DutyCycle@duty_value:
  1496                           	callstack 0
  1497   000001                     i2ClearBuffer@i:
  1498                           	callstack 0
  1499   000001                     ___fleq@ff1:
  1500                           	callstack 0
  1501   000001                     ___flge@ff1:
  1502                           	callstack 0
  1503   000001                     ___flneg@f1:
  1504                           	callstack 0
  1505   000001                     ___fldiv@b:
  1506                           	callstack 0
  1507   000001                     ___flmul@b:
  1508                           	callstack 0
  1509   000001                     ___xxtofl@val:
  1510                           	callstack 0
  1511   000001                     i2___lmul@multiplier:
  1512                           	callstack 0
  1513   000001                     
  1514                           ; 1 bytes @ 0x0
  1515   000001                     	ds	1
  1516   000002                     strcmp@r:
  1517                           	callstack 0
  1518                           
  1519                           ; 1 bytes @ 0x1
  1520   000002                     	ds	1
  1521   000003                     strlen@a:
  1522                           	callstack 0
  1523   000003                     ___wmul@multiplicand:
  1524                           	callstack 0
  1525   000003                     ??_strcmp:
  1526   000003                     ??_isxdigit:
  1527   000003                     ??_isdigit:
  1528   000003                     ??_toupper:
  1529   000003                     ??i2_SetCCP1DutyCycle:
  1530                           
  1531                           ; 1 bytes @ 0x2
  1532   000003                     	ds	2
  1533   000005                     ___wmul@product:
  1534                           	callstack 0
  1535   000005                     ___fleq@ff2:
  1536                           	callstack 0
  1537   000005                     ___flge@ff2:
  1538                           	callstack 0
  1539   000005                     ___fldiv@a:
  1540                           	callstack 0
  1541   000005                     ___flmul@a:
  1542                           	callstack 0
  1543   000005                     nanf@u:
  1544                           	callstack 0
  1545   000005                     i2___lmul@multiplicand:
  1546                           	callstack 0
  1547   000005                     ??___xxtofl:
  1548                           
  1549                           ; 1 bytes @ 0x4
  1550   000005                     	ds	2
  1551   000007                     _isxdigit$1933:
  1552                           	callstack 0
  1553                           
  1554                           ; 1 bytes @ 0x6
  1555   000007                     	ds	2
  1556   000009                     ___xxtofl@sign:
  1557                           	callstack 0
  1558   000009                     i2___lmul@product:
  1559                           	callstack 0
  1560   000009                     ??___fldiv:
  1561   000009                     ??___flmul:
  1562   000009                     ??___fleq:
  1563   000009                     ??___flge:
  1564   000009                     
  1565                           ; 1 bytes @ 0x8
  1566   000009                     	ds	1
  1567   00000A                     ___xxtofl@exp:
  1568                           	callstack 0
  1569                           
  1570                           ; 1 bytes @ 0x9
  1571   00000A                     	ds	1
  1572   00000B                     ___xxtofl@arg:
  1573                           	callstack 0
  1574                           
  1575                           ; 4 bytes @ 0xA
  1576   00000B                     	ds	2
  1577   00000D                     ?i2___lldiv:
  1578                           	callstack 0
  1579   00000D                     ___flmul@sign:
  1580                           	callstack 0
  1581   00000D                     ___fldiv@rem:
  1582                           	callstack 0
  1583   00000D                     i2___lldiv@dividend:
  1584                           	callstack 0
  1585                           
  1586                           ; 4 bytes @ 0xC
  1587   00000D                     	ds	1
  1588   00000E                     ___flmul@grs:
  1589                           	callstack 0
  1590                           
  1591                           ; 4 bytes @ 0xD
  1592   00000E                     	ds	3
  1593   000011                     ___fldiv@sign:
  1594                           	callstack 0
  1595   000011                     i2___lldiv@divisor:
  1596                           	callstack 0
  1597                           
  1598                           ; 4 bytes @ 0x10
  1599   000011                     	ds	1
  1600   000012                     ___flmul@aexp:
  1601                           	callstack 0
  1602   000012                     ___fldiv@new_exp:
  1603                           	callstack 0
  1604                           
  1605                           ; 2 bytes @ 0x11
  1606   000012                     	ds	1
  1607   000013                     ___flmul@bexp:
  1608                           	callstack 0
  1609                           
  1610                           ; 1 bytes @ 0x12
  1611   000013                     	ds	1
  1612   000014                     ___fldiv@grs:
  1613                           	callstack 0
  1614   000014                     ___flmul@prod:
  1615                           	callstack 0
  1616                           
  1617                           ; 4 bytes @ 0x13
  1618   000014                     	ds	1
  1619   000015                     i2___lldiv@quotient:
  1620                           	callstack 0
  1621   000015                     
  1622                           ; 1 bytes @ 0x14
  1623   000015                     	ds	3
  1624   000018                     ___fldiv@bexp:
  1625                           	callstack 0
  1626   000018                     ___flmul@temp:
  1627                           	callstack 0
  1628                           
  1629                           ; 2 bytes @ 0x17
  1630   000018                     	ds	1
  1631   000019                     ___fldiv@aexp:
  1632                           	callstack 0
  1633   000019                     i2___lldiv@counter:
  1634                           	callstack 0
  1635                           
  1636                           ; 1 bytes @ 0x18
  1637   000019                     	ds	1
  1638   00001A                     ?i2_AngleToDutyCycle:
  1639                           	callstack 0
  1640   00001A                     ?_strtof:
  1641                           	callstack 0
  1642   00001A                     strtof@s:
  1643                           	callstack 0
  1644                           
  1645                           ; 1 bytes @ 0x19
  1646   00001A                     	ds	1
  1647   00001B                     strtof@res:
  1648                           	callstack 0
  1649                           
  1650                           ; 2 bytes @ 0x1A
  1651   00001B                     	ds	1
  1652   00001C                     i2AngleToDutyCycle@angle:
  1653                           	callstack 0
  1654   00001C                     
  1655                           ; 1 bytes @ 0x1B
  1656   00001C                     	ds	1
  1657   00001D                     i2AngleToDutyCycle@D_value:
  1658                           	callstack 0
  1659                           
  1660                           ; 4 bytes @ 0x1C
  1661   00001D                     	ds	1
  1662   00001E                     ??_strtof:
  1663                           
  1664                           ; 1 bytes @ 0x1D
  1665   00001E                     	ds	3
  1666   000021                     i2set_servo_angle@angle:
  1667                           	callstack 0
  1668                           
  1669                           ; 2 bytes @ 0x20
  1670   000021                     	ds	2
  1671   000023                     i2set_servo_angle@angle_0_180:
  1672                           	callstack 0
  1673   000023                     
  1674                           ; 1 bytes @ 0x22
  1675   000023                     	ds	1
  1676   000024                     strtof@err:
  1677                           	callstack 0
  1678                           
  1679                           ; 2 bytes @ 0x23
  1680   000024                     	ds	1
  1681   000025                     i2set_servo_angle@duty_val:
  1682                           	callstack 0
  1683                           
  1684                           ; 2 bytes @ 0x24
  1685   000025                     	ds	1
  1686   000026                     strtof@xpos:
  1687                           	callstack 0
  1688                           
  1689                           ; 1 bytes @ 0x25
  1690   000026                     	ds	1
  1691   000027                     strtof@dpos:
  1692                           	callstack 0
  1693                           
  1694                           ; 1 bytes @ 0x26
  1695   000027                     	ds	1
  1696   000028                     strtof@digit:
  1697                           	callstack 0
  1698                           
  1699                           ; 1 bytes @ 0x27
  1700   000028                     	ds	1
  1701   000029                     strtof@flags:
  1702                           	callstack 0
  1703                           
  1704                           ; 1 bytes @ 0x28
  1705   000029                     	ds	1
  1706   00002A                     strtof@expon:
  1707                           	callstack 0
  1708                           
  1709                           ; 2 bytes @ 0x29
  1710   00002A                     	ds	2
  1711   00002C                     strtof@eexp:
  1712                           	callstack 0
  1713                           
  1714                           ; 2 bytes @ 0x2B
  1715   00002C                     	ds	2
  1716   00002E                     strtof@_u:
  1717                           	callstack 0
  1718                           
  1719                           ; 4 bytes @ 0x2D
  1720   00002E                     	ds	4
  1721   000032                     strtof@i:
  1722                           	callstack 0
  1723                           
  1724                           ; 1 bytes @ 0x31
  1725   000032                     	ds	1
  1726   000033                     ?___fltol:
  1727                           	callstack 0
  1728   000033                     ___fltol@f1:
  1729                           	callstack 0
  1730                           
  1731                           ; 4 bytes @ 0x32
  1732   000033                     	ds	4
  1733   000037                     ??___fltol:
  1734                           
  1735                           ; 1 bytes @ 0x36
  1736   000037                     	ds	4
  1737   00003B                     ___fltol@sign1:
  1738                           	callstack 0
  1739                           
  1740                           ; 1 bytes @ 0x3A
  1741   00003B                     	ds	1
  1742   00003C                     ___fltol@exp1:
  1743                           	callstack 0
  1744                           
  1745                           ; 1 bytes @ 0x3B
  1746   00003C                     	ds	1
  1747   00003D                     MyusartRead@len:
  1748                           	callstack 0
  1749   00003D                     
  1750                           ; 1 bytes @ 0x3C
  1751   00003D                     	ds	2
  1752   00003F                     MyusartRead@num:
  1753                           	callstack 0
  1754                           
  1755                           ; 2 bytes @ 0x3E
  1756   00003F                     	ds	2
  1757   000041                     MyusartRead@c:
  1758                           	callstack 0
  1759                           
  1760                           ; 1 bytes @ 0x40
  1761   000041                     	ds	1
  1762   000042                     ??_Hi_ISR:
  1763                           
  1764                           ; 1 bytes @ 0x41
  1765   000042                     	ds	8
  1766                           
  1767 ;;
  1768 ;;Main: autosize = 0, tempsize = 0, incstack = 0, save=0
  1769 ;;
  1770 ;; *************** function _main *****************
  1771 ;; Defined at:
  1772 ;;		line 29 in file "main.c"
  1773 ;; Parameters:    Size  Location     Type
  1774 ;;		None
  1775 ;; Auto vars:     Size  Location     Type
  1776 ;;		None
  1777 ;; Return value:  Size  Location     Type
  1778 ;;                  1    wreg      void 
  1779 ;; Registers used:
  1780 ;;		wreg, fsr1l, fsr1h, fsr2l, fsr2h, status,2, status,0, cstack
  1781 ;; Tracked objects:
  1782 ;;		On entry : 0/0
  1783 ;;		On exit  : 0/0
  1784 ;;		Unchanged: 0/0
  1785 ;; Data sizes:     COMRAM   BANK0   BANK1   BANK2   BANK3   BANK4   BANK5
  1786 ;;      Params:         0       0       0       0       0       0       0
  1787 ;;      Locals:         0       0       0       0       0       0       0
  1788 ;;      Temps:          0       0       0       0       0       0       0
  1789 ;;      Totals:         0       0       0       0       0       0       0
  1790 ;;Total ram usage:        0 bytes
  1791 ;; Hardware stack levels required when called: 12
  1792 ;; This function calls:
  1793 ;;		_ClearBuffer
  1794 ;;		_GetString
  1795 ;;		_Mode1
  1796 ;;		_Mode2
  1797 ;;		_SYSTEM_Initialize
  1798 ;;		_set_servo_angle
  1799 ;;		_strcpy
  1800 ;; This function is called by:
  1801 ;;		Startup code after reset
  1802 ;; This function uses a non-reentrant model
  1803 ;;
  1804                           
  1805                           	psect	text0
  1806   002794                     __ptext0:
  1807                           	callstack 0
  1808   002794                     _main:
  1809                           	callstack 19
  1810   002794                     
  1811                           ;main.c: 32:     SYSTEM_Initialize() ;
  1812   002794  EC02  F017         	call	_SYSTEM_Initialize	;wreg free
  1813   002798                     
  1814                           ;main.c: 33:     set_servo_angle(90);
  1815   002798  0E00               	movlw	0
  1816   00279A  0101               	movlb	1	; () banked
  1817   00279C  6F1F               	movwf	(set_servo_angle@angle+1)& (0+255),b
  1818   00279E  0E5A               	movlw	90
  1819   0027A0  6F1E               	movwf	set_servo_angle@angle& (0+255),b
  1820   0027A2  EC50  F014         	call	_set_servo_angle	;wreg free
  1821   0027A6                     
  1822                           ;main.c: 34:     LATD = 0xF0;
  1823   0027A6  0EF0               	movlw	240
  1824   0027A8  6E8C               	movwf	140,c	;volatile
  1825   0027AA                     l4126:
  1826                           
  1827                           ;main.c: 38:         strcpy(str, GetString());
  1828   0027AA  0EB9               	movlw	low _str
  1829   0027AC  0101               	movlb	1	; () banked
  1830   0027AE  6F00               	movwf	strcpy@dest& (0+255),b
  1831   0027B0  EC14  F018         	call	_GetString	;wreg free
  1832   0027B4  0101               	movlb	1	; () banked
  1833   0027B6  6F01               	movwf	strcpy@src& (0+255),b
  1834   0027B8  EC49  F017         	call	_strcpy	;wreg free
  1835   0027BC                     
  1836                           ;main.c: 39:         if(str[0]=='m' && str[1]=='1'){
  1837   0027BC  0E6D               	movlw	109
  1838   0027BE  0100               	movlb	0	; () banked
  1839   0027C0  19B9               	xorwf	_str& (0+255),w,b
  1840   0027C2  A4D8               	btfss	status,2,c
  1841   0027C4  EFE6  F013         	goto	u4911
  1842   0027C8  EFE8  F013         	goto	u4910
  1843   0027CC                     u4911:
  1844   0027CC  EFF7  F013         	goto	l4136
  1845   0027D0                     u4910:
  1846   0027D0                     
  1847                           ; BSR set to: 0
  1848   0027D0  0E31               	movlw	49
  1849   0027D2  19BA               	xorwf	(_str+1)& (0+255),w,b
  1850   0027D4  A4D8               	btfss	status,2,c
  1851   0027D6  EFEF  F013         	goto	u4921
  1852   0027DA  EFF1  F013         	goto	u4920
  1853   0027DE                     u4921:
  1854   0027DE  EFF7  F013         	goto	l4136
  1855   0027E2                     u4920:
  1856   0027E2                     
  1857                           ; BSR set to: 0
  1858                           ;main.c: 40:             Mode1();
  1859   0027E2  EC18  F018         	call	_Mode1	;wreg free
  1860   0027E6                     l4134:
  1861                           
  1862                           ;main.c: 41:             ClearBuffer();
  1863   0027E6  EC8E  F016         	call	_ClearBuffer	;wreg free
  1864                           
  1865                           ;main.c: 42:         }
  1866   0027EA  EFD5  F013         	goto	l4126
  1867   0027EE                     l4136:
  1868                           
  1869                           ; BSR set to: 0
  1870   0027EE  0E6D               	movlw	109
  1871   0027F0  19B9               	xorwf	_str& (0+255),w,b
  1872   0027F2  A4D8               	btfss	status,2,c
  1873   0027F4  EFFE  F013         	goto	u4931
  1874   0027F8  EF00  F014         	goto	u4930
  1875   0027FC                     u4931:
  1876   0027FC  EFD5  F013         	goto	l4126
  1877   002800                     u4930:
  1878   002800                     
  1879                           ; BSR set to: 0
  1880   002800  0E32               	movlw	50
  1881   002802  19BA               	xorwf	(_str+1)& (0+255),w,b
  1882   002804  A4D8               	btfss	status,2,c
  1883   002806  EF07  F014         	goto	u4941
  1884   00280A  EF09  F014         	goto	u4940
  1885   00280E                     u4941:
  1886   00280E  EFD5  F013         	goto	l4126
  1887   002812                     u4940:
  1888   002812                     
  1889                           ; BSR set to: 0
  1890                           ;main.c: 44:             Mode2();
  1891   002812  EC17  F018         	call	_Mode2	;wreg free
  1892   002816  EFF3  F013         	goto	l4134
  1893   00281A  EFD8  F000         	goto	start
  1894   00281E                     __end_of_main:
  1895                           	callstack 0
  1896                           
  1897 ;; *************** function _strcpy *****************
  1898 ;; Defined at:
  1899 ;;		line 3 in file "C:\Program Files\Microchip\xc8\v3.00\pic\sources\c99\common\strcpy.c"
  1900 ;; Parameters:    Size  Location     Type
  1901 ;;  dest            1    0[BANK1 ] PTR unsigned char 
  1902 ;;		 -> str(20), 
  1903 ;;  src             1    1[BANK1 ] PTR const unsigned char 
  1904 ;;		 -> mystring(20), 
  1905 ;; Auto vars:     Size  Location     Type
  1906 ;;  d               1    2[BANK1 ] PTR unsigned char 
  1907 ;;		 -> str(20), 
  1908 ;; Return value:  Size  Location     Type
  1909 ;;                  1    0[BANK1 ] PTR unsigned char 
  1910 ;; Registers used:
  1911 ;;		wreg, fsr1l, fsr1h, fsr2l, fsr2h, status,2, status,0
  1912 ;; Tracked objects:
  1913 ;;		On entry : 0/0
  1914 ;;		On exit  : 0/0
  1915 ;;		Unchanged: 0/0
  1916 ;; Data sizes:     COMRAM   BANK0   BANK1   BANK2   BANK3   BANK4   BANK5
  1917 ;;      Params:         0       0       2       0       0       0       0
  1918 ;;      Locals:         0       0       1       0       0       0       0
  1919 ;;      Temps:          0       0       0       0       0       0       0
  1920 ;;      Totals:         0       0       3       0       0       0       0
  1921 ;;Total ram usage:        3 bytes
  1922 ;; Hardware stack levels used: 1
  1923 ;; Hardware stack levels required when called: 9
  1924 ;; This function calls:
  1925 ;;		Nothing
  1926 ;; This function is called by:
  1927 ;;		_main
  1928 ;; This function uses a non-reentrant model
  1929 ;;
  1930                           
  1931                           	psect	text1
  1932   002E92                     __ptext1:
  1933                           	callstack 0
  1934   002E92                     _strcpy:
  1935                           	callstack 21
  1936   002E92  C100  F102         	movff	strcpy@dest,strcpy@d
  1937   002E96                     l4118:
  1938   002E96  0101               	movlb	1	; () banked
  1939   002E98  2B01               	incf	strcpy@src& (0+255),f,b
  1940   002E9A  0501               	decf	strcpy@src& (0+255),w,b
  1941   002E9C  6ED9               	movwf	fsr2l,c
  1942   002E9E  6ADA               	clrf	fsr2h,c
  1943   002EA0  2B02               	incf	strcpy@d& (0+255),f,b
  1944   002EA2  0502               	decf	strcpy@d& (0+255),w,b
  1945   002EA4  6EE1               	movwf	fsr1l,c
  1946   002EA6  6AE2               	clrf	fsr1h,c
  1947   002EA8  CFDF FFE7          	movff	indf2,indf1
  1948   002EAC  50E7               	movf	indf1,w,c
  1949   002EAE  A4D8               	btfss	status,2,c
  1950   002EB0  EF5C  F017         	goto	u4901
  1951   002EB4  EF5E  F017         	goto	u4900
  1952   002EB8                     u4901:
  1953   002EB8  EF4B  F017         	goto	l4118
  1954   002EBC                     u4900:
  1955   002EBC                     
  1956                           ; BSR set to: 1
  1957   002EBC  0012               	return		;funcret
  1958   002EBE                     __end_of_strcpy:
  1959                           	callstack 0
  1960                           
  1961 ;; *************** function _set_servo_angle *****************
  1962 ;; Defined at:
  1963 ;;		line 91 in file "setting_hardaware/ccp1.c"
  1964 ;; Parameters:    Size  Location     Type
  1965 ;;  angle           2   30[BANK1 ] int 
  1966 ;; Auto vars:     Size  Location     Type
  1967 ;;  duty_val        2   34[BANK1 ] unsigned short 
  1968 ;;  angle_0_180     2   32[BANK1 ] int 
  1969 ;; Return value:  Size  Location     Type
  1970 ;;                  1    wreg      void 
  1971 ;; Registers used:
  1972 ;;		wreg, status,2, status,0, cstack
  1973 ;; Tracked objects:
  1974 ;;		On entry : 0/0
  1975 ;;		On exit  : 0/0
  1976 ;;		Unchanged: 0/0
  1977 ;; Data sizes:     COMRAM   BANK0   BANK1   BANK2   BANK3   BANK4   BANK5
  1978 ;;      Params:         0       0       2       0       0       0       0
  1979 ;;      Locals:         0       0       4       0       0       0       0
  1980 ;;      Temps:          0       0       0       0       0       0       0
  1981 ;;      Totals:         0       0       6       0       0       0       0
  1982 ;;Total ram usage:        6 bytes
  1983 ;; Hardware stack levels used: 1
  1984 ;; Hardware stack levels required when called: 11
  1985 ;; This function calls:
  1986 ;;		_AngleToDutyCycle
  1987 ;;		_SetCCP1DutyCycle
  1988 ;; This function is called by:
  1989 ;;		_main
  1990 ;; This function uses a non-reentrant model
  1991 ;;
  1992                           
  1993                           	psect	text2
  1994   0028A0                     __ptext2:
  1995                           	callstack 0
  1996   0028A0                     _set_servo_angle:
  1997                           	callstack 19
  1998   0028A0                     
  1999                           ;setting_hardaware/ccp1.c: 94:     if (angle < -90) angle = -90;
  2000   0028A0  0101               	movlb	1	; () banked
  2001   0028A2  AF1F               	btfss	(set_servo_angle@angle+1)& (0+255),7,b
  2002   0028A4  EF5D  F014         	goto	u4881
  2003   0028A8  0EA6               	movlw	166
  2004   0028AA  5D1E               	subwf	set_servo_angle@angle& (0+255),w,b
  2005   0028AC  0EFF               	movlw	255
  2006   0028AE  591F               	subwfb	(set_servo_angle@angle+1)& (0+255),w,b
  2007   0028B0  B0D8               	btfsc	status,0,c
  2008   0028B2  EF5D  F014         	goto	u4881
  2009   0028B6  EF5F  F014         	goto	u4880
  2010   0028BA                     u4881:
  2011   0028BA  EF63  F014         	goto	l4106
  2012   0028BE                     u4880:
  2013   0028BE                     
  2014                           ; BSR set to: 1
  2015   0028BE  0EFF               	movlw	255
  2016   0028C0  6F1F               	movwf	(set_servo_angle@angle+1)& (0+255),b
  2017   0028C2  0EA6               	movlw	166
  2018   0028C4  6F1E               	movwf	set_servo_angle@angle& (0+255),b
  2019   0028C6                     l4106:
  2020                           
  2021                           ; BSR set to: 1
  2022                           ;setting_hardaware/ccp1.c: 95:     if (angle > 90) angle = 90;
  2023   0028C6  BF1F               	btfsc	(set_servo_angle@angle+1)& (0+255),7,b
  2024   0028C8  EF6F  F014         	goto	u4891
  2025   0028CC  511F               	movf	(set_servo_angle@angle+1)& (0+255),w,b
  2026   0028CE  E109               	bnz	u4890
  2027   0028D0  0E5B               	movlw	91
  2028   0028D2  5D1E               	subwf	set_servo_angle@angle& (0+255),w,b
  2029   0028D4  A0D8               	btfss	status,0,c
  2030   0028D6  EF6F  F014         	goto	u4891
  2031   0028DA  EF71  F014         	goto	u4890
  2032   0028DE                     u4891:
  2033   0028DE  EF75  F014         	goto	l4110
  2034   0028E2                     u4890:
  2035   0028E2                     
  2036                           ; BSR set to: 1
  2037   0028E2  0E00               	movlw	0
  2038   0028E4  6F1F               	movwf	(set_servo_angle@angle+1)& (0+255),b
  2039   0028E6  0E5A               	movlw	90
  2040   0028E8  6F1E               	movwf	set_servo_angle@angle& (0+255),b
  2041   0028EA                     l4110:
  2042                           
  2043                           ; BSR set to: 1
  2044                           ;setting_hardaware/ccp1.c: 98:     int angle_0_180 = angle + 90;
  2045   0028EA  0E5A               	movlw	90
  2046   0028EC  251E               	addwf	set_servo_angle@angle& (0+255),w,b
  2047   0028EE  6F20               	movwf	set_servo_angle@angle_0_180& (0+255),b
  2048   0028F0  0E00               	movlw	0
  2049   0028F2  211F               	addwfc	(set_servo_angle@angle+1)& (0+255),w,b
  2050   0028F4  6F21               	movwf	(set_servo_angle@angle_0_180+1)& (0+255),b
  2051   0028F6                     
  2052                           ; BSR set to: 1
  2053                           ;setting_hardaware/ccp1.c: 101:     uint16_t duty_val = AngleToDutyCycle((uint8_t)angle_
      +                          0_180);
  2054   0028F6  5120               	movf	set_servo_angle@angle_0_180& (0+255),w,b
  2055   0028F8  EC3D  F011         	call	_AngleToDutyCycle
  2056   0028FC  C0B1  F122         	movff	?_AngleToDutyCycle,set_servo_angle@duty_val
  2057   002900  C0B2  F123         	movff	?_AngleToDutyCycle+1,set_servo_angle@duty_val+1
  2058   002904                     
  2059                           ;setting_hardaware/ccp1.c: 104:     SetCCP1DutyCycle(duty_val);
  2060   002904  C122  F0B1         	movff	set_servo_angle@duty_val,SetCCP1DutyCycle@duty_value
  2061   002908  C123  F0B2         	movff	set_servo_angle@duty_val+1,SetCCP1DutyCycle@duty_value+1
  2062   00290C  EC25  F016         	call	_SetCCP1DutyCycle	;wreg free
  2063   002910  0012               	return		;funcret
  2064   002912                     __end_of_set_servo_angle:
  2065                           	callstack 0
  2066                           
  2067 ;; *************** function _SetCCP1DutyCycle *****************
  2068 ;; Defined at:
  2069 ;;		line 44 in file "setting_hardaware/ccp1.c"
  2070 ;; Parameters:    Size  Location     Type
  2071 ;;  duty_value      2   49[BANK0 ] unsigned short 
  2072 ;; Auto vars:     Size  Location     Type
  2073 ;;		None
  2074 ;; Return value:  Size  Location     Type
  2075 ;;                  1    wreg      void 
  2076 ;; Registers used:
  2077 ;;		wreg, status,2, status,0
  2078 ;; Tracked objects:
  2079 ;;		On entry : 0/0
  2080 ;;		On exit  : 0/0
  2081 ;;		Unchanged: 0/0
  2082 ;; Data sizes:     COMRAM   BANK0   BANK1   BANK2   BANK3   BANK4   BANK5
  2083 ;;      Params:         0       2       0       0       0       0       0
  2084 ;;      Locals:         0       0       0       0       0       0       0
  2085 ;;      Temps:          0       0       2       0       0       0       0
  2086 ;;      Totals:         0       2       2       0       0       0       0
  2087 ;;Total ram usage:        4 bytes
  2088 ;; Hardware stack levels used: 1
  2089 ;; Hardware stack levels required when called: 9
  2090 ;; This function calls:
  2091 ;;		Nothing
  2092 ;; This function is called by:
  2093 ;;		_set_servo_angle
  2094 ;; This function uses a non-reentrant model
  2095 ;;
  2096                           
  2097                           	psect	text3
  2098   002C4A                     __ptext3:
  2099                           	callstack 0
  2100   002C4A                     _SetCCP1DutyCycle:
  2101                           	callstack 20
  2102   002C4A                     
  2103                           ;setting_hardaware/ccp1.c: 44: void SetCCP1DutyCycle(uint16_t duty_value);setting_hardaw
      +                          are/ccp1.c: 45: {;setting_hardaware/ccp1.c: 46:     if (duty_value > 1023) {
  2104   002C4A  0E04               	movlw	4
  2105   002C4C  0100               	movlb	0	; () banked
  2106   002C4E  5DB2               	subwf	(SetCCP1DutyCycle@duty_value+1)& (0+255),w,b
  2107   002C50  A0D8               	btfss	status,0,c
  2108   002C52  EF2D  F016         	goto	u4841
  2109   002C56  EF2F  F016         	goto	u4840
  2110   002C5A                     u4841:
  2111   002C5A  EF32  F016         	goto	l4074
  2112   002C5E                     u4840:
  2113   002C5E                     
  2114                           ; BSR set to: 0
  2115                           ;setting_hardaware/ccp1.c: 47:         duty_value = 1023;
  2116   002C5E  0E03               	movlw	3
  2117   002C60  6FB2               	movwf	(SetCCP1DutyCycle@duty_value+1)& (0+255),b
  2118   002C62  69B1               	setf	SetCCP1DutyCycle@duty_value& (0+255),b
  2119   002C64                     l4074:
  2120                           
  2121                           ; BSR set to: 0
  2122                           ;setting_hardaware/ccp1.c: 51:     CCPR1L = (uint8_t)(duty_value >> 2);
  2123   002C64  C0B1  F100         	movff	SetCCP1DutyCycle@duty_value,??_SetCCP1DutyCycle
  2124   002C68  C0B2  F101         	movff	SetCCP1DutyCycle@duty_value+1,??_SetCCP1DutyCycle+1
  2125   002C6C  0101               	movlb	1	; () banked
  2126   002C6E  90D8               	bcf	status,0,c
  2127   002C70  3301               	rrcf	(??_SetCCP1DutyCycle+1)& (0+255),f,b
  2128   002C72  3300               	rrcf	??_SetCCP1DutyCycle& (0+255),f,b
  2129   002C74  90D8               	bcf	status,0,c
  2130   002C76  3301               	rrcf	(??_SetCCP1DutyCycle+1)& (0+255),f,b
  2131   002C78  3300               	rrcf	??_SetCCP1DutyCycle& (0+255),f,b
  2132   002C7A  5100               	movf	??_SetCCP1DutyCycle& (0+255),w,b
  2133   002C7C  6EBE               	movwf	190,c	;volatile
  2134   002C7E                     
  2135                           ; BSR set to: 1
  2136                           ;setting_hardaware/ccp1.c: 54:     CCP1CON &= 0xCF;
  2137   002C7E  0ECF               	movlw	207
  2138   002C80  16BD               	andwf	189,f,c	;volatile
  2139   002C82                     
  2140                           ; BSR set to: 1
  2141                           ;setting_hardaware/ccp1.c: 55:     CCP1CON |= (uint8_t)((duty_value & 0x0003) << 4);
  2142   002C82  C0B1  F100         	movff	SetCCP1DutyCycle@duty_value,??_SetCCP1DutyCycle
  2143   002C86  0E03               	movlw	3
  2144   002C88  1700               	andwf	??_SetCCP1DutyCycle& (0+255),f,b
  2145   002C8A  3900               	swapf	??_SetCCP1DutyCycle& (0+255),w,b
  2146   002C8C  0BF0               	andlw	240
  2147   002C8E  12BD               	iorwf	189,f,c	;volatile
  2148   002C90                     
  2149                           ; BSR set to: 1
  2150   002C90  0012               	return		;funcret
  2151   002C92                     __end_of_SetCCP1DutyCycle:
  2152                           	callstack 0
  2153                           
  2154 ;; *************** function _AngleToDutyCycle *****************
  2155 ;; Defined at:
  2156 ;;		line 65 in file "setting_hardaware/ccp1.c"
  2157 ;; Parameters:    Size  Location     Type
  2158 ;;  angle           1    wreg     unsigned char 
  2159 ;; Auto vars:     Size  Location     Type
  2160 ;;  angle           1   25[BANK1 ] unsigned char 
  2161 ;;  D_value         4   26[BANK1 ] unsigned long 
  2162 ;;  D_MAX           2    0        const unsigned short 
  2163 ;;  D_MIN           2    0        const unsigned short 
  2164 ;; Return value:  Size  Location     Type
  2165 ;;                  2   49[BANK0 ] unsigned short 
  2166 ;; Registers used:
  2167 ;;		wreg, status,2, status,0, cstack
  2168 ;; Tracked objects:
  2169 ;;		On entry : 0/0
  2170 ;;		On exit  : 0/0
  2171 ;;		Unchanged: 0/0
  2172 ;; Data sizes:     COMRAM   BANK0   BANK1   BANK2   BANK3   BANK4   BANK5
  2173 ;;      Params:         0       2       0       0       0       0       0
  2174 ;;      Locals:         0       0       5       0       0       0       0
  2175 ;;      Temps:          0       0       0       0       0       0       0
  2176 ;;      Totals:         0       2       5       0       0       0       0
  2177 ;;Total ram usage:        7 bytes
  2178 ;; Hardware stack levels used: 1
  2179 ;; Hardware stack levels required when called: 10
  2180 ;; This function calls:
  2181 ;;		___lldiv
  2182 ;;		___lmul
  2183 ;; This function is called by:
  2184 ;;		_set_servo_angle
  2185 ;; This function uses a non-reentrant model
  2186 ;;
  2187                           
  2188                           	psect	text4
  2189   00227A                     __ptext4:
  2190                           	callstack 0
  2191   00227A                     _AngleToDutyCycle:
  2192                           	callstack 19
  2193                           
  2194                           ; BSR set to: 1
  2195                           ;incstack = 0
  2196                           ;AngleToDutyCycle@angle stored from wreg
  2197   00227A  0101               	movlb	1	; () banked
  2198   00227C  6F19               	movwf	AngleToDutyCycle@angle& (0+255),b
  2199   00227E                     
  2200                           ;setting_hardaware/ccp1.c: 65: uint16_t AngleToDutyCycle(uint8_t angle);setting_hardawar
      +                          e/ccp1.c: 66: {;setting_hardaware/ccp1.c: 67:     if (angle > 180) {
  2201   00227E  0EB4               	movlw	180
  2202   002280  0101               	movlb	1	; () banked
  2203   002282  6519               	cpfsgt	AngleToDutyCycle@angle& (0+255),b
  2204   002284  EF46  F011         	goto	u4851
  2205   002288  EF48  F011         	goto	u4850
  2206   00228C                     u4851:
  2207   00228C  EF4A  F011         	goto	l4084
  2208   002290                     u4850:
  2209   002290                     
  2210                           ; BSR set to: 1
  2211                           ;setting_hardaware/ccp1.c: 68:         angle = 180;
  2212   002290  0EB4               	movlw	180
  2213   002292  6F19               	movwf	AngleToDutyCycle@angle& (0+255),b
  2214   002294                     l4084:
  2215                           
  2216                           ; BSR set to: 1
  2217                           ;setting_hardaware/ccp1.c: 79:     uint32_t D_value = 125UL + ( (uint32_t)angle * 25UL /
      +                           9UL );
  2218   002294  5119               	movf	AngleToDutyCycle@angle& (0+255),w,b
  2219   002296  6F00               	movwf	___lmul@multiplier& (0+255),b
  2220   002298  6B01               	clrf	(___lmul@multiplier+1)& (0+255),b
  2221   00229A  6B02               	clrf	(___lmul@multiplier+2)& (0+255),b
  2222   00229C  6B03               	clrf	(___lmul@multiplier+3)& (0+255),b
  2223   00229E  0E19               	movlw	25
  2224   0022A0  6F04               	movwf	___lmul@multiplicand& (0+255),b
  2225   0022A2  0E00               	movlw	0
  2226   0022A4  6F05               	movwf	(___lmul@multiplicand+1)& (0+255),b
  2227   0022A6  0E00               	movlw	0
  2228   0022A8  6F06               	movwf	(___lmul@multiplicand+2)& (0+255),b
  2229   0022AA  0E00               	movlw	0
  2230   0022AC  6F07               	movwf	(___lmul@multiplicand+3)& (0+255),b
  2231   0022AE  ECFA  F014         	call	___lmul	;wreg free
  2232   0022B2  C100  F10C         	movff	?___lmul,___lldiv@dividend
  2233   0022B6  C101  F10D         	movff	?___lmul+1,___lldiv@dividend+1
  2234   0022BA  C102  F10E         	movff	?___lmul+2,___lldiv@dividend+2
  2235   0022BE  C103  F10F         	movff	?___lmul+3,___lldiv@dividend+3
  2236   0022C2  0E09               	movlw	9
  2237   0022C4  0101               	movlb	1	; () banked
  2238   0022C6  6F10               	movwf	___lldiv@divisor& (0+255),b
  2239   0022C8  0E00               	movlw	0
  2240   0022CA  6F11               	movwf	(___lldiv@divisor+1)& (0+255),b
  2241   0022CC  0E00               	movlw	0
  2242   0022CE  6F12               	movwf	(___lldiv@divisor+2)& (0+255),b
  2243   0022D0  0E00               	movlw	0
  2244   0022D2  6F13               	movwf	(___lldiv@divisor+3)& (0+255),b
  2245   0022D4  ECD2  F012         	call	___lldiv	;wreg free
  2246   0022D8  0E7D               	movlw	125
  2247   0022DA  0101               	movlb	1	; () banked
  2248   0022DC  250C               	addwf	?___lldiv& (0+255),w,b
  2249   0022DE  6F1A               	movwf	AngleToDutyCycle@D_value& (0+255),b
  2250   0022E0  0E00               	movlw	0
  2251   0022E2  210D               	addwfc	(?___lldiv+1)& (0+255),w,b
  2252   0022E4  6F1B               	movwf	(AngleToDutyCycle@D_value+1)& (0+255),b
  2253   0022E6  0E00               	movlw	0
  2254   0022E8  210E               	addwfc	(?___lldiv+2)& (0+255),w,b
  2255   0022EA  6F1C               	movwf	(AngleToDutyCycle@D_value+2)& (0+255),b
  2256   0022EC  0E00               	movlw	0
  2257   0022EE  210F               	addwfc	(?___lldiv+3)& (0+255),w,b
  2258   0022F0  6F1D               	movwf	(AngleToDutyCycle@D_value+3)& (0+255),b
  2259   0022F2                     
  2260                           ; BSR set to: 1
  2261                           ;setting_hardaware/ccp1.c: 85:     if (D_value > D_MAX) D_value = D_MAX;
  2262   0022F2  511D               	movf	(AngleToDutyCycle@D_value+3)& (0+255),w,b
  2263   0022F4  111C               	iorwf	(AngleToDutyCycle@D_value+2)& (0+255),w,b
  2264   0022F6  E10B               	bnz	u4860
  2265   0022F8  0E72               	movlw	114
  2266   0022FA  5D1A               	subwf	AngleToDutyCycle@D_value& (0+255),w,b
  2267   0022FC  0E02               	movlw	2
  2268   0022FE  591B               	subwfb	(AngleToDutyCycle@D_value+1)& (0+255),w,b
  2269   002300  A0D8               	btfss	status,0,c
  2270   002302  EF85  F011         	goto	u4861
  2271   002306  EF87  F011         	goto	u4860
  2272   00230A                     u4861:
  2273   00230A  EF8F  F011         	goto	l4094
  2274   00230E                     u4860:
  2275   00230E                     
  2276                           ; BSR set to: 1
  2277   00230E  0E71               	movlw	113
  2278   002310  6F1A               	movwf	AngleToDutyCycle@D_value& (0+255),b
  2279   002312  0E02               	movlw	2
  2280   002314  6F1B               	movwf	(AngleToDutyCycle@D_value+1)& (0+255),b
  2281   002316  0E00               	movlw	0
  2282   002318  6F1C               	movwf	(AngleToDutyCycle@D_value+2)& (0+255),b
  2283   00231A  0E00               	movlw	0
  2284   00231C  6F1D               	movwf	(AngleToDutyCycle@D_value+3)& (0+255),b
  2285   00231E                     l4094:
  2286                           
  2287                           ; BSR set to: 1
  2288                           ;setting_hardaware/ccp1.c: 86:     if (D_value < D_MIN) D_value = D_MIN;
  2289   00231E  511D               	movf	(AngleToDutyCycle@D_value+3)& (0+255),w,b
  2290   002320  111C               	iorwf	(AngleToDutyCycle@D_value+2)& (0+255),w,b
  2291   002322  111B               	iorwf	(AngleToDutyCycle@D_value+1)& (0+255),w,b
  2292   002324  E107               	bnz	u4871
  2293   002326  0E7D               	movlw	125
  2294   002328  5D1A               	subwf	AngleToDutyCycle@D_value& (0+255),w,b
  2295   00232A  B0D8               	btfsc	status,0,c
  2296   00232C  EF9A  F011         	goto	u4871
  2297   002330  EF9C  F011         	goto	u4870
  2298   002334                     u4871:
  2299   002334  EFA4  F011         	goto	l4098
  2300   002338                     u4870:
  2301   002338                     
  2302                           ; BSR set to: 1
  2303   002338  0E7D               	movlw	125
  2304   00233A  6F1A               	movwf	AngleToDutyCycle@D_value& (0+255),b
  2305   00233C  0E00               	movlw	0
  2306   00233E  6F1B               	movwf	(AngleToDutyCycle@D_value+1)& (0+255),b
  2307   002340  0E00               	movlw	0
  2308   002342  6F1C               	movwf	(AngleToDutyCycle@D_value+2)& (0+255),b
  2309   002344  0E00               	movlw	0
  2310   002346  6F1D               	movwf	(AngleToDutyCycle@D_value+3)& (0+255),b
  2311   002348                     l4098:
  2312                           
  2313                           ; BSR set to: 1
  2314                           ;setting_hardaware/ccp1.c: 88:     return (uint16_t)D_value;
  2315   002348  C11A  F0B1         	movff	AngleToDutyCycle@D_value,?_AngleToDutyCycle
  2316   00234C  C11B  F0B2         	movff	AngleToDutyCycle@D_value+1,?_AngleToDutyCycle+1
  2317   002350                     
  2318                           ; BSR set to: 1
  2319   002350  0012               	return		;funcret
  2320   002352                     __end_of_AngleToDutyCycle:
  2321                           	callstack 0
  2322                           
  2323 ;; *************** function ___lmul *****************
  2324 ;; Defined at:
  2325 ;;		line 15 in file "C:\Program Files\Microchip\xc8\v3.00\pic\sources\c99\common\Umul32.c"
  2326 ;; Parameters:    Size  Location     Type
  2327 ;;  multiplier      4    0[BANK1 ] unsigned long 
  2328 ;;  multiplicand    4    4[BANK1 ] unsigned long 
  2329 ;; Auto vars:     Size  Location     Type
  2330 ;;  product         4    8[BANK1 ] unsigned long 
  2331 ;; Return value:  Size  Location     Type
  2332 ;;                  4    0[BANK1 ] unsigned long 
  2333 ;; Registers used:
  2334 ;;		wreg, status,2, status,0
  2335 ;; Tracked objects:
  2336 ;;		On entry : 0/0
  2337 ;;		On exit  : 0/0
  2338 ;;		Unchanged: 0/0
  2339 ;; Data sizes:     COMRAM   BANK0   BANK1   BANK2   BANK3   BANK4   BANK5
  2340 ;;      Params:         0       0       8       0       0       0       0
  2341 ;;      Locals:         0       0       4       0       0       0       0
  2342 ;;      Temps:          0       0       0       0       0       0       0
  2343 ;;      Totals:         0       0      12       0       0       0       0
  2344 ;;Total ram usage:       12 bytes
  2345 ;; Hardware stack levels used: 1
  2346 ;; Hardware stack levels required when called: 9
  2347 ;; This function calls:
  2348 ;;		Nothing
  2349 ;; This function is called by:
  2350 ;;		_AngleToDutyCycle
  2351 ;; This function uses a non-reentrant model
  2352 ;;
  2353                           
  2354                           	psect	text5
  2355   0029F4                     __ptext5:
  2356                           	callstack 0
  2357   0029F4                     ___lmul:
  2358                           	callstack 19
  2359   0029F4  0E00               	movlw	0
  2360   0029F6  0101               	movlb	1	; () banked
  2361   0029F8  6F08               	movwf	___lmul@product& (0+255),b
  2362   0029FA  0E00               	movlw	0
  2363   0029FC  6F09               	movwf	(___lmul@product+1)& (0+255),b
  2364   0029FE  0E00               	movlw	0
  2365   002A00  6F0A               	movwf	(___lmul@product+2)& (0+255),b
  2366   002A02  0E00               	movlw	0
  2367   002A04  6F0B               	movwf	(___lmul@product+3)& (0+255),b
  2368   002A06                     l4040:
  2369                           
  2370                           ; BSR set to: 1
  2371   002A06  A100               	btfss	___lmul@multiplier& (0+255),0,b
  2372   002A08  EF08  F015         	goto	u4791
  2373   002A0C  EF0A  F015         	goto	u4790
  2374   002A10                     u4791:
  2375   002A10  EF12  F015         	goto	l4044
  2376   002A14                     u4790:
  2377   002A14                     
  2378                           ; BSR set to: 1
  2379   002A14  5104               	movf	___lmul@multiplicand& (0+255),w,b
  2380   002A16  2708               	addwf	___lmul@product& (0+255),f,b
  2381   002A18  5105               	movf	(___lmul@multiplicand+1)& (0+255),w,b
  2382   002A1A  2309               	addwfc	(___lmul@product+1)& (0+255),f,b
  2383   002A1C  5106               	movf	(___lmul@multiplicand+2)& (0+255),w,b
  2384   002A1E  230A               	addwfc	(___lmul@product+2)& (0+255),f,b
  2385   002A20  5107               	movf	(___lmul@multiplicand+3)& (0+255),w,b
  2386   002A22  230B               	addwfc	(___lmul@product+3)& (0+255),f,b
  2387   002A24                     l4044:
  2388                           
  2389                           ; BSR set to: 1
  2390   002A24  90D8               	bcf	status,0,c
  2391   002A26  3704               	rlcf	___lmul@multiplicand& (0+255),f,b
  2392   002A28  3705               	rlcf	(___lmul@multiplicand+1)& (0+255),f,b
  2393   002A2A  3706               	rlcf	(___lmul@multiplicand+2)& (0+255),f,b
  2394   002A2C  3707               	rlcf	(___lmul@multiplicand+3)& (0+255),f,b
  2395   002A2E                     
  2396                           ; BSR set to: 1
  2397   002A2E  90D8               	bcf	status,0,c
  2398   002A30  3303               	rrcf	(___lmul@multiplier+3)& (0+255),f,b
  2399   002A32  3302               	rrcf	(___lmul@multiplier+2)& (0+255),f,b
  2400   002A34  3301               	rrcf	(___lmul@multiplier+1)& (0+255),f,b
  2401   002A36  3300               	rrcf	___lmul@multiplier& (0+255),f,b
  2402   002A38  5100               	movf	___lmul@multiplier& (0+255),w,b
  2403   002A3A  1101               	iorwf	(___lmul@multiplier+1)& (0+255),w,b
  2404   002A3C  1102               	iorwf	(___lmul@multiplier+2)& (0+255),w,b
  2405   002A3E  1103               	iorwf	(___lmul@multiplier+3)& (0+255),w,b
  2406   002A40  A4D8               	btfss	status,2,c
  2407   002A42  EF25  F015         	goto	u4801
  2408   002A46  EF27  F015         	goto	u4800
  2409   002A4A                     u4801:
  2410   002A4A  EF03  F015         	goto	l4040
  2411   002A4E                     u4800:
  2412   002A4E                     
  2413                           ; BSR set to: 1
  2414   002A4E  C108  F100         	movff	___lmul@product,?___lmul
  2415   002A52  C109  F101         	movff	___lmul@product+1,?___lmul+1
  2416   002A56  C10A  F102         	movff	___lmul@product+2,?___lmul+2
  2417   002A5A  C10B  F103         	movff	___lmul@product+3,?___lmul+3
  2418   002A5E                     
  2419                           ; BSR set to: 1
  2420   002A5E  0012               	return		;funcret
  2421   002A60                     __end_of___lmul:
  2422                           	callstack 0
  2423                           
  2424 ;; *************** function ___lldiv *****************
  2425 ;; Defined at:
  2426 ;;		line 7 in file "C:\Program Files\Microchip\xc8\v3.00\pic\sources\c99\common\__lldiv.c"
  2427 ;; Parameters:    Size  Location     Type
  2428 ;;  dividend        4   12[BANK1 ] unsigned long 
  2429 ;;  divisor         4   16[BANK1 ] unsigned long 
  2430 ;; Auto vars:     Size  Location     Type
  2431 ;;  quotient        4   20[BANK1 ] unsigned long 
  2432 ;;  counter         1   24[BANK1 ] unsigned char 
  2433 ;; Return value:  Size  Location     Type
  2434 ;;                  4   12[BANK1 ] unsigned long 
  2435 ;; Registers used:
  2436 ;;		wreg, status,2, status,0
  2437 ;; Tracked objects:
  2438 ;;		On entry : 0/0
  2439 ;;		On exit  : 0/0
  2440 ;;		Unchanged: 0/0
  2441 ;; Data sizes:     COMRAM   BANK0   BANK1   BANK2   BANK3   BANK4   BANK5
  2442 ;;      Params:         0       0       8       0       0       0       0
  2443 ;;      Locals:         0       0       5       0       0       0       0
  2444 ;;      Temps:          0       0       0       0       0       0       0
  2445 ;;      Totals:         0       0      13       0       0       0       0
  2446 ;;Total ram usage:       13 bytes
  2447 ;; Hardware stack levels used: 1
  2448 ;; Hardware stack levels required when called: 9
  2449 ;; This function calls:
  2450 ;;		Nothing
  2451 ;; This function is called by:
  2452 ;;		_AngleToDutyCycle
  2453 ;; This function uses a non-reentrant model
  2454 ;;
  2455                           
  2456                           	psect	text6
  2457   0025A4                     __ptext6:
  2458                           	callstack 0
  2459   0025A4                     ___lldiv:
  2460                           	callstack 19
  2461   0025A4  0E00               	movlw	0
  2462   0025A6  0101               	movlb	1	; () banked
  2463   0025A8  6F14               	movwf	___lldiv@quotient& (0+255),b
  2464   0025AA  0E00               	movlw	0
  2465   0025AC  6F15               	movwf	(___lldiv@quotient+1)& (0+255),b
  2466   0025AE  0E00               	movlw	0
  2467   0025B0  6F16               	movwf	(___lldiv@quotient+2)& (0+255),b
  2468   0025B2  0E00               	movlw	0
  2469   0025B4  6F17               	movwf	(___lldiv@quotient+3)& (0+255),b
  2470   0025B6                     
  2471                           ; BSR set to: 1
  2472   0025B6  5110               	movf	___lldiv@divisor& (0+255),w,b
  2473   0025B8  1111               	iorwf	(___lldiv@divisor+1)& (0+255),w,b
  2474   0025BA  1112               	iorwf	(___lldiv@divisor+2)& (0+255),w,b
  2475   0025BC  1113               	iorwf	(___lldiv@divisor+3)& (0+255),w,b
  2476   0025BE  B4D8               	btfsc	status,2,c
  2477   0025C0  EFE4  F012         	goto	u4811
  2478   0025C4  EFE6  F012         	goto	u4810
  2479   0025C8                     u4811:
  2480   0025C8  EF1C  F013         	goto	l367
  2481   0025CC                     u4810:
  2482   0025CC                     
  2483                           ; BSR set to: 1
  2484   0025CC  0E01               	movlw	1
  2485   0025CE  6F18               	movwf	___lldiv@counter& (0+255),b
  2486   0025D0  EFF0  F012         	goto	l4056
  2487   0025D4                     l4054:
  2488                           
  2489                           ; BSR set to: 1
  2490   0025D4  90D8               	bcf	status,0,c
  2491   0025D6  3710               	rlcf	___lldiv@divisor& (0+255),f,b
  2492   0025D8  3711               	rlcf	(___lldiv@divisor+1)& (0+255),f,b
  2493   0025DA  3712               	rlcf	(___lldiv@divisor+2)& (0+255),f,b
  2494   0025DC  3713               	rlcf	(___lldiv@divisor+3)& (0+255),f,b
  2495   0025DE  2B18               	incf	___lldiv@counter& (0+255),f,b
  2496   0025E0                     l4056:
  2497                           
  2498                           ; BSR set to: 1
  2499   0025E0  AF13               	btfss	(___lldiv@divisor+3)& (0+255),7,b
  2500   0025E2  EFF5  F012         	goto	u4821
  2501   0025E6  EFF7  F012         	goto	u4820
  2502   0025EA                     u4821:
  2503   0025EA  EFEA  F012         	goto	l4054
  2504   0025EE                     u4820:
  2505   0025EE                     l4058:
  2506                           
  2507                           ; BSR set to: 1
  2508   0025EE  90D8               	bcf	status,0,c
  2509   0025F0  3714               	rlcf	___lldiv@quotient& (0+255),f,b
  2510   0025F2  3715               	rlcf	(___lldiv@quotient+1)& (0+255),f,b
  2511   0025F4  3716               	rlcf	(___lldiv@quotient+2)& (0+255),f,b
  2512   0025F6  3717               	rlcf	(___lldiv@quotient+3)& (0+255),f,b
  2513   0025F8                     
  2514                           ; BSR set to: 1
  2515   0025F8  5110               	movf	___lldiv@divisor& (0+255),w,b
  2516   0025FA  5D0C               	subwf	___lldiv@dividend& (0+255),w,b
  2517   0025FC  5111               	movf	(___lldiv@divisor+1)& (0+255),w,b
  2518   0025FE  590D               	subwfb	(___lldiv@dividend+1)& (0+255),w,b
  2519   002600  5112               	movf	(___lldiv@divisor+2)& (0+255),w,b
  2520   002602  590E               	subwfb	(___lldiv@dividend+2)& (0+255),w,b
  2521   002604  5113               	movf	(___lldiv@divisor+3)& (0+255),w,b
  2522   002606  590F               	subwfb	(___lldiv@dividend+3)& (0+255),w,b
  2523   002608  A0D8               	btfss	status,0,c
  2524   00260A  EF09  F013         	goto	u4831
  2525   00260E  EF0B  F013         	goto	u4830
  2526   002612                     u4831:
  2527   002612  EF14  F013         	goto	l4066
  2528   002616                     u4830:
  2529   002616                     
  2530                           ; BSR set to: 1
  2531   002616  5110               	movf	___lldiv@divisor& (0+255),w,b
  2532   002618  5F0C               	subwf	___lldiv@dividend& (0+255),f,b
  2533   00261A  5111               	movf	(___lldiv@divisor+1)& (0+255),w,b
  2534   00261C  5B0D               	subwfb	(___lldiv@dividend+1)& (0+255),f,b
  2535   00261E  5112               	movf	(___lldiv@divisor+2)& (0+255),w,b
  2536   002620  5B0E               	subwfb	(___lldiv@dividend+2)& (0+255),f,b
  2537   002622  5113               	movf	(___lldiv@divisor+3)& (0+255),w,b
  2538   002624  5B0F               	subwfb	(___lldiv@dividend+3)& (0+255),f,b
  2539   002626                     
  2540                           ; BSR set to: 1
  2541   002626  8114               	bsf	___lldiv@quotient& (0+255),0,b
  2542   002628                     l4066:
  2543                           
  2544                           ; BSR set to: 1
  2545   002628  90D8               	bcf	status,0,c
  2546   00262A  3313               	rrcf	(___lldiv@divisor+3)& (0+255),f,b
  2547   00262C  3312               	rrcf	(___lldiv@divisor+2)& (0+255),f,b
  2548   00262E  3311               	rrcf	(___lldiv@divisor+1)& (0+255),f,b
  2549   002630  3310               	rrcf	___lldiv@divisor& (0+255),f,b
  2550   002632                     
  2551                           ; BSR set to: 1
  2552   002632  2F18               	decfsz	___lldiv@counter& (0+255),f,b
  2553   002634  EFF7  F012         	goto	l4058
  2554   002638                     l367:
  2555                           
  2556                           ; BSR set to: 1
  2557   002638  C114  F10C         	movff	___lldiv@quotient,?___lldiv
  2558   00263C  C115  F10D         	movff	___lldiv@quotient+1,?___lldiv+1
  2559   002640  C116  F10E         	movff	___lldiv@quotient+2,?___lldiv+2
  2560   002644  C117  F10F         	movff	___lldiv@quotient+3,?___lldiv+3
  2561   002648                     
  2562                           ; BSR set to: 1
  2563   002648  0012               	return		;funcret
  2564   00264A                     __end_of___lldiv:
  2565                           	callstack 0
  2566                           
  2567 ;; *************** function _SYSTEM_Initialize *****************
  2568 ;; Defined at:
  2569 ;;		line 168 in file "setting_hardaware/setting.c"
  2570 ;; Parameters:    Size  Location     Type
  2571 ;;		None
  2572 ;; Auto vars:     Size  Location     Type
  2573 ;;		None
  2574 ;; Return value:  Size  Location     Type
  2575 ;;                  1    wreg      void 
  2576 ;; Registers used:
  2577 ;;		wreg, status,2, cstack
  2578 ;; Tracked objects:
  2579 ;;		On entry : 0/0
  2580 ;;		On exit  : 0/0
  2581 ;;		Unchanged: 0/0
  2582 ;; Data sizes:     COMRAM   BANK0   BANK1   BANK2   BANK3   BANK4   BANK5
  2583 ;;      Params:         0       0       0       0       0       0       0
  2584 ;;      Locals:         0       0       0       0       0       0       0
  2585 ;;      Temps:          0       0       0       0       0       0       0
  2586 ;;      Totals:         0       0       0       0       0       0       0
  2587 ;;Total ram usage:        0 bytes
  2588 ;; Hardware stack levels used: 1
  2589 ;; Hardware stack levels required when called: 10
  2590 ;; This function calls:
  2591 ;;		_ADC_Initialize
  2592 ;;		_CCP1_Initialize
  2593 ;;		_CCP2_Initialize
  2594 ;;		_INTERRUPT_Initialize
  2595 ;;		_OSCILLATOR_Initialize
  2596 ;;		_PIN_MANAGER_Initialize
  2597 ;;		_TMR0_Initialize
  2598 ;;		_TMR1_Initialize
  2599 ;;		_TMR2_Initialize
  2600 ;;		_UART_Initialize
  2601 ;; This function is called by:
  2602 ;;		_main
  2603 ;; This function uses a non-reentrant model
  2604 ;;
  2605                           
  2606                           	psect	text7
  2607   002E04                     __ptext7:
  2608                           	callstack 0
  2609   002E04                     _SYSTEM_Initialize:
  2610                           	callstack 20
  2611   002E04                     
  2612                           ;setting_hardaware/setting.c: 170:     ADCON1bits.PCFG = 0x0E;
  2613   002E04  50C1               	movf	193,w,c	;volatile
  2614   002E06  0BF0               	andlw	-16
  2615   002E08  090E               	iorlw	14
  2616   002E0A  6EC1               	movwf	193,c	;volatile
  2617   002E0C                     
  2618                           ;setting_hardaware/setting.c: 171:     PIN_MANAGER_Initialize();
  2619   002E0C  EC10  F018         	call	_PIN_MANAGER_Initialize	;wreg free
  2620   002E10                     
  2621                           ;setting_hardaware/setting.c: 172:     OSCILLATOR_Initialize();
  2622   002E10  ECED  F017         	call	_OSCILLATOR_Initialize	;wreg free
  2623   002E14                     
  2624                           ;setting_hardaware/setting.c: 173:     TMR2_Initialize();
  2625   002E14  ECFF  F017         	call	_TMR2_Initialize	;wreg free
  2626   002E18                     
  2627                           ;setting_hardaware/setting.c: 174:     TMR1_Initialize();
  2628   002E18  ECCB  F017         	call	_TMR1_Initialize	;wreg free
  2629   002E1C                     
  2630                           ;setting_hardaware/setting.c: 175:     TMR0_Initialize();
  2631   002E1C  ECD7  F017         	call	_TMR0_Initialize	;wreg free
  2632                           
  2633                           ;setting_hardaware/setting.c: 176:     INTERRUPT_Initialize();
  2634   002E20  EC75  F017         	call	_INTERRUPT_Initialize	;wreg free
  2635   002E24                     
  2636                           ;setting_hardaware/setting.c: 177:     UART_Initialize();
  2637   002E24  ECBD  F017         	call	_UART_Initialize	;wreg free
  2638   002E28                     
  2639                           ;setting_hardaware/setting.c: 178:     CCP1_Initialize();
  2640   002E28  ECF6  F017         	call	_CCP1_Initialize	;wreg free
  2641   002E2C                     
  2642                           ;setting_hardaware/setting.c: 179:     CCP2_Initialize();
  2643   002E2C  EC05  F018         	call	_CCP2_Initialize	;wreg free
  2644   002E30                     
  2645                           ;setting_hardaware/setting.c: 180:     ADC_Initialize();
  2646   002E30  EC9B  F017         	call	_ADC_Initialize	;wreg free
  2647   002E34  0012               	return		;funcret
  2648   002E36                     __end_of_SYSTEM_Initialize:
  2649                           	callstack 0
  2650                           
  2651 ;; *************** function _UART_Initialize *****************
  2652 ;; Defined at:
  2653 ;;		line 16 in file "setting_hardaware/uart.c"
  2654 ;; Parameters:    Size  Location     Type
  2655 ;;		None
  2656 ;; Auto vars:     Size  Location     Type
  2657 ;;		None
  2658 ;; Return value:  Size  Location     Type
  2659 ;;                  1    wreg      void 
  2660 ;; Registers used:
  2661 ;;		wreg, status,2
  2662 ;; Tracked objects:
  2663 ;;		On entry : 0/0
  2664 ;;		On exit  : 0/0
  2665 ;;		Unchanged: 0/0
  2666 ;; Data sizes:     COMRAM   BANK0   BANK1   BANK2   BANK3   BANK4   BANK5
  2667 ;;      Params:         0       0       0       0       0       0       0
  2668 ;;      Locals:         0       0       0       0       0       0       0
  2669 ;;      Temps:          0       0       0       0       0       0       0
  2670 ;;      Totals:         0       0       0       0       0       0       0
  2671 ;;Total ram usage:        0 bytes
  2672 ;; Hardware stack levels used: 1
  2673 ;; Hardware stack levels required when called: 9
  2674 ;; This function calls:
  2675 ;;		Nothing
  2676 ;; This function is called by:
  2677 ;;		_SYSTEM_Initialize
  2678 ;; This function uses a non-reentrant model
  2679 ;;
  2680                           
  2681                           	psect	text8
  2682   002F7A                     __ptext8:
  2683                           	callstack 0
  2684   002F7A                     _UART_Initialize:
  2685                           	callstack 20
  2686   002F7A                     
  2687                           ;setting_hardaware/uart.c: 26:     TRISCbits.TRISC6 = 1;
  2688   002F7A  8C94               	bsf	148,6,c	;volatile
  2689                           
  2690                           ;setting_hardaware/uart.c: 27:     TRISCbits.TRISC7 = 1;
  2691   002F7C  8E94               	bsf	148,7,c	;volatile
  2692                           
  2693                           ;setting_hardaware/uart.c: 30:     TXSTAbits.SYNC = 0;
  2694   002F7E  98AC               	bcf	172,4,c	;volatile
  2695                           
  2696                           ;setting_hardaware/uart.c: 31:     BAUDCONbits.BRG16 = 0;
  2697   002F80  96B8               	bcf	184,3,c	;volatile
  2698                           
  2699                           ;setting_hardaware/uart.c: 32:     TXSTAbits.BRGH = 0;
  2700   002F82  94AC               	bcf	172,2,c	;volatile
  2701   002F84                     
  2702                           ;setting_hardaware/uart.c: 33:     SPBRG = 51;
  2703   002F84  0E33               	movlw	51
  2704   002F86  6EAF               	movwf	175,c	;volatile
  2705   002F88                     
  2706                           ;setting_hardaware/uart.c: 36:     RCSTAbits.SPEN = 1;
  2707   002F88  8EAB               	bsf	171,7,c	;volatile
  2708   002F8A                     
  2709                           ;setting_hardaware/uart.c: 38:     TXSTAbits.TXEN = 1;
  2710   002F8A  8AAC               	bsf	172,5,c	;volatile
  2711   002F8C                     
  2712                           ;setting_hardaware/uart.c: 39:     RCSTAbits.CREN = 1;
  2713   002F8C  88AB               	bsf	171,4,c	;volatile
  2714   002F8E                     
  2715                           ;setting_hardaware/uart.c: 42:     PIE1bits.RCIE = 1;
  2716   002F8E  8A9D               	bsf	157,5,c	;volatile
  2717   002F90                     
  2718                           ;setting_hardaware/uart.c: 43:     IPR1bits.RCIP = 1;
  2719   002F90  8A9F               	bsf	159,5,c	;volatile
  2720   002F92                     
  2721                           ;setting_hardaware/uart.c: 45:     PIR1bits.RCIF = 0;
  2722   002F92  9A9E               	bcf	158,5,c	;volatile
  2723   002F94  0012               	return		;funcret
  2724   002F96                     __end_of_UART_Initialize:
  2725                           	callstack 0
  2726                           
  2727 ;; *************** function _TMR2_Initialize *****************
  2728 ;; Defined at:
  2729 ;;		line 126 in file "setting_hardaware/setting.c"
  2730 ;; Parameters:    Size  Location     Type
  2731 ;;		None
  2732 ;; Auto vars:     Size  Location     Type
  2733 ;;		None
  2734 ;; Return value:  Size  Location     Type
  2735 ;;                  1    wreg      void 
  2736 ;; Registers used:
  2737 ;;		wreg, status,2
  2738 ;; Tracked objects:
  2739 ;;		On entry : 0/0
  2740 ;;		On exit  : 0/0
  2741 ;;		Unchanged: 0/0
  2742 ;; Data sizes:     COMRAM   BANK0   BANK1   BANK2   BANK3   BANK4   BANK5
  2743 ;;      Params:         0       0       0       0       0       0       0
  2744 ;;      Locals:         0       0       0       0       0       0       0
  2745 ;;      Temps:          0       0       0       0       0       0       0
  2746 ;;      Totals:         0       0       0       0       0       0       0
  2747 ;;Total ram usage:        0 bytes
  2748 ;; Hardware stack levels used: 1
  2749 ;; Hardware stack levels required when called: 9
  2750 ;; This function calls:
  2751 ;;		Nothing
  2752 ;; This function is called by:
  2753 ;;		_SYSTEM_Initialize
  2754 ;; This function uses a non-reentrant model
  2755 ;;
  2756                           
  2757                           	psect	text9
  2758   002FFE                     __ptext9:
  2759                           	callstack 0
  2760   002FFE                     _TMR2_Initialize:
  2761                           	callstack 20
  2762   002FFE                     
  2763                           ;setting_hardaware/setting.c: 127:     PR2 = 0xFF;
  2764   002FFE  68CB               	setf	203,c	;volatile
  2765                           
  2766                           ;setting_hardaware/setting.c: 128:     T2CON = 0x00;
  2767   003000  6ACA               	clrf	202,c	;volatile
  2768   003002                     
  2769                           ;setting_hardaware/setting.c: 130:     T2CON = 0b00000011;
  2770   003002  0E03               	movlw	3
  2771   003004  6ECA               	movwf	202,c	;volatile
  2772   003006                     
  2773                           ;setting_hardaware/setting.c: 131:     TMR2 = 0x00;
  2774   003006  6ACC               	clrf	204,c	;volatile
  2775   003008  0012               	return		;funcret
  2776   00300A                     __end_of_TMR2_Initialize:
  2777                           	callstack 0
  2778                           
  2779 ;; *************** function _TMR1_Initialize *****************
  2780 ;; Defined at:
  2781 ;;		line 111 in file "setting_hardaware/setting.c"
  2782 ;; Parameters:    Size  Location     Type
  2783 ;;		None
  2784 ;; Auto vars:     Size  Location     Type
  2785 ;;		None
  2786 ;; Return value:  Size  Location     Type
  2787 ;;                  1    wreg      void 
  2788 ;; Registers used:
  2789 ;;		wreg, status,2
  2790 ;; Tracked objects:
  2791 ;;		On entry : 0/0
  2792 ;;		On exit  : 0/0
  2793 ;;		Unchanged: 0/0
  2794 ;; Data sizes:     COMRAM   BANK0   BANK1   BANK2   BANK3   BANK4   BANK5
  2795 ;;      Params:         0       0       0       0       0       0       0
  2796 ;;      Locals:         0       0       0       0       0       0       0
  2797 ;;      Temps:          0       0       0       0       0       0       0
  2798 ;;      Totals:         0       0       0       0       0       0       0
  2799 ;;Total ram usage:        0 bytes
  2800 ;; Hardware stack levels used: 1
  2801 ;; Hardware stack levels required when called: 9
  2802 ;; This function calls:
  2803 ;;		Nothing
  2804 ;; This function is called by:
  2805 ;;		_SYSTEM_Initialize
  2806 ;; This function uses a non-reentrant model
  2807 ;;
  2808                           
  2809                           	psect	text10
  2810   002F96                     __ptext10:
  2811                           	callstack 0
  2812   002F96                     _TMR1_Initialize:
  2813                           	callstack 20
  2814   002F96                     
  2815                           ;setting_hardaware/setting.c: 113:     T1CONbits.RD16 = 1;
  2816   002F96  8ECD               	bsf	205,7,c	;volatile
  2817                           
  2818                           ;setting_hardaware/setting.c: 114:     T1CONbits.TMR1CS = 0;
  2819   002F98  92CD               	bcf	205,1,c	;volatile
  2820   002F9A                     
  2821                           ;setting_hardaware/setting.c: 115:     T1CONbits.T1CKPS = 0b10;
  2822   002F9A  50CD               	movf	205,w,c	;volatile
  2823   002F9C  0BCF               	andlw	-49
  2824   002F9E  0920               	iorlw	32
  2825   002FA0  6ECD               	movwf	205,c	;volatile
  2826                           
  2827                           ;setting_hardaware/setting.c: 120:     TMR1H = 0xFB;
  2828   002FA2  0EFB               	movlw	251
  2829   002FA4  6ECF               	movwf	207,c	;volatile
  2830                           
  2831                           ;setting_hardaware/setting.c: 121:     TMR1L = 0x1E;
  2832   002FA6  0E1E               	movlw	30
  2833   002FA8  6ECE               	movwf	206,c	;volatile
  2834   002FAA                     
  2835                           ;setting_hardaware/setting.c: 123:     T1CONbits.TMR1ON = 1;
  2836   002FAA  80CD               	bsf	205,0,c	;volatile
  2837   002FAC  0012               	return		;funcret
  2838   002FAE                     __end_of_TMR1_Initialize:
  2839                           	callstack 0
  2840                           
  2841 ;; *************** function _TMR0_Initialize *****************
  2842 ;; Defined at:
  2843 ;;		line 88 in file "setting_hardaware/setting.c"
  2844 ;; Parameters:    Size  Location     Type
  2845 ;;		None
  2846 ;; Auto vars:     Size  Location     Type
  2847 ;;		None
  2848 ;; Return value:  Size  Location     Type
  2849 ;;                  1    wreg      void 
  2850 ;; Registers used:
  2851 ;;		wreg, status,2
  2852 ;; Tracked objects:
  2853 ;;		On entry : 0/0
  2854 ;;		On exit  : 0/0
  2855 ;;		Unchanged: 0/0
  2856 ;; Data sizes:     COMRAM   BANK0   BANK1   BANK2   BANK3   BANK4   BANK5
  2857 ;;      Params:         0       0       0       0       0       0       0
  2858 ;;      Locals:         0       0       0       0       0       0       0
  2859 ;;      Temps:          0       0       0       0       0       0       0
  2860 ;;      Totals:         0       0       0       0       0       0       0
  2861 ;;Total ram usage:        0 bytes
  2862 ;; Hardware stack levels used: 1
  2863 ;; Hardware stack levels required when called: 9
  2864 ;; This function calls:
  2865 ;;		Nothing
  2866 ;; This function is called by:
  2867 ;;		_SYSTEM_Initialize
  2868 ;; This function uses a non-reentrant model
  2869 ;;
  2870                           
  2871                           	psect	text11
  2872   002FAE                     __ptext11:
  2873                           	callstack 0
  2874   002FAE                     _TMR0_Initialize:
  2875                           	callstack 20
  2876   002FAE                     
  2877                           ;setting_hardaware/setting.c: 90:     T0CONbits.T08BIT = 0;
  2878   002FAE  9CD5               	bcf	213,6,c	;volatile
  2879                           
  2880                           ;setting_hardaware/setting.c: 91:     T0CONbits.T0CS = 0;
  2881   002FB0  9AD5               	bcf	213,5,c	;volatile
  2882                           
  2883                           ;setting_hardaware/setting.c: 92:     T0CONbits.PSA = 0;
  2884   002FB2  96D5               	bcf	213,3,c	;volatile
  2885   002FB4                     
  2886                           ;setting_hardaware/setting.c: 93:     T0CONbits.T0PS = 0b111;
  2887   002FB4  0E07               	movlw	7
  2888   002FB6  12D5               	iorwf	213,f,c	;volatile
  2889                           
  2890                           ;setting_hardaware/setting.c: 96:     TMR0H = 0xFC;
  2891   002FB8  0EFC               	movlw	252
  2892   002FBA  6ED7               	movwf	215,c	;volatile
  2893                           
  2894                           ;setting_hardaware/setting.c: 97:     TMR0L = 0x2F;
  2895   002FBC  0E2F               	movlw	47
  2896   002FBE  6ED6               	movwf	214,c	;volatile
  2897   002FC0                     
  2898                           ;setting_hardaware/setting.c: 101:     T0CONbits.TMR0ON = 1;
  2899   002FC0  8ED5               	bsf	213,7,c	;volatile
  2900   002FC2  0012               	return		;funcret
  2901   002FC4                     __end_of_TMR0_Initialize:
  2902                           	callstack 0
  2903                           
  2904 ;; *************** function _PIN_MANAGER_Initialize *****************
  2905 ;; Defined at:
  2906 ;;		line 72 in file "setting_hardaware/setting.c"
  2907 ;; Parameters:    Size  Location     Type
  2908 ;;		None
  2909 ;; Auto vars:     Size  Location     Type
  2910 ;;		None
  2911 ;; Return value:  Size  Location     Type
  2912 ;;                  1    wreg      void 
  2913 ;; Registers used:
  2914 ;;		wreg, status,2
  2915 ;; Tracked objects:
  2916 ;;		On entry : 0/0
  2917 ;;		On exit  : 0/0
  2918 ;;		Unchanged: 0/0
  2919 ;; Data sizes:     COMRAM   BANK0   BANK1   BANK2   BANK3   BANK4   BANK5
  2920 ;;      Params:         0       0       0       0       0       0       0
  2921 ;;      Locals:         0       0       0       0       0       0       0
  2922 ;;      Temps:          0       0       0       0       0       0       0
  2923 ;;      Totals:         0       0       0       0       0       0       0
  2924 ;;Total ram usage:        0 bytes
  2925 ;; Hardware stack levels used: 1
  2926 ;; Hardware stack levels required when called: 9
  2927 ;; This function calls:
  2928 ;;		Nothing
  2929 ;; This function is called by:
  2930 ;;		_SYSTEM_Initialize
  2931 ;; This function uses a non-reentrant model
  2932 ;;
  2933                           
  2934                           	psect	text12
  2935   003020                     __ptext12:
  2936                           	callstack 0
  2937   003020                     _PIN_MANAGER_Initialize:
  2938                           	callstack 20
  2939   003020                     
  2940                           ;setting_hardaware/setting.c: 73:     TRISD = 0x0F;
  2941   003020  0E0F               	movlw	15
  2942   003022  6E95               	movwf	149,c	;volatile
  2943   003024                     
  2944                           ;setting_hardaware/setting.c: 74:     LATD = 0x00;
  2945   003024  6A8C               	clrf	140,c	;volatile
  2946   003026  0012               	return		;funcret
  2947   003028                     __end_of_PIN_MANAGER_Initialize:
  2948                           	callstack 0
  2949                           
  2950 ;; *************** function _OSCILLATOR_Initialize *****************
  2951 ;; Defined at:
  2952 ;;		line 61 in file "setting_hardaware/setting.c"
  2953 ;; Parameters:    Size  Location     Type
  2954 ;;		None
  2955 ;; Auto vars:     Size  Location     Type
  2956 ;;		None
  2957 ;; Return value:  Size  Location     Type
  2958 ;;                  1    wreg      void 
  2959 ;; Registers used:
  2960 ;;		wreg, status,2
  2961 ;; Tracked objects:
  2962 ;;		On entry : 0/0
  2963 ;;		On exit  : 0/0
  2964 ;;		Unchanged: 0/0
  2965 ;; Data sizes:     COMRAM   BANK0   BANK1   BANK2   BANK3   BANK4   BANK5
  2966 ;;      Params:         0       0       0       0       0       0       0
  2967 ;;      Locals:         0       0       0       0       0       0       0
  2968 ;;      Temps:          0       0       0       0       0       0       0
  2969 ;;      Totals:         0       0       0       0       0       0       0
  2970 ;;Total ram usage:        0 bytes
  2971 ;; Hardware stack levels used: 1
  2972 ;; Hardware stack levels required when called: 9
  2973 ;; This function calls:
  2974 ;;		Nothing
  2975 ;; This function is called by:
  2976 ;;		_SYSTEM_Initialize
  2977 ;; This function uses a non-reentrant model
  2978 ;;
  2979                           
  2980                           	psect	text13
  2981   002FDA                     __ptext13:
  2982                           	callstack 0
  2983   002FDA                     _OSCILLATOR_Initialize:
  2984                           	callstack 20
  2985   002FDA                     
  2986                           ;setting_hardaware/setting.c: 63:     OSCCONbits.IRCF = 0b110;
  2987   002FDA  50D3               	movf	211,w,c	;volatile
  2988   002FDC  0B8F               	andlw	-113
  2989   002FDE  0960               	iorlw	96
  2990   002FE0  6ED3               	movwf	211,c	;volatile
  2991                           
  2992                           ;setting_hardaware/setting.c: 64:     OSCCONbits.SCS = 1;
  2993   002FE2  50D3               	movf	211,w,c	;volatile
  2994   002FE4  0BFC               	andlw	-4
  2995   002FE6  0901               	iorlw	1
  2996   002FE8  6ED3               	movwf	211,c	;volatile
  2997   002FEA  0012               	return		;funcret
  2998   002FEC                     __end_of_OSCILLATOR_Initialize:
  2999                           	callstack 0
  3000                           
  3001 ;; *************** function _INTERRUPT_Initialize *****************
  3002 ;; Defined at:
  3003 ;;		line 3 in file "setting_hardaware/interrupt_manager.c"
  3004 ;; Parameters:    Size  Location     Type
  3005 ;;		None
  3006 ;; Auto vars:     Size  Location     Type
  3007 ;;		None
  3008 ;; Return value:  Size  Location     Type
  3009 ;;                  1    wreg      void 
  3010 ;; Registers used:
  3011 ;;		None
  3012 ;; Tracked objects:
  3013 ;;		On entry : 0/0
  3014 ;;		On exit  : 0/0
  3015 ;;		Unchanged: 0/0
  3016 ;; Data sizes:     COMRAM   BANK0   BANK1   BANK2   BANK3   BANK4   BANK5
  3017 ;;      Params:         0       0       0       0       0       0       0
  3018 ;;      Locals:         0       0       0       0       0       0       0
  3019 ;;      Temps:          0       0       0       0       0       0       0
  3020 ;;      Totals:         0       0       0       0       0       0       0
  3021 ;;Total ram usage:        0 bytes
  3022 ;; Hardware stack levels used: 1
  3023 ;; Hardware stack levels required when called: 9
  3024 ;; This function calls:
  3025 ;;		Nothing
  3026 ;; This function is called by:
  3027 ;;		_SYSTEM_Initialize
  3028 ;; This function uses a non-reentrant model
  3029 ;;
  3030                           
  3031                           	psect	text14
  3032   002EEA                     __ptext14:
  3033                           	callstack 0
  3034   002EEA                     _INTERRUPT_Initialize:
  3035                           	callstack 20
  3036   002EEA                     
  3037                           ;setting_hardaware/interrupt_manager.c: 5:     RCONbits.IPEN = 1;
  3038   002EEA  8ED0               	bsf	208,7,c	;volatile
  3039                           
  3040                           ;setting_hardaware/interrupt_manager.c: 6:     INTCONbits.GIEH = 1;
  3041   002EEC  8EF2               	bsf	242,7,c	;volatile
  3042                           
  3043                           ;setting_hardaware/interrupt_manager.c: 7:     INTCONbits.GIEL = 1;
  3044   002EEE  8CF2               	bsf	242,6,c	;volatile
  3045                           
  3046                           ;setting_hardaware/interrupt_manager.c: 10:     INTCONbits.INT0IE = 1;
  3047   002EF0  88F2               	bsf	242,4,c	;volatile
  3048                           
  3049                           ;setting_hardaware/interrupt_manager.c: 11:     INTCON2bits.INTEDG0 = 0;
  3050   002EF2  9CF1               	bcf	241,6,c	;volatile
  3051                           
  3052                           ;setting_hardaware/interrupt_manager.c: 12:     INTCONbits.INT0IF = 0;
  3053   002EF4  92F2               	bcf	242,1,c	;volatile
  3054                           
  3055                           ;setting_hardaware/interrupt_manager.c: 15:     PIR1bits.ADIF = 0;
  3056   002EF6  9C9E               	bcf	158,6,c	;volatile
  3057                           
  3058                           ;setting_hardaware/interrupt_manager.c: 16:     PIE1bits.ADIE = 1;
  3059   002EF8  8C9D               	bsf	157,6,c	;volatile
  3060                           
  3061                           ;setting_hardaware/interrupt_manager.c: 17:     IPR1bits.ADIP = 0;
  3062   002EFA  9C9F               	bcf	159,6,c	;volatile
  3063                           
  3064                           ;setting_hardaware/interrupt_manager.c: 20:     INTCONbits.TMR0IF = 0;
  3065   002EFC  94F2               	bcf	242,2,c	;volatile
  3066                           
  3067                           ;setting_hardaware/interrupt_manager.c: 21:     INTCONbits.TMR0IE = 1;
  3068   002EFE  8AF2               	bsf	242,5,c	;volatile
  3069                           
  3070                           ;setting_hardaware/interrupt_manager.c: 22:     INTCON2bits.TMR0IP = 0;
  3071   002F00  94F1               	bcf	241,2,c	;volatile
  3072                           
  3073                           ;setting_hardaware/interrupt_manager.c: 25:     PIR1bits.TMR1IF = 0;
  3074   002F02  909E               	bcf	158,0,c	;volatile
  3075                           
  3076                           ;setting_hardaware/interrupt_manager.c: 26:     PIE1bits.TMR1IE = 1;
  3077   002F04  809D               	bsf	157,0,c	;volatile
  3078                           
  3079                           ;setting_hardaware/interrupt_manager.c: 27:     IPR1bits.TMR1IP = 0;
  3080   002F06  909F               	bcf	159,0,c	;volatile
  3081                           
  3082                           ;setting_hardaware/interrupt_manager.c: 30:     PIR1bits.TMR2IF = 0;
  3083   002F08  929E               	bcf	158,1,c	;volatile
  3084                           
  3085                           ;setting_hardaware/interrupt_manager.c: 31:     PIE1bits.TMR2IE = 1;
  3086   002F0A  829D               	bsf	157,1,c	;volatile
  3087                           
  3088                           ;setting_hardaware/interrupt_manager.c: 32:     IPR1bits.TMR2IP = 0;
  3089   002F0C  929F               	bcf	159,1,c	;volatile
  3090   002F0E  0012               	return		;funcret
  3091   002F10                     __end_of_INTERRUPT_Initialize:
  3092                           	callstack 0
  3093                           
  3094 ;; *************** function _CCP2_Initialize *****************
  3095 ;; Defined at:
  3096 ;;		line 30 in file "setting_hardaware/ccp1.c"
  3097 ;; Parameters:    Size  Location     Type
  3098 ;;		None
  3099 ;; Auto vars:     Size  Location     Type
  3100 ;;		None
  3101 ;; Return value:  Size  Location     Type
  3102 ;;                  1    wreg      void 
  3103 ;; Registers used:
  3104 ;;		wreg, status,2
  3105 ;; Tracked objects:
  3106 ;;		On entry : 0/0
  3107 ;;		On exit  : 0/0
  3108 ;;		Unchanged: 0/0
  3109 ;; Data sizes:     COMRAM   BANK0   BANK1   BANK2   BANK3   BANK4   BANK5
  3110 ;;      Params:         0       0       0       0       0       0       0
  3111 ;;      Locals:         0       0       0       0       0       0       0
  3112 ;;      Temps:          0       0       0       0       0       0       0
  3113 ;;      Totals:         0       0       0       0       0       0       0
  3114 ;;Total ram usage:        0 bytes
  3115 ;; Hardware stack levels used: 1
  3116 ;; Hardware stack levels required when called: 9
  3117 ;; This function calls:
  3118 ;;		Nothing
  3119 ;; This function is called by:
  3120 ;;		_SYSTEM_Initialize
  3121 ;; This function uses a non-reentrant model
  3122 ;;
  3123                           
  3124                           	psect	text15
  3125   00300A                     __ptext15:
  3126                           	callstack 0
  3127   00300A                     _CCP2_Initialize:
  3128                           	callstack 20
  3129   00300A                     
  3130                           ;setting_hardaware/ccp1.c: 31:     TRISCbits.TRISC1=0;
  3131   00300A  9294               	bcf	148,1,c	;volatile
  3132   00300C                     
  3133                           ;setting_hardaware/ccp1.c: 32:     CCP2CON=0b00001100;
  3134   00300C  0E0C               	movlw	12
  3135   00300E  6EBA               	movwf	186,c	;volatile
  3136   003010                     
  3137                           ;setting_hardaware/ccp1.c: 33:     PIR2bits.CCP2IF=0;
  3138   003010  90A1               	bcf	161,0,c	;volatile
  3139   003012                     
  3140                           ;setting_hardaware/ccp1.c: 34:     IPR2bits.CCP2IP = 1;
  3141   003012  80A2               	bsf	162,0,c	;volatile
  3142   003014  0012               	return		;funcret
  3143   003016                     __end_of_CCP2_Initialize:
  3144                           	callstack 0
  3145                           
  3146 ;; *************** function _CCP1_Initialize *****************
  3147 ;; Defined at:
  3148 ;;		line 13 in file "setting_hardaware/ccp1.c"
  3149 ;; Parameters:    Size  Location     Type
  3150 ;;		None
  3151 ;; Auto vars:     Size  Location     Type
  3152 ;;		None
  3153 ;; Return value:  Size  Location     Type
  3154 ;;                  1    wreg      void 
  3155 ;; Registers used:
  3156 ;;		wreg, status,2
  3157 ;; Tracked objects:
  3158 ;;		On entry : 0/0
  3159 ;;		On exit  : 0/0
  3160 ;;		Unchanged: 0/0
  3161 ;; Data sizes:     COMRAM   BANK0   BANK1   BANK2   BANK3   BANK4   BANK5
  3162 ;;      Params:         0       0       0       0       0       0       0
  3163 ;;      Locals:         0       0       0       0       0       0       0
  3164 ;;      Temps:          0       0       0       0       0       0       0
  3165 ;;      Totals:         0       0       0       0       0       0       0
  3166 ;;Total ram usage:        0 bytes
  3167 ;; Hardware stack levels used: 1
  3168 ;; Hardware stack levels required when called: 9
  3169 ;; This function calls:
  3170 ;;		Nothing
  3171 ;; This function is called by:
  3172 ;;		_SYSTEM_Initialize
  3173 ;; This function uses a non-reentrant model
  3174 ;;
  3175                           
  3176                           	psect	text16
  3177   002FEC                     __ptext16:
  3178                           	callstack 0
  3179   002FEC                     _CCP1_Initialize:
  3180                           	callstack 20
  3181   002FEC                     
  3182                           ;setting_hardaware/ccp1.c: 14:     TRISCbits.TRISC2 = 0;
  3183   002FEC  9494               	bcf	148,2,c	;volatile
  3184   002FEE                     
  3185                           ;setting_hardaware/ccp1.c: 18:     CCPR1L = 0x5D;
  3186   002FEE  0E5D               	movlw	93
  3187   002FF0  6EBE               	movwf	190,c	;volatile
  3188                           
  3189                           ;setting_hardaware/ccp1.c: 21:     CCP1CON = 0b00111100;
  3190   002FF2  0E3C               	movlw	60
  3191   002FF4  6EBD               	movwf	189,c	;volatile
  3192   002FF6                     
  3193                           ;setting_hardaware/ccp1.c: 23:     PIR1bits.CCP1IF=0;
  3194   002FF6  949E               	bcf	158,2,c	;volatile
  3195   002FF8                     
  3196                           ;setting_hardaware/ccp1.c: 24:     IPR1bits.CCP1IP = 1;
  3197   002FF8  849F               	bsf	159,2,c	;volatile
  3198   002FFA                     
  3199                           ;setting_hardaware/ccp1.c: 27:     T2CONbits.TMR2ON = 1;
  3200   002FFA  84CA               	bsf	202,2,c	;volatile
  3201   002FFC  0012               	return		;funcret
  3202   002FFE                     __end_of_CCP1_Initialize:
  3203                           	callstack 0
  3204                           
  3205 ;; *************** function _ADC_Initialize *****************
  3206 ;; Defined at:
  3207 ;;		line 3 in file "setting_hardaware/adc.c"
  3208 ;; Parameters:    Size  Location     Type
  3209 ;;		None
  3210 ;; Auto vars:     Size  Location     Type
  3211 ;;		None
  3212 ;; Return value:  Size  Location     Type
  3213 ;;                  1    wreg      void 
  3214 ;; Registers used:
  3215 ;;		wreg, status,2
  3216 ;; Tracked objects:
  3217 ;;		On entry : 0/0
  3218 ;;		On exit  : 0/0
  3219 ;;		Unchanged: 0/0
  3220 ;; Data sizes:     COMRAM   BANK0   BANK1   BANK2   BANK3   BANK4   BANK5
  3221 ;;      Params:         0       0       0       0       0       0       0
  3222 ;;      Locals:         0       0       0       0       0       0       0
  3223 ;;      Temps:          0       0       0       0       0       0       0
  3224 ;;      Totals:         0       0       0       0       0       0       0
  3225 ;;Total ram usage:        0 bytes
  3226 ;; Hardware stack levels used: 1
  3227 ;; Hardware stack levels required when called: 9
  3228 ;; This function calls:
  3229 ;;		Nothing
  3230 ;; This function is called by:
  3231 ;;		_SYSTEM_Initialize
  3232 ;; This function uses a non-reentrant model
  3233 ;;
  3234                           
  3235                           	psect	text17
  3236   002F36                     __ptext17:
  3237                           	callstack 0
  3238   002F36                     _ADC_Initialize:
  3239                           	callstack 20
  3240   002F36                     
  3241                           ;setting_hardaware/adc.c: 4:     TRISA = 0xff;
  3242   002F36  6892               	setf	146,c	;volatile
  3243   002F38                     
  3244                           ;setting_hardaware/adc.c: 5:     ADCON1 = 0x0e;
  3245   002F38  0E0E               	movlw	14
  3246   002F3A  6EC1               	movwf	193,c	;volatile
  3247   002F3C                     
  3248                           ;setting_hardaware/adc.c: 7:     ADFM = 1 ;
  3249   002F3C  8EC0               	bsf	4032,7,c	;volatile
  3250                           
  3251                           ;setting_hardaware/adc.c: 8:     ADCON2bits.ADCS = 7;
  3252   002F3E  0E07               	movlw	7
  3253   002F40  12C0               	iorwf	192,f,c	;volatile
  3254   002F42                     
  3255                           ;setting_hardaware/adc.c: 9:     ADRESH=0;
  3256   002F42  6AC4               	clrf	196,c	;volatile
  3257   002F44                     
  3258                           ;setting_hardaware/adc.c: 10:     ADRESL=0;
  3259   002F44  6AC3               	clrf	195,c	;volatile
  3260                           
  3261                           ;setting_hardaware/adc.c: 12:     ADCON0 = 0b00000001;
  3262   002F46  0E01               	movlw	1
  3263   002F48  6EC2               	movwf	194,c	;volatile
  3264                           
  3265                           ;setting_hardaware/adc.c: 13:     ADCON1 = 0b00001110;
  3266   002F4A  0E0E               	movlw	14
  3267   002F4C  6EC1               	movwf	193,c	;volatile
  3268                           
  3269                           ;setting_hardaware/adc.c: 14:     ADCON2 = 0b10101010;
  3270   002F4E  0EAA               	movlw	170
  3271   002F50  6EC0               	movwf	192,c	;volatile
  3272   002F52                     
  3273                           ;setting_hardaware/adc.c: 16:     PIR1bits.ADIF = 0;
  3274   002F52  9C9E               	bcf	158,6,c	;volatile
  3275   002F54                     
  3276                           ;setting_hardaware/adc.c: 17:     ADCON0bits.GO = 1;
  3277   002F54  82C2               	bsf	194,1,c	;volatile
  3278   002F56  0012               	return		;funcret
  3279   002F58                     __end_of_ADC_Initialize:
  3280                           	callstack 0
  3281                           
  3282 ;; *************** function _Mode2 *****************
  3283 ;; Defined at:
  3284 ;;		line 26 in file "main.c"
  3285 ;; Parameters:    Size  Location     Type
  3286 ;;		None
  3287 ;; Auto vars:     Size  Location     Type
  3288 ;;		None
  3289 ;; Return value:  Size  Location     Type
  3290 ;;                  1    wreg      void 
  3291 ;; Registers used:
  3292 ;;		None
  3293 ;; Tracked objects:
  3294 ;;		On entry : 0/0
  3295 ;;		On exit  : 0/0
  3296 ;;		Unchanged: 0/0
  3297 ;; Data sizes:     COMRAM   BANK0   BANK1   BANK2   BANK3   BANK4   BANK5
  3298 ;;      Params:         0       0       0       0       0       0       0
  3299 ;;      Locals:         0       0       0       0       0       0       0
  3300 ;;      Temps:          0       0       0       0       0       0       0
  3301 ;;      Totals:         0       0       0       0       0       0       0
  3302 ;;Total ram usage:        0 bytes
  3303 ;; Hardware stack levels used: 1
  3304 ;; Hardware stack levels required when called: 9
  3305 ;; This function calls:
  3306 ;;		Nothing
  3307 ;; This function is called by:
  3308 ;;		_main
  3309 ;; This function uses a non-reentrant model
  3310 ;;
  3311                           
  3312                           	psect	text18
  3313   00302E                     __ptext18:
  3314                           	callstack 0
  3315   00302E                     _Mode2:
  3316                           	callstack 21
  3317   00302E  0012               	return		;funcret
  3318   003030                     __end_of_Mode2:
  3319                           	callstack 0
  3320                           
  3321 ;; *************** function _Mode1 *****************
  3322 ;; Defined at:
  3323 ;;		line 23 in file "main.c"
  3324 ;; Parameters:    Size  Location     Type
  3325 ;;		None
  3326 ;; Auto vars:     Size  Location     Type
  3327 ;;		None
  3328 ;; Return value:  Size  Location     Type
  3329 ;;                  1    wreg      void 
  3330 ;; Registers used:
  3331 ;;		None
  3332 ;; Tracked objects:
  3333 ;;		On entry : 0/0
  3334 ;;		On exit  : 0/0
  3335 ;;		Unchanged: 0/0
  3336 ;; Data sizes:     COMRAM   BANK0   BANK1   BANK2   BANK3   BANK4   BANK5
  3337 ;;      Params:         0       0       0       0       0       0       0
  3338 ;;      Locals:         0       0       0       0       0       0       0
  3339 ;;      Temps:          0       0       0       0       0       0       0
  3340 ;;      Totals:         0       0       0       0       0       0       0
  3341 ;;Total ram usage:        0 bytes
  3342 ;; Hardware stack levels used: 1
  3343 ;; Hardware stack levels required when called: 9
  3344 ;; This function calls:
  3345 ;;		Nothing
  3346 ;; This function is called by:
  3347 ;;		_main
  3348 ;; This function uses a non-reentrant model
  3349 ;;
  3350                           
  3351                           	psect	text19
  3352   003030                     __ptext19:
  3353                           	callstack 0
  3354   003030                     _Mode1:
  3355                           	callstack 21
  3356   003030  0012               	return		;funcret
  3357   003032                     __end_of_Mode1:
  3358                           	callstack 0
  3359                           
  3360 ;; *************** function _GetString *****************
  3361 ;; Defined at:
  3362 ;;		line 144 in file "setting_hardaware/uart.c"
  3363 ;; Parameters:    Size  Location     Type
  3364 ;;		None
  3365 ;; Auto vars:     Size  Location     Type
  3366 ;;		None
  3367 ;; Return value:  Size  Location     Type
  3368 ;;                  1   49[BANK0 ] PTR unsigned char 
  3369 ;; Registers used:
  3370 ;;		wreg
  3371 ;; Tracked objects:
  3372 ;;		On entry : 0/0
  3373 ;;		On exit  : 0/0
  3374 ;;		Unchanged: 0/0
  3375 ;; Data sizes:     COMRAM   BANK0   BANK1   BANK2   BANK3   BANK4   BANK5
  3376 ;;      Params:         0       2       0       0       0       0       0
  3377 ;;      Locals:         0       0       0       0       0       0       0
  3378 ;;      Temps:          0       0       0       0       0       0       0
  3379 ;;      Totals:         0       2       0       0       0       0       0
  3380 ;;Total ram usage:        2 bytes
  3381 ;; Hardware stack levels used: 1
  3382 ;; Hardware stack levels required when called: 9
  3383 ;; This function calls:
  3384 ;;		Nothing
  3385 ;; This function is called by:
  3386 ;;		_main
  3387 ;; This function uses a non-reentrant model
  3388 ;;
  3389                           
  3390                           	psect	text20
  3391   003028                     __ptext20:
  3392                           	callstack 0
  3393   003028                     _GetString:
  3394                           	callstack 21
  3395   003028                     
  3396                           ;setting_hardaware/uart.c: 145:     return mystring;
  3397   003028  0E56               	movlw	_mystring& (0+255)
  3398   00302A  0012               	return		;funcret
  3399   00302C                     __end_of_GetString:
  3400                           	callstack 0
  3401                           
  3402 ;; *************** function _ClearBuffer *****************
  3403 ;; Defined at:
  3404 ;;		line 97 in file "setting_hardaware/uart.c"
  3405 ;; Parameters:    Size  Location     Type
  3406 ;;		None
  3407 ;; Auto vars:     Size  Location     Type
  3408 ;;  i               2   49[BANK0 ] int 
  3409 ;; Return value:  Size  Location     Type
  3410 ;;                  1    wreg      void 
  3411 ;; Registers used:
  3412 ;;		wreg, fsr2l, fsr2h, status,2, status,0
  3413 ;; Tracked objects:
  3414 ;;		On entry : 0/0
  3415 ;;		On exit  : 0/0
  3416 ;;		Unchanged: 0/0
  3417 ;; Data sizes:     COMRAM   BANK0   BANK1   BANK2   BANK3   BANK4   BANK5
  3418 ;;      Params:         0       0       0       0       0       0       0
  3419 ;;      Locals:         0       2       0       0       0       0       0
  3420 ;;      Temps:          0       0       0       0       0       0       0
  3421 ;;      Totals:         0       2       0       0       0       0       0
  3422 ;;Total ram usage:        2 bytes
  3423 ;; Hardware stack levels used: 1
  3424 ;; Hardware stack levels required when called: 9
  3425 ;; This function calls:
  3426 ;;		Nothing
  3427 ;; This function is called by:
  3428 ;;		_main
  3429 ;; This function uses a non-reentrant model
  3430 ;;
  3431                           
  3432                           	psect	text21
  3433   002D1C                     __ptext21:
  3434                           	callstack 0
  3435   002D1C                     _ClearBuffer:
  3436                           	callstack 21
  3437   002D1C                     
  3438                           ;setting_hardaware/uart.c: 98:     for(int i = 0; i < 10 ; i++)
  3439   002D1C  0E00               	movlw	0
  3440   002D1E  0100               	movlb	0	; () banked
  3441   002D20  6FB2               	movwf	(ClearBuffer@i+1)& (0+255),b
  3442   002D22  0E00               	movlw	0
  3443   002D24  6FB1               	movwf	ClearBuffer@i& (0+255),b
  3444   002D26                     l3838:
  3445                           
  3446                           ; BSR set to: 0
  3447                           ;setting_hardaware/uart.c: 99:         mystring[i] = '\0';
  3448   002D26  51B1               	movf	ClearBuffer@i& (0+255),w,b
  3449   002D28  0F56               	addlw	low _mystring
  3450   002D2A  6ED9               	movwf	fsr2l,c
  3451   002D2C  6ADA               	clrf	fsr2h,c
  3452   002D2E  6ADF               	clrf	indf2,c
  3453   002D30                     
  3454                           ; BSR set to: 0
  3455   002D30  4BB1               	infsnz	ClearBuffer@i& (0+255),f,b
  3456   002D32  2BB2               	incf	(ClearBuffer@i+1)& (0+255),f,b
  3457   002D34                     
  3458                           ; BSR set to: 0
  3459   002D34  BFB2               	btfsc	(ClearBuffer@i+1)& (0+255),7,b
  3460   002D36  EFA6  F016         	goto	u4441
  3461   002D3A  51B2               	movf	(ClearBuffer@i+1)& (0+255),w,b
  3462   002D3C  E109               	bnz	u4440
  3463   002D3E  0E0A               	movlw	10
  3464   002D40  5DB1               	subwf	ClearBuffer@i& (0+255),w,b
  3465   002D42  A0D8               	btfss	status,0,c
  3466   002D44  EFA6  F016         	goto	u4441
  3467   002D48  EFA8  F016         	goto	u4440
  3468   002D4C                     u4441:
  3469   002D4C  EF93  F016         	goto	l3838
  3470   002D50                     u4440:
  3471   002D50                     
  3472                           ; BSR set to: 0
  3473                           ;setting_hardaware/uart.c: 100:     lenStr = 0;
  3474   002D50  0E00               	movlw	0
  3475   002D52  6E4D               	movwf	(_lenStr+1)^0,c
  3476   002D54  0E00               	movlw	0
  3477   002D56  6E4C               	movwf	_lenStr^0,c
  3478   002D58                     
  3479                           ; BSR set to: 0
  3480   002D58  0012               	return		;funcret
  3481   002D5A                     __end_of_ClearBuffer:
  3482                           	callstack 0
  3483                           
  3484 ;; *************** function _Lo_ISR *****************
  3485 ;; Defined at:
  3486 ;;		line 51 in file "main.c"
  3487 ;; Parameters:    Size  Location     Type
  3488 ;;		None
  3489 ;; Auto vars:     Size  Location     Type
  3490 ;;  limited_rang    4   43[BANK0 ] unsigned long 
  3491 ;;  v               2   47[BANK0 ] int 
  3492 ;; Return value:  Size  Location     Type
  3493 ;;                  1    wreg      void 
  3494 ;; Registers used:
  3495 ;;		wreg, status,2, status,0, cstack
  3496 ;; Tracked objects:
  3497 ;;		On entry : 0/0
  3498 ;;		On exit  : 0/0
  3499 ;;		Unchanged: 0/0
  3500 ;; Data sizes:     COMRAM   BANK0   BANK1   BANK2   BANK3   BANK4   BANK5
  3501 ;;      Params:         0       0       0       0       0       0       0
  3502 ;;      Locals:         0       6       0       0       0       0       0
  3503 ;;      Temps:          0       5       0       0       0       0       0
  3504 ;;      Totals:         0      11       0       0       0       0       0
  3505 ;;Total ram usage:       11 bytes
  3506 ;; Hardware stack levels used: 1
  3507 ;; Hardware stack levels required when called: 8
  3508 ;; This function calls:
  3509 ;;		_abs
  3510 ;;		i1___lldiv
  3511 ;;		i1___lmul
  3512 ;;		i1_set_servo_angle
  3513 ;; This function is called by:
  3514 ;;		Interrupt level 1
  3515 ;; This function uses a non-reentrant model
  3516 ;;
  3517                           
  3518                           	psect	intcodelo
  3519   000018                     __pintcodelo:
  3520                           	callstack 0
  3521   000018                     _Lo_ISR:
  3522                           	callstack 19
  3523                           
  3524                           ; BSR set to: 0
  3525                           ;incstack = 0
  3526   000018  8074               	bsf	int$flags,0,c	;set compiler interrupt flag (level 1)
  3527   00001A  CFD8 F0A8          	movff	status,??_Lo_ISR+2
  3528   00001E  CFE8 F0A9          	movff	wreg,??_Lo_ISR+3
  3529   000022  CFE0 F0AA          	movff	bsr,??_Lo_ISR+4
  3530   000026                     
  3531                           ;main.c: 54:     if (PIR1bits.TMR2IF)
  3532   000026  A29E               	btfss	158,1,c	;volatile
  3533   000028  EF18  F000         	goto	i1u463_21
  3534   00002C  EF1A  F000         	goto	i1u463_20
  3535   000030                     i1u463_21:
  3536   000030  EF1B  F000         	goto	i1l86
  3537   000034                     i1u463_20:
  3538   000034                     
  3539                           ;main.c: 55:     {;main.c: 56:         PIR1bits.TMR2IF = 0;
  3540   000034  929E               	bcf	158,1,c	;volatile
  3541   000036                     i1l86:
  3542                           
  3543                           ;main.c: 78:     if (PIR1bits.TMR1IF)
  3544   000036  A09E               	btfss	158,0,c	;volatile
  3545   000038  EF20  F000         	goto	i1u464_21
  3546   00003C  EF22  F000         	goto	i1u464_20
  3547   000040                     i1u464_21:
  3548   000040  EF35  F000         	goto	i1l3956
  3549   000044                     i1u464_20:
  3550   000044                     
  3551                           ;main.c: 79:     {;main.c: 80:         PIR1bits.TMR1IF = 0;
  3552   000044  909E               	bcf	158,0,c	;volatile
  3553   000046                     
  3554                           ;main.c: 81:         TMR0H = 0xFB;
  3555   000046  0EFB               	movlw	251
  3556   000048  6ED7               	movwf	215,c	;volatile
  3557                           
  3558                           ;main.c: 82:         TMR0L = 0x1E;
  3559   00004A  0E1E               	movlw	30
  3560   00004C  6ED6               	movwf	214,c	;volatile
  3561   00004E                     
  3562                           ;main.c: 84:         num = (num + 1) % 16;
  3563   00004E  0E01               	movlw	1
  3564   000050  0100               	movlb	0	; () banked
  3565   000052  25B5               	addwf	_num& (0+255),w,b
  3566   000054  6FA6               	movwf	??_Lo_ISR& (0+255),b
  3567   000056  0E00               	movlw	0
  3568   000058  21B6               	addwfc	(_num+1)& (0+255),w,b
  3569   00005A  6FA7               	movwf	(??_Lo_ISR+1)& (0+255),b
  3570   00005C  0E0F               	movlw	15
  3571   00005E  15A6               	andwf	??_Lo_ISR& (0+255),w,b
  3572   000060  6FB5               	movwf	_num& (0+255),b
  3573   000062  6BB6               	clrf	(_num+1)& (0+255),b
  3574   000064                     
  3575                           ; BSR set to: 0
  3576                           ;main.c: 85:         LATD = (num << 4);
  3577   000064  39B5               	swapf	_num& (0+255),w,b
  3578   000066  0BF0               	andlw	240
  3579   000068  6E8C               	movwf	140,c	;volatile
  3580   00006A                     i1l3956:
  3581                           
  3582                           ;main.c: 95:     if (INTCONbits.TMR0IF)
  3583   00006A  A4F2               	btfss	242,2,c	;volatile
  3584   00006C  EF3A  F000         	goto	i1u465_21
  3585   000070  EF3C  F000         	goto	i1u465_20
  3586   000074                     i1u465_21:
  3587   000074  EF3D  F000         	goto	i1l88
  3588   000078                     i1u465_20:
  3589   000078                     
  3590                           ;main.c: 96:     {;main.c: 97:         INTCONbits.TMR0IF = 0;
  3591   000078  94F2               	bcf	242,2,c	;volatile
  3592   00007A                     i1l88:
  3593                           
  3594                           ;main.c: 111:     if(PIR1bits.ADIF){
  3595   00007A  AC9E               	btfss	158,6,c	;volatile
  3596   00007C  EF42  F000         	goto	i1u466_21
  3597   000080  EF44  F000         	goto	i1u466_20
  3598   000084                     i1u466_21:
  3599   000084  EFD0  F000         	goto	i1l92
  3600   000088                     i1u466_20:
  3601   000088                     
  3602                           ;main.c: 112:         PIR1bits.ADIF = 0;
  3603   000088  9C9E               	bcf	158,6,c	;volatile
  3604   00008A                     
  3605                           ;main.c: 114:         int v = ((unsigned int)ADRESH << 8) | ADRESL;
  3606   00008A  50C4               	movf	196,w,c	;volatile
  3607   00008C  0100               	movlb	0	; () banked
  3608   00008E  6FA6               	movwf	??_Lo_ISR& (0+255),b
  3609   000090  50C3               	movf	195,w,c	;volatile
  3610   000092  6FAF               	movwf	Lo_ISR@v& (0+255),b
  3611   000094  C0A6  F0B0         	movff	??_Lo_ISR,Lo_ISR@v+1
  3612   000098                     
  3613                           ; BSR set to: 0
  3614                           ;main.c: 125:         if(state == 4 && abs(lastV - v) > 10){
  3615   000098  0E04               	movlw	4
  3616   00009A  19B7               	xorwf	_state& (0+255),w,b
  3617   00009C  11B8               	iorwf	(_state+1)& (0+255),w,b
  3618   00009E  A4D8               	btfss	status,2,c
  3619   0000A0  EF54  F000         	goto	i1u467_21
  3620   0000A4  EF56  F000         	goto	i1u467_20
  3621   0000A8                     i1u467_21:
  3622   0000A8  EFAE  F000         	goto	i1l90
  3623   0000AC                     i1u467_20:
  3624   0000AC                     
  3625                           ; BSR set to: 0
  3626   0000AC  51AF               	movf	Lo_ISR@v& (0+255),w,b
  3627   0000AE  5DB3               	subwf	_lastV& (0+255),w,b
  3628   0000B0  6F80               	movwf	abs@a& (0+255),b
  3629   0000B2  51B0               	movf	(Lo_ISR@v+1)& (0+255),w,b
  3630   0000B4  59B4               	subwfb	(_lastV+1)& (0+255),w,b
  3631   0000B6  6F81               	movwf	(abs@a+1)& (0+255),b
  3632   0000B8  ECE7  F016         	call	_abs	;wreg free
  3633   0000BC  0100               	movlb	0	; () banked
  3634   0000BE  BF81               	btfsc	(?_abs+1)& (0+255),7,b
  3635   0000C0  EF6B  F000         	goto	i1u468_21
  3636   0000C4  5181               	movf	(?_abs+1)& (0+255),w,b
  3637   0000C6  E109               	bnz	i1u468_20
  3638   0000C8  0E0B               	movlw	11
  3639   0000CA  5D80               	subwf	?_abs& (0+255),w,b
  3640   0000CC  A0D8               	btfss	status,0,c
  3641   0000CE  EF6B  F000         	goto	i1u468_21
  3642   0000D2  EF6D  F000         	goto	i1u468_20
  3643   0000D6                     i1u468_21:
  3644   0000D6  EFAE  F000         	goto	i1l90
  3645   0000DA                     i1u468_20:
  3646   0000DA                     
  3647                           ; BSR set to: 0
  3648                           ;main.c: 126:             unsigned long limited_range_angle = ( (unsigned long)v * 180UL
      +                           ) / 1023UL;
  3649   0000DA  C0AF  F080         	movff	Lo_ISR@v,i1___lmul@multiplier
  3650   0000DE  C0B0  F081         	movff	Lo_ISR@v+1,i1___lmul@multiplier+1
  3651   0000E2  0E00               	movlw	0
  3652   0000E4  BF81               	btfsc	(i1___lmul@multiplier+1)& (0+255),7,b
  3653   0000E6  0EFF               	movlw	-1
  3654   0000E8  6F82               	movwf	(i1___lmul@multiplier+2)& (0+255),b
  3655   0000EA  6F83               	movwf	(i1___lmul@multiplier+3)& (0+255),b
  3656   0000EC  0EB4               	movlw	180
  3657   0000EE  6F84               	movwf	i1___lmul@multiplicand& (0+255),b
  3658   0000F0  0E00               	movlw	0
  3659   0000F2  6F85               	movwf	(i1___lmul@multiplicand+1)& (0+255),b
  3660   0000F4  0E00               	movlw	0
  3661   0000F6  6F86               	movwf	(i1___lmul@multiplicand+2)& (0+255),b
  3662   0000F8  0E00               	movlw	0
  3663   0000FA  6F87               	movwf	(i1___lmul@multiplicand+3)& (0+255),b
  3664   0000FC  EC30  F015         	call	i1___lmul	;wreg free
  3665   000100  C080  F08C         	movff	?i1___lmul,i1___lldiv@dividend
  3666   000104  C081  F08D         	movff	?i1___lmul+1,i1___lldiv@dividend+1
  3667   000108  C082  F08E         	movff	?i1___lmul+2,i1___lldiv@dividend+2
  3668   00010C  C083  F08F         	movff	?i1___lmul+3,i1___lldiv@dividend+3
  3669   000110  0EFF               	movlw	255
  3670   000112  0100               	movlb	0	; () banked
  3671   000114  6F90               	movwf	i1___lldiv@divisor& (0+255),b
  3672   000116  0E03               	movlw	3
  3673   000118  6F91               	movwf	(i1___lldiv@divisor+1)& (0+255),b
  3674   00011A  0E00               	movlw	0
  3675   00011C  6F92               	movwf	(i1___lldiv@divisor+2)& (0+255),b
  3676   00011E  0E00               	movlw	0
  3677   000120  6F93               	movwf	(i1___lldiv@divisor+3)& (0+255),b
  3678   000122  EC25  F013         	call	i1___lldiv	;wreg free
  3679   000126  C08C  F0AB         	movff	?i1___lldiv,Lo_ISR@limited_range_angle
  3680   00012A  C08D  F0AC         	movff	?i1___lldiv+1,Lo_ISR@limited_range_angle+1
  3681   00012E  C08E  F0AD         	movff	?i1___lldiv+2,Lo_ISR@limited_range_angle+2
  3682   000132  C08F  F0AE         	movff	?i1___lldiv+3,Lo_ISR@limited_range_angle+3
  3683   000136                     
  3684                           ;main.c: 127:             angel = (int)limited_range_angle;
  3685   000136  C0AB  F0CD         	movff	Lo_ISR@limited_range_angle,_angel
  3686   00013A  C0AC  F0CE         	movff	Lo_ISR@limited_range_angle+1,_angel+1
  3687   00013E                     
  3688                           ;main.c: 128:             angel -= 90;
  3689   00013E  0100               	movlb	0	; () banked
  3690   000140  0EA6               	movlw	166
  3691   000142  27CD               	addwf	_angel& (0+255),f,b
  3692   000144  0EFF               	movlw	255
  3693   000146  23CE               	addwfc	(_angel+1)& (0+255),f,b
  3694   000148                     
  3695                           ; BSR set to: 0
  3696                           ;main.c: 129:             set_servo_angle(angel);
  3697   000148  C0CD  F0A0         	movff	_angel,i1set_servo_angle@angle
  3698   00014C  C0CE  F0A1         	movff	_angel+1,i1set_servo_angle@angle+1
  3699   000150  EC89  F014         	call	i1_set_servo_angle	;wreg free
  3700   000154                     
  3701                           ;main.c: 130:             lastV = v;
  3702   000154  C0AF  F0B3         	movff	Lo_ISR@v,_lastV
  3703   000158  C0B0  F0B4         	movff	Lo_ISR@v+1,_lastV+1
  3704   00015C                     i1l90:
  3705                           
  3706                           ;main.c: 136:         if(state != 4){
  3707   00015C  0E04               	movlw	4
  3708   00015E  0100               	movlb	0	; () banked
  3709   000160  19B7               	xorwf	_state& (0+255),w,b
  3710   000162  11B8               	iorwf	(_state+1)& (0+255),w,b
  3711   000164  B4D8               	btfsc	status,2,c
  3712   000166  EFB7  F000         	goto	i1u469_21
  3713   00016A  EFB9  F000         	goto	i1u469_20
  3714   00016E                     i1u469_21:
  3715   00016E  EFCF  F000         	goto	i1l3980
  3716   000172                     i1u469_20:
  3717   000172                     
  3718                           ; BSR set to: 0
  3719                           ;main.c: 138:             CCPR2L = (uint8_t)(v >> 2);
  3720   000172  C0AF  F0A6         	movff	Lo_ISR@v,??_Lo_ISR
  3721   000176  C0B0  F0A7         	movff	Lo_ISR@v+1,??_Lo_ISR+1
  3722   00017A  35A7               	rlcf	(??_Lo_ISR+1)& (0+255),w,b
  3723   00017C  33A7               	rrcf	(??_Lo_ISR+1)& (0+255),f,b
  3724   00017E  33A6               	rrcf	??_Lo_ISR& (0+255),f,b
  3725   000180  35A7               	rlcf	(??_Lo_ISR+1)& (0+255),w,b
  3726   000182  33A7               	rrcf	(??_Lo_ISR+1)& (0+255),f,b
  3727   000184  33A6               	rrcf	??_Lo_ISR& (0+255),f,b
  3728   000186  51A6               	movf	??_Lo_ISR& (0+255),w,b
  3729   000188  6EBB               	movwf	187,c	;volatile
  3730                           
  3731                           ;main.c: 139:             CCP2CONbits.DC2B = (uint8_t)(v & 0x03);
  3732   00018A  C0AF  F0A6         	movff	Lo_ISR@v,??_Lo_ISR
  3733   00018E  0E03               	movlw	3
  3734   000190  17A6               	andwf	??_Lo_ISR& (0+255),f,b
  3735   000192  3BA6               	swapf	??_Lo_ISR& (0+255),f,b
  3736   000194  50BA               	movf	186,w,c	;volatile
  3737   000196  19A6               	xorwf	??_Lo_ISR& (0+255),w,b
  3738   000198  0BCF               	andlw	-49
  3739   00019A  19A6               	xorwf	??_Lo_ISR& (0+255),w,b
  3740   00019C  6EBA               	movwf	186,c	;volatile
  3741   00019E                     i1l3980:
  3742                           
  3743                           ; BSR set to: 0
  3744                           ;main.c: 142:         ADCON0bits.GO = 1;
  3745   00019E  82C2               	bsf	194,1,c	;volatile
  3746   0001A0                     i1l92:
  3747   0001A0  C0AA  FFE0         	movff	??_Lo_ISR+4,bsr
  3748   0001A4  C0A9  FFE8         	movff	??_Lo_ISR+3,wreg
  3749   0001A8  C0A8  FFD8         	movff	??_Lo_ISR+2,status
  3750   0001AC  9074               	bcf	int$flags,0,c	;clear compiler interrupt flag (level 1)
  3751   0001AE  0010               	retfie	
  3752   0001B0                     __end_of_Lo_ISR:
  3753                           	callstack 0
  3754                           
  3755 ;; *************** function i1_set_servo_angle *****************
  3756 ;; Defined at:
  3757 ;;		line 91 in file "setting_hardaware/ccp1.c"
  3758 ;; Parameters:    Size  Location     Type
  3759 ;;  angle           2   32[BANK0 ] int 
  3760 ;; Auto vars:     Size  Location     Type
  3761 ;;  duty_val        2   36[BANK0 ] unsigned short 
  3762 ;;  angle_0_180     2   34[BANK0 ] int 
  3763 ;; Return value:  Size  Location     Type
  3764 ;;                  1    wreg      void 
  3765 ;; Registers used:
  3766 ;;		wreg, status,2, status,0, cstack
  3767 ;; Tracked objects:
  3768 ;;		On entry : 0/0
  3769 ;;		On exit  : 0/0
  3770 ;;		Unchanged: 0/0
  3771 ;; Data sizes:     COMRAM   BANK0   BANK1   BANK2   BANK3   BANK4   BANK5
  3772 ;;      Params:         0       2       0       0       0       0       0
  3773 ;;      Locals:         0       4       0       0       0       0       0
  3774 ;;      Temps:          0       0       0       0       0       0       0
  3775 ;;      Totals:         0       6       0       0       0       0       0
  3776 ;;Total ram usage:        6 bytes
  3777 ;; Hardware stack levels used: 1
  3778 ;; Hardware stack levels required when called: 7
  3779 ;; This function calls:
  3780 ;;		i1_AngleToDutyCycle
  3781 ;;		i1_SetCCP1DutyCycle
  3782 ;; This function is called by:
  3783 ;;		_Lo_ISR
  3784 ;; This function uses a non-reentrant model
  3785 ;;
  3786                           
  3787                           	psect	text23
  3788   002912                     __ptext23:
  3789                           	callstack 0
  3790   002912                     i1_set_servo_angle:
  3791                           	callstack 19
  3792   002912                     
  3793                           ;setting_hardaware/ccp1.c: 94:     if (angle < -90) angle = -90;
  3794   002912  0100               	movlb	0	; () banked
  3795   002914  AFA1               	btfss	(i1set_servo_angle@angle+1)& (0+255),7,b
  3796   002916  EF96  F014         	goto	i1u457_21
  3797   00291A  0EA6               	movlw	166
  3798   00291C  5DA0               	subwf	i1set_servo_angle@angle& (0+255),w,b
  3799   00291E  0EFF               	movlw	255
  3800   002920  59A1               	subwfb	(i1set_servo_angle@angle+1)& (0+255),w,b
  3801   002922  B0D8               	btfsc	status,0,c
  3802   002924  EF96  F014         	goto	i1u457_21
  3803   002928  EF98  F014         	goto	i1u457_20
  3804   00292C                     i1u457_21:
  3805   00292C  EF9C  F014         	goto	i1l3910
  3806   002930                     i1u457_20:
  3807   002930                     
  3808                           ; BSR set to: 0
  3809   002930  0EFF               	movlw	255
  3810   002932  6FA1               	movwf	(i1set_servo_angle@angle+1)& (0+255),b
  3811   002934  0EA6               	movlw	166
  3812   002936  6FA0               	movwf	i1set_servo_angle@angle& (0+255),b
  3813   002938                     i1l3910:
  3814                           
  3815                           ; BSR set to: 0
  3816                           ;setting_hardaware/ccp1.c: 95:     if (angle > 90) angle = 90;
  3817   002938  BFA1               	btfsc	(i1set_servo_angle@angle+1)& (0+255),7,b
  3818   00293A  EFA8  F014         	goto	i1u458_21
  3819   00293E  51A1               	movf	(i1set_servo_angle@angle+1)& (0+255),w,b
  3820   002940  E109               	bnz	i1u458_20
  3821   002942  0E5B               	movlw	91
  3822   002944  5DA0               	subwf	i1set_servo_angle@angle& (0+255),w,b
  3823   002946  A0D8               	btfss	status,0,c
  3824   002948  EFA8  F014         	goto	i1u458_21
  3825   00294C  EFAA  F014         	goto	i1u458_20
  3826   002950                     i1u458_21:
  3827   002950  EFAE  F014         	goto	i1l3914
  3828   002954                     i1u458_20:
  3829   002954                     
  3830                           ; BSR set to: 0
  3831   002954  0E00               	movlw	0
  3832   002956  6FA1               	movwf	(i1set_servo_angle@angle+1)& (0+255),b
  3833   002958  0E5A               	movlw	90
  3834   00295A  6FA0               	movwf	i1set_servo_angle@angle& (0+255),b
  3835   00295C                     i1l3914:
  3836                           
  3837                           ; BSR set to: 0
  3838                           ;setting_hardaware/ccp1.c: 98:     int angle_0_180 = angle + 90;
  3839   00295C  0E5A               	movlw	90
  3840   00295E  25A0               	addwf	i1set_servo_angle@angle& (0+255),w,b
  3841   002960  6FA2               	movwf	i1set_servo_angle@angle_0_180& (0+255),b
  3842   002962  0E00               	movlw	0
  3843   002964  21A1               	addwfc	(i1set_servo_angle@angle+1)& (0+255),w,b
  3844   002966  6FA3               	movwf	(i1set_servo_angle@angle_0_180+1)& (0+255),b
  3845   002968                     
  3846                           ; BSR set to: 0
  3847                           ;setting_hardaware/ccp1.c: 101:     uint16_t duty_val = AngleToDutyCycle((uint8_t)angle_
      +                          0_180);
  3848   002968  51A2               	movf	i1set_servo_angle@angle_0_180& (0+255),w,b
  3849   00296A  ECA9  F011         	call	i1_AngleToDutyCycle
  3850   00296E  C099  F0A4         	movff	?i1_AngleToDutyCycle,i1set_servo_angle@duty_val
  3851   002972  C09A  F0A5         	movff	?i1_AngleToDutyCycle+1,i1set_servo_angle@duty_val+1
  3852   002976                     
  3853                           ;setting_hardaware/ccp1.c: 104:     SetCCP1DutyCycle(duty_val);
  3854   002976  C0A4  F080         	movff	i1set_servo_angle@duty_val,i1SetCCP1DutyCycle@duty_value
  3855   00297A  C0A5  F081         	movff	i1set_servo_angle@duty_val+1,i1SetCCP1DutyCycle@duty_value+1
  3856   00297E  EC49  F016         	call	i1_SetCCP1DutyCycle	;wreg free
  3857   002982  0012               	return		;funcret
  3858   002984                     __end_ofi1_set_servo_angle:
  3859                           	callstack 0
  3860                           
  3861 ;; *************** function i1_SetCCP1DutyCycle *****************
  3862 ;; Defined at:
  3863 ;;		line 44 in file "setting_hardaware/ccp1.c"
  3864 ;; Parameters:    Size  Location     Type
  3865 ;;  duty_value      2    0[BANK0 ] unsigned short 
  3866 ;; Auto vars:     Size  Location     Type
  3867 ;;		None
  3868 ;; Return value:  Size  Location     Type
  3869 ;;                  1    wreg      void 
  3870 ;; Registers used:
  3871 ;;		wreg, status,2, status,0
  3872 ;; Tracked objects:
  3873 ;;		On entry : 0/0
  3874 ;;		On exit  : 0/0
  3875 ;;		Unchanged: 0/0
  3876 ;; Data sizes:     COMRAM   BANK0   BANK1   BANK2   BANK3   BANK4   BANK5
  3877 ;;      Params:         0       2       0       0       0       0       0
  3878 ;;      Locals:         0       0       0       0       0       0       0
  3879 ;;      Temps:          0       2       0       0       0       0       0
  3880 ;;      Totals:         0       4       0       0       0       0       0
  3881 ;;Total ram usage:        4 bytes
  3882 ;; Hardware stack levels used: 1
  3883 ;; Hardware stack levels required when called: 5
  3884 ;; This function calls:
  3885 ;;		Nothing
  3886 ;; This function is called by:
  3887 ;;		i1_set_servo_angle
  3888 ;; This function uses a non-reentrant model
  3889 ;;
  3890                           
  3891                           	psect	text24
  3892   002C92                     __ptext24:
  3893                           	callstack 0
  3894   002C92                     i1_SetCCP1DutyCycle:
  3895                           	callstack 20
  3896   002C92                     
  3897                           ;setting_hardaware/ccp1.c: 44: void SetCCP1DutyCycle(uint16_t duty_value);setting_hardaw
      +                          are/ccp1.c: 45: {;setting_hardaware/ccp1.c: 46:     if (duty_value > 1023) {
  3898   002C92  0E04               	movlw	4
  3899   002C94  0100               	movlb	0	; () banked
  3900   002C96  5D81               	subwf	(i1SetCCP1DutyCycle@duty_value+1)& (0+255),w,b
  3901   002C98  A0D8               	btfss	status,0,c
  3902   002C9A  EF51  F016         	goto	i1u434_21
  3903   002C9E  EF53  F016         	goto	i1u434_20
  3904   002CA2                     i1u434_21:
  3905   002CA2  EF56  F016         	goto	i1l3730
  3906   002CA6                     i1u434_20:
  3907   002CA6                     
  3908                           ; BSR set to: 0
  3909                           ;setting_hardaware/ccp1.c: 47:         duty_value = 1023;
  3910   002CA6  0E03               	movlw	3
  3911   002CA8  6F81               	movwf	(i1SetCCP1DutyCycle@duty_value+1)& (0+255),b
  3912   002CAA  6980               	setf	i1SetCCP1DutyCycle@duty_value& (0+255),b
  3913   002CAC                     i1l3730:
  3914                           
  3915                           ; BSR set to: 0
  3916                           ;setting_hardaware/ccp1.c: 51:     CCPR1L = (uint8_t)(duty_value >> 2);
  3917   002CAC  C080  F082         	movff	i1SetCCP1DutyCycle@duty_value,??i1_SetCCP1DutyCycle
  3918   002CB0  C081  F083         	movff	i1SetCCP1DutyCycle@duty_value+1,??i1_SetCCP1DutyCycle+1
  3919   002CB4  90D8               	bcf	status,0,c
  3920   002CB6  3383               	rrcf	(??i1_SetCCP1DutyCycle+1)& (0+255),f,b
  3921   002CB8  3382               	rrcf	??i1_SetCCP1DutyCycle& (0+255),f,b
  3922   002CBA  90D8               	bcf	status,0,c
  3923   002CBC  3383               	rrcf	(??i1_SetCCP1DutyCycle+1)& (0+255),f,b
  3924   002CBE  3382               	rrcf	??i1_SetCCP1DutyCycle& (0+255),f,b
  3925   002CC0  5182               	movf	??i1_SetCCP1DutyCycle& (0+255),w,b
  3926   002CC2  6EBE               	movwf	190,c	;volatile
  3927   002CC4                     
  3928                           ; BSR set to: 0
  3929                           ;setting_hardaware/ccp1.c: 54:     CCP1CON &= 0xCF;
  3930   002CC4  0ECF               	movlw	207
  3931   002CC6  16BD               	andwf	189,f,c	;volatile
  3932   002CC8                     
  3933                           ; BSR set to: 0
  3934                           ;setting_hardaware/ccp1.c: 55:     CCP1CON |= (uint8_t)((duty_value & 0x0003) << 4);
  3935   002CC8  C080  F082         	movff	i1SetCCP1DutyCycle@duty_value,??i1_SetCCP1DutyCycle
  3936   002CCC  0E03               	movlw	3
  3937   002CCE  1782               	andwf	??i1_SetCCP1DutyCycle& (0+255),f,b
  3938   002CD0  3982               	swapf	??i1_SetCCP1DutyCycle& (0+255),w,b
  3939   002CD2  0BF0               	andlw	240
  3940   002CD4  12BD               	iorwf	189,f,c	;volatile
  3941   002CD6                     
  3942                           ; BSR set to: 0
  3943   002CD6  0012               	return		;funcret
  3944   002CD8                     __end_ofi1_SetCCP1DutyCycle:
  3945                           	callstack 0
  3946                           
  3947 ;; *************** function i1_AngleToDutyCycle *****************
  3948 ;; Defined at:
  3949 ;;		line 65 in file "setting_hardaware/ccp1.c"
  3950 ;; Parameters:    Size  Location     Type
  3951 ;;  angle           1    wreg     unsigned char 
  3952 ;; Auto vars:     Size  Location     Type
  3953 ;;  angle           1   27[BANK0 ] unsigned char 
  3954 ;;  D_value         4   28[BANK0 ] unsigned long 
  3955 ;;  D_MAX           2    0        const unsigned short 
  3956 ;;  D_MIN           2    0        const unsigned short 
  3957 ;; Return value:  Size  Location     Type
  3958 ;;                  2   25[BANK0 ] unsigned short 
  3959 ;; Registers used:
  3960 ;;		wreg, status,2, status,0, cstack
  3961 ;; Tracked objects:
  3962 ;;		On entry : 0/0
  3963 ;;		On exit  : 0/0
  3964 ;;		Unchanged: 0/0
  3965 ;; Data sizes:     COMRAM   BANK0   BANK1   BANK2   BANK3   BANK4   BANK5
  3966 ;;      Params:         0       2       0       0       0       0       0
  3967 ;;      Locals:         0       5       0       0       0       0       0
  3968 ;;      Temps:          0       0       0       0       0       0       0
  3969 ;;      Totals:         0       7       0       0       0       0       0
  3970 ;;Total ram usage:        7 bytes
  3971 ;; Hardware stack levels used: 1
  3972 ;; Hardware stack levels required when called: 6
  3973 ;; This function calls:
  3974 ;;		i1___lldiv
  3975 ;;		i1___lmul
  3976 ;; This function is called by:
  3977 ;;		i1_set_servo_angle
  3978 ;; This function uses a non-reentrant model
  3979 ;;
  3980                           
  3981                           	psect	text25
  3982   002352                     __ptext25:
  3983                           	callstack 0
  3984   002352                     i1_AngleToDutyCycle:
  3985                           	callstack 19
  3986                           
  3987                           ; BSR set to: 0
  3988                           ;incstack = 0
  3989                           ;i1AngleToDutyCycle@angle stored from wreg
  3990   002352  0100               	movlb	0	; () banked
  3991   002354  6F9B               	movwf	i1AngleToDutyCycle@angle& (0+255),b
  3992   002356                     
  3993                           ;setting_hardaware/ccp1.c: 65: uint16_t AngleToDutyCycle(uint8_t angle);setting_hardawar
      +                          e/ccp1.c: 66: {;setting_hardaware/ccp1.c: 67:     if (angle > 180) {
  3994   002356  0EB4               	movlw	180
  3995   002358  0100               	movlb	0	; () banked
  3996   00235A  659B               	cpfsgt	i1AngleToDutyCycle@angle& (0+255),b
  3997   00235C  EFB2  F011         	goto	i1u435_21
  3998   002360  EFB4  F011         	goto	i1u435_20
  3999   002364                     i1u435_21:
  4000   002364  EFB6  F011         	goto	i1l3740
  4001   002368                     i1u435_20:
  4002   002368                     
  4003                           ; BSR set to: 0
  4004                           ;setting_hardaware/ccp1.c: 68:         angle = 180;
  4005   002368  0EB4               	movlw	180
  4006   00236A  6F9B               	movwf	i1AngleToDutyCycle@angle& (0+255),b
  4007   00236C                     i1l3740:
  4008                           
  4009                           ; BSR set to: 0
  4010                           ;setting_hardaware/ccp1.c: 79:     uint32_t D_value = 125UL + ( (uint32_t)angle * 25UL /
      +                           9UL );
  4011   00236C  519B               	movf	i1AngleToDutyCycle@angle& (0+255),w,b
  4012   00236E  6F80               	movwf	i1___lmul@multiplier& (0+255),b
  4013   002370  6B81               	clrf	(i1___lmul@multiplier+1)& (0+255),b
  4014   002372  6B82               	clrf	(i1___lmul@multiplier+2)& (0+255),b
  4015   002374  6B83               	clrf	(i1___lmul@multiplier+3)& (0+255),b
  4016   002376  0E19               	movlw	25
  4017   002378  6F84               	movwf	i1___lmul@multiplicand& (0+255),b
  4018   00237A  0E00               	movlw	0
  4019   00237C  6F85               	movwf	(i1___lmul@multiplicand+1)& (0+255),b
  4020   00237E  0E00               	movlw	0
  4021   002380  6F86               	movwf	(i1___lmul@multiplicand+2)& (0+255),b
  4022   002382  0E00               	movlw	0
  4023   002384  6F87               	movwf	(i1___lmul@multiplicand+3)& (0+255),b
  4024   002386  EC30  F015         	call	i1___lmul	;wreg free
  4025   00238A  C080  F08C         	movff	?i1___lmul,i1___lldiv@dividend
  4026   00238E  C081  F08D         	movff	?i1___lmul+1,i1___lldiv@dividend+1
  4027   002392  C082  F08E         	movff	?i1___lmul+2,i1___lldiv@dividend+2
  4028   002396  C083  F08F         	movff	?i1___lmul+3,i1___lldiv@dividend+3
  4029   00239A  0E09               	movlw	9
  4030   00239C  0100               	movlb	0	; () banked
  4031   00239E  6F90               	movwf	i1___lldiv@divisor& (0+255),b
  4032   0023A0  0E00               	movlw	0
  4033   0023A2  6F91               	movwf	(i1___lldiv@divisor+1)& (0+255),b
  4034   0023A4  0E00               	movlw	0
  4035   0023A6  6F92               	movwf	(i1___lldiv@divisor+2)& (0+255),b
  4036   0023A8  0E00               	movlw	0
  4037   0023AA  6F93               	movwf	(i1___lldiv@divisor+3)& (0+255),b
  4038   0023AC  EC25  F013         	call	i1___lldiv	;wreg free
  4039   0023B0  0E7D               	movlw	125
  4040   0023B2  0100               	movlb	0	; () banked
  4041   0023B4  258C               	addwf	?i1___lldiv& (0+255),w,b
  4042   0023B6  6F9C               	movwf	i1AngleToDutyCycle@D_value& (0+255),b
  4043   0023B8  0E00               	movlw	0
  4044   0023BA  218D               	addwfc	(?i1___lldiv+1)& (0+255),w,b
  4045   0023BC  6F9D               	movwf	(i1AngleToDutyCycle@D_value+1)& (0+255),b
  4046   0023BE  0E00               	movlw	0
  4047   0023C0  218E               	addwfc	(?i1___lldiv+2)& (0+255),w,b
  4048   0023C2  6F9E               	movwf	(i1AngleToDutyCycle@D_value+2)& (0+255),b
  4049   0023C4  0E00               	movlw	0
  4050   0023C6  218F               	addwfc	(?i1___lldiv+3)& (0+255),w,b
  4051   0023C8  6F9F               	movwf	(i1AngleToDutyCycle@D_value+3)& (0+255),b
  4052   0023CA                     
  4053                           ; BSR set to: 0
  4054                           ;setting_hardaware/ccp1.c: 85:     if (D_value > D_MAX) D_value = D_MAX;
  4055   0023CA  519F               	movf	(i1AngleToDutyCycle@D_value+3)& (0+255),w,b
  4056   0023CC  119E               	iorwf	(i1AngleToDutyCycle@D_value+2)& (0+255),w,b
  4057   0023CE  E10B               	bnz	i1u436_20
  4058   0023D0  0E72               	movlw	114
  4059   0023D2  5D9C               	subwf	i1AngleToDutyCycle@D_value& (0+255),w,b
  4060   0023D4  0E02               	movlw	2
  4061   0023D6  599D               	subwfb	(i1AngleToDutyCycle@D_value+1)& (0+255),w,b
  4062   0023D8  A0D8               	btfss	status,0,c
  4063   0023DA  EFF1  F011         	goto	i1u436_21
  4064   0023DE  EFF3  F011         	goto	i1u436_20
  4065   0023E2                     i1u436_21:
  4066   0023E2  EFFB  F011         	goto	i1l3750
  4067   0023E6                     i1u436_20:
  4068   0023E6                     
  4069                           ; BSR set to: 0
  4070   0023E6  0E71               	movlw	113
  4071   0023E8  6F9C               	movwf	i1AngleToDutyCycle@D_value& (0+255),b
  4072   0023EA  0E02               	movlw	2
  4073   0023EC  6F9D               	movwf	(i1AngleToDutyCycle@D_value+1)& (0+255),b
  4074   0023EE  0E00               	movlw	0
  4075   0023F0  6F9E               	movwf	(i1AngleToDutyCycle@D_value+2)& (0+255),b
  4076   0023F2  0E00               	movlw	0
  4077   0023F4  6F9F               	movwf	(i1AngleToDutyCycle@D_value+3)& (0+255),b
  4078   0023F6                     i1l3750:
  4079                           
  4080                           ; BSR set to: 0
  4081                           ;setting_hardaware/ccp1.c: 86:     if (D_value < D_MIN) D_value = D_MIN;
  4082   0023F6  519F               	movf	(i1AngleToDutyCycle@D_value+3)& (0+255),w,b
  4083   0023F8  119E               	iorwf	(i1AngleToDutyCycle@D_value+2)& (0+255),w,b
  4084   0023FA  119D               	iorwf	(i1AngleToDutyCycle@D_value+1)& (0+255),w,b
  4085   0023FC  E107               	bnz	i1u437_21
  4086   0023FE  0E7D               	movlw	125
  4087   002400  5D9C               	subwf	i1AngleToDutyCycle@D_value& (0+255),w,b
  4088   002402  B0D8               	btfsc	status,0,c
  4089   002404  EF06  F012         	goto	i1u437_21
  4090   002408  EF08  F012         	goto	i1u437_20
  4091   00240C                     i1u437_21:
  4092   00240C  EF10  F012         	goto	i1l3754
  4093   002410                     i1u437_20:
  4094   002410                     
  4095                           ; BSR set to: 0
  4096   002410  0E7D               	movlw	125
  4097   002412  6F9C               	movwf	i1AngleToDutyCycle@D_value& (0+255),b
  4098   002414  0E00               	movlw	0
  4099   002416  6F9D               	movwf	(i1AngleToDutyCycle@D_value+1)& (0+255),b
  4100   002418  0E00               	movlw	0
  4101   00241A  6F9E               	movwf	(i1AngleToDutyCycle@D_value+2)& (0+255),b
  4102   00241C  0E00               	movlw	0
  4103   00241E  6F9F               	movwf	(i1AngleToDutyCycle@D_value+3)& (0+255),b
  4104   002420                     i1l3754:
  4105                           
  4106                           ; BSR set to: 0
  4107                           ;setting_hardaware/ccp1.c: 88:     return (uint16_t)D_value;
  4108   002420  C09C  F099         	movff	i1AngleToDutyCycle@D_value,?i1_AngleToDutyCycle
  4109   002424  C09D  F09A         	movff	i1AngleToDutyCycle@D_value+1,?i1_AngleToDutyCycle+1
  4110   002428                     
  4111                           ; BSR set to: 0
  4112   002428  0012               	return		;funcret
  4113   00242A                     __end_ofi1_AngleToDutyCycle:
  4114                           	callstack 0
  4115                           
  4116 ;; *************** function i1___lmul *****************
  4117 ;; Defined at:
  4118 ;;		line 15 in file "C:\Program Files\Microchip\xc8\v3.00\pic\sources\c99\common\Umul32.c"
  4119 ;; Parameters:    Size  Location     Type
  4120 ;;  multiplier      4    0[BANK0 ] unsigned long 
  4121 ;;  multiplicand    4    4[BANK0 ] unsigned long 
  4122 ;; Auto vars:     Size  Location     Type
  4123 ;;  product         4    8[BANK0 ] unsigned long 
  4124 ;; Return value:  Size  Location     Type
  4125 ;;                  4    0[BANK0 ] unsigned long 
  4126 ;; Registers used:
  4127 ;;		wreg, status,2, status,0
  4128 ;; Tracked objects:
  4129 ;;		On entry : 0/0
  4130 ;;		On exit  : 0/0
  4131 ;;		Unchanged: 0/0
  4132 ;; Data sizes:     COMRAM   BANK0   BANK1   BANK2   BANK3   BANK4   BANK5
  4133 ;;      Params:         0       8       0       0       0       0       0
  4134 ;;      Locals:         0       4       0       0       0       0       0
  4135 ;;      Temps:          0       0       0       0       0       0       0
  4136 ;;      Totals:         0      12       0       0       0       0       0
  4137 ;;Total ram usage:       12 bytes
  4138 ;; Hardware stack levels used: 1
  4139 ;; Hardware stack levels required when called: 5
  4140 ;; This function calls:
  4141 ;;		Nothing
  4142 ;; This function is called by:
  4143 ;;		_Lo_ISR
  4144 ;;		i1_AngleToDutyCycle
  4145 ;; This function uses a non-reentrant model
  4146 ;;
  4147                           
  4148                           	psect	text26
  4149   002A60                     __ptext26:
  4150                           	callstack 0
  4151   002A60                     i1___lmul:
  4152                           	callstack 19
  4153   002A60  0E00               	movlw	0
  4154   002A62  0100               	movlb	0	; () banked
  4155   002A64  6F88               	movwf	i1___lmul@product& (0+255),b
  4156   002A66  0E00               	movlw	0
  4157   002A68  6F89               	movwf	(i1___lmul@product+1)& (0+255),b
  4158   002A6A  0E00               	movlw	0
  4159   002A6C  6F8A               	movwf	(i1___lmul@product+2)& (0+255),b
  4160   002A6E  0E00               	movlw	0
  4161   002A70  6F8B               	movwf	(i1___lmul@product+3)& (0+255),b
  4162   002A72                     i1l3126:
  4163                           
  4164                           ; BSR set to: 0
  4165   002A72  A180               	btfss	i1___lmul@multiplier& (0+255),0,b
  4166   002A74  EF3E  F015         	goto	i1u321_21
  4167   002A78  EF40  F015         	goto	i1u321_20
  4168   002A7C                     i1u321_21:
  4169   002A7C  EF48  F015         	goto	i1l3130
  4170   002A80                     i1u321_20:
  4171   002A80                     
  4172                           ; BSR set to: 0
  4173   002A80  5184               	movf	i1___lmul@multiplicand& (0+255),w,b
  4174   002A82  2788               	addwf	i1___lmul@product& (0+255),f,b
  4175   002A84  5185               	movf	(i1___lmul@multiplicand+1)& (0+255),w,b
  4176   002A86  2389               	addwfc	(i1___lmul@product+1)& (0+255),f,b
  4177   002A88  5186               	movf	(i1___lmul@multiplicand+2)& (0+255),w,b
  4178   002A8A  238A               	addwfc	(i1___lmul@product+2)& (0+255),f,b
  4179   002A8C  5187               	movf	(i1___lmul@multiplicand+3)& (0+255),w,b
  4180   002A8E  238B               	addwfc	(i1___lmul@product+3)& (0+255),f,b
  4181   002A90                     i1l3130:
  4182                           
  4183                           ; BSR set to: 0
  4184   002A90  90D8               	bcf	status,0,c
  4185   002A92  3784               	rlcf	i1___lmul@multiplicand& (0+255),f,b
  4186   002A94  3785               	rlcf	(i1___lmul@multiplicand+1)& (0+255),f,b
  4187   002A96  3786               	rlcf	(i1___lmul@multiplicand+2)& (0+255),f,b
  4188   002A98  3787               	rlcf	(i1___lmul@multiplicand+3)& (0+255),f,b
  4189   002A9A                     
  4190                           ; BSR set to: 0
  4191   002A9A  90D8               	bcf	status,0,c
  4192   002A9C  3383               	rrcf	(i1___lmul@multiplier+3)& (0+255),f,b
  4193   002A9E  3382               	rrcf	(i1___lmul@multiplier+2)& (0+255),f,b
  4194   002AA0  3381               	rrcf	(i1___lmul@multiplier+1)& (0+255),f,b
  4195   002AA2  3380               	rrcf	i1___lmul@multiplier& (0+255),f,b
  4196   002AA4  5180               	movf	i1___lmul@multiplier& (0+255),w,b
  4197   002AA6  1181               	iorwf	(i1___lmul@multiplier+1)& (0+255),w,b
  4198   002AA8  1182               	iorwf	(i1___lmul@multiplier+2)& (0+255),w,b
  4199   002AAA  1183               	iorwf	(i1___lmul@multiplier+3)& (0+255),w,b
  4200   002AAC  A4D8               	btfss	status,2,c
  4201   002AAE  EF5B  F015         	goto	i1u322_21
  4202   002AB2  EF5D  F015         	goto	i1u322_20
  4203   002AB6                     i1u322_21:
  4204   002AB6  EF39  F015         	goto	i1l3126
  4205   002ABA                     i1u322_20:
  4206   002ABA                     
  4207                           ; BSR set to: 0
  4208   002ABA  C088  F080         	movff	i1___lmul@product,?i1___lmul
  4209   002ABE  C089  F081         	movff	i1___lmul@product+1,?i1___lmul+1
  4210   002AC2  C08A  F082         	movff	i1___lmul@product+2,?i1___lmul+2
  4211   002AC6  C08B  F083         	movff	i1___lmul@product+3,?i1___lmul+3
  4212   002ACA                     
  4213                           ; BSR set to: 0
  4214   002ACA  0012               	return		;funcret
  4215   002ACC                     __end_ofi1___lmul:
  4216                           	callstack 0
  4217                           
  4218 ;; *************** function i1___lldiv *****************
  4219 ;; Defined at:
  4220 ;;		line 7 in file "C:\Program Files\Microchip\xc8\v3.00\pic\sources\c99\common\__lldiv.c"
  4221 ;; Parameters:    Size  Location     Type
  4222 ;;  dividend        4   12[BANK0 ] unsigned long 
  4223 ;;  divisor         4   16[BANK0 ] unsigned long 
  4224 ;; Auto vars:     Size  Location     Type
  4225 ;;  quotient        4   20[BANK0 ] unsigned long 
  4226 ;;  counter         1   24[BANK0 ] unsigned char 
  4227 ;; Return value:  Size  Location     Type
  4228 ;;                  4   12[BANK0 ] unsigned long 
  4229 ;; Registers used:
  4230 ;;		wreg, status,2, status,0
  4231 ;; Tracked objects:
  4232 ;;		On entry : 0/0
  4233 ;;		On exit  : 0/0
  4234 ;;		Unchanged: 0/0
  4235 ;; Data sizes:     COMRAM   BANK0   BANK1   BANK2   BANK3   BANK4   BANK5
  4236 ;;      Params:         0       8       0       0       0       0       0
  4237 ;;      Locals:         0       5       0       0       0       0       0
  4238 ;;      Temps:          0       0       0       0       0       0       0
  4239 ;;      Totals:         0      13       0       0       0       0       0
  4240 ;;Total ram usage:       13 bytes
  4241 ;; Hardware stack levels used: 1
  4242 ;; Hardware stack levels required when called: 5
  4243 ;; This function calls:
  4244 ;;		Nothing
  4245 ;; This function is called by:
  4246 ;;		_Lo_ISR
  4247 ;;		i1_AngleToDutyCycle
  4248 ;; This function uses a non-reentrant model
  4249 ;;
  4250                           
  4251                           	psect	text27
  4252   00264A                     __ptext27:
  4253                           	callstack 0
  4254   00264A                     i1___lldiv:
  4255                           	callstack 19
  4256   00264A  0E00               	movlw	0
  4257   00264C  0100               	movlb	0	; () banked
  4258   00264E  6F94               	movwf	i1___lldiv@quotient& (0+255),b
  4259   002650  0E00               	movlw	0
  4260   002652  6F95               	movwf	(i1___lldiv@quotient+1)& (0+255),b
  4261   002654  0E00               	movlw	0
  4262   002656  6F96               	movwf	(i1___lldiv@quotient+2)& (0+255),b
  4263   002658  0E00               	movlw	0
  4264   00265A  6F97               	movwf	(i1___lldiv@quotient+3)& (0+255),b
  4265   00265C                     
  4266                           ; BSR set to: 0
  4267   00265C  5190               	movf	i1___lldiv@divisor& (0+255),w,b
  4268   00265E  1191               	iorwf	(i1___lldiv@divisor+1)& (0+255),w,b
  4269   002660  1192               	iorwf	(i1___lldiv@divisor+2)& (0+255),w,b
  4270   002662  1193               	iorwf	(i1___lldiv@divisor+3)& (0+255),w,b
  4271   002664  B4D8               	btfsc	status,2,c
  4272   002666  EF37  F013         	goto	i1u323_21
  4273   00266A  EF39  F013         	goto	i1u323_20
  4274   00266E                     i1u323_21:
  4275   00266E  EF6F  F013         	goto	i1l367
  4276   002672                     i1u323_20:
  4277   002672                     
  4278                           ; BSR set to: 0
  4279   002672  0E01               	movlw	1
  4280   002674  6F98               	movwf	i1___lldiv@counter& (0+255),b
  4281   002676  EF43  F013         	goto	i1l3142
  4282   00267A                     i1l3140:
  4283                           
  4284                           ; BSR set to: 0
  4285   00267A  90D8               	bcf	status,0,c
  4286   00267C  3790               	rlcf	i1___lldiv@divisor& (0+255),f,b
  4287   00267E  3791               	rlcf	(i1___lldiv@divisor+1)& (0+255),f,b
  4288   002680  3792               	rlcf	(i1___lldiv@divisor+2)& (0+255),f,b
  4289   002682  3793               	rlcf	(i1___lldiv@divisor+3)& (0+255),f,b
  4290   002684  2B98               	incf	i1___lldiv@counter& (0+255),f,b
  4291   002686                     i1l3142:
  4292                           
  4293                           ; BSR set to: 0
  4294   002686  AF93               	btfss	(i1___lldiv@divisor+3)& (0+255),7,b
  4295   002688  EF48  F013         	goto	i1u324_21
  4296   00268C  EF4A  F013         	goto	i1u324_20
  4297   002690                     i1u324_21:
  4298   002690  EF3D  F013         	goto	i1l3140
  4299   002694                     i1u324_20:
  4300   002694                     i1l3144:
  4301                           
  4302                           ; BSR set to: 0
  4303   002694  90D8               	bcf	status,0,c
  4304   002696  3794               	rlcf	i1___lldiv@quotient& (0+255),f,b
  4305   002698  3795               	rlcf	(i1___lldiv@quotient+1)& (0+255),f,b
  4306   00269A  3796               	rlcf	(i1___lldiv@quotient+2)& (0+255),f,b
  4307   00269C  3797               	rlcf	(i1___lldiv@quotient+3)& (0+255),f,b
  4308   00269E                     
  4309                           ; BSR set to: 0
  4310   00269E  5190               	movf	i1___lldiv@divisor& (0+255),w,b
  4311   0026A0  5D8C               	subwf	i1___lldiv@dividend& (0+255),w,b
  4312   0026A2  5191               	movf	(i1___lldiv@divisor+1)& (0+255),w,b
  4313   0026A4  598D               	subwfb	(i1___lldiv@dividend+1)& (0+255),w,b
  4314   0026A6  5192               	movf	(i1___lldiv@divisor+2)& (0+255),w,b
  4315   0026A8  598E               	subwfb	(i1___lldiv@dividend+2)& (0+255),w,b
  4316   0026AA  5193               	movf	(i1___lldiv@divisor+3)& (0+255),w,b
  4317   0026AC  598F               	subwfb	(i1___lldiv@dividend+3)& (0+255),w,b
  4318   0026AE  A0D8               	btfss	status,0,c
  4319   0026B0  EF5C  F013         	goto	i1u325_21
  4320   0026B4  EF5E  F013         	goto	i1u325_20
  4321   0026B8                     i1u325_21:
  4322   0026B8  EF67  F013         	goto	i1l3152
  4323   0026BC                     i1u325_20:
  4324   0026BC                     
  4325                           ; BSR set to: 0
  4326   0026BC  5190               	movf	i1___lldiv@divisor& (0+255),w,b
  4327   0026BE  5F8C               	subwf	i1___lldiv@dividend& (0+255),f,b
  4328   0026C0  5191               	movf	(i1___lldiv@divisor+1)& (0+255),w,b
  4329   0026C2  5B8D               	subwfb	(i1___lldiv@dividend+1)& (0+255),f,b
  4330   0026C4  5192               	movf	(i1___lldiv@divisor+2)& (0+255),w,b
  4331   0026C6  5B8E               	subwfb	(i1___lldiv@dividend+2)& (0+255),f,b
  4332   0026C8  5193               	movf	(i1___lldiv@divisor+3)& (0+255),w,b
  4333   0026CA  5B8F               	subwfb	(i1___lldiv@dividend+3)& (0+255),f,b
  4334   0026CC                     
  4335                           ; BSR set to: 0
  4336   0026CC  8194               	bsf	i1___lldiv@quotient& (0+255),0,b
  4337   0026CE                     i1l3152:
  4338                           
  4339                           ; BSR set to: 0
  4340   0026CE  90D8               	bcf	status,0,c
  4341   0026D0  3393               	rrcf	(i1___lldiv@divisor+3)& (0+255),f,b
  4342   0026D2  3392               	rrcf	(i1___lldiv@divisor+2)& (0+255),f,b
  4343   0026D4  3391               	rrcf	(i1___lldiv@divisor+1)& (0+255),f,b
  4344   0026D6  3390               	rrcf	i1___lldiv@divisor& (0+255),f,b
  4345   0026D8                     
  4346                           ; BSR set to: 0
  4347   0026D8  2F98               	decfsz	i1___lldiv@counter& (0+255),f,b
  4348   0026DA  EF4A  F013         	goto	i1l3144
  4349   0026DE                     i1l367:
  4350                           
  4351                           ; BSR set to: 0
  4352   0026DE  C094  F08C         	movff	i1___lldiv@quotient,?i1___lldiv
  4353   0026E2  C095  F08D         	movff	i1___lldiv@quotient+1,?i1___lldiv+1
  4354   0026E6  C096  F08E         	movff	i1___lldiv@quotient+2,?i1___lldiv+2
  4355   0026EA  C097  F08F         	movff	i1___lldiv@quotient+3,?i1___lldiv+3
  4356   0026EE                     
  4357                           ; BSR set to: 0
  4358   0026EE  0012               	return		;funcret
  4359   0026F0                     __end_ofi1___lldiv:
  4360                           	callstack 0
  4361                           
  4362 ;; *************** function _abs *****************
  4363 ;; Defined at:
  4364 ;;		line 1 in file "C:\Program Files\Microchip\xc8\v3.00\pic\sources\c99\common\abs.c"
  4365 ;; Parameters:    Size  Location     Type
  4366 ;;  a               2    0[BANK0 ] int 
  4367 ;; Auto vars:     Size  Location     Type
  4368 ;;		None
  4369 ;; Return value:  Size  Location     Type
  4370 ;;                  2    0[BANK0 ] int 
  4371 ;; Registers used:
  4372 ;;		wreg, status,2, status,0
  4373 ;; Tracked objects:
  4374 ;;		On entry : 0/0
  4375 ;;		On exit  : 0/0
  4376 ;;		Unchanged: 0/0
  4377 ;; Data sizes:     COMRAM   BANK0   BANK1   BANK2   BANK3   BANK4   BANK5
  4378 ;;      Params:         0       2       0       0       0       0       0
  4379 ;;      Locals:         0       0       0       0       0       0       0
  4380 ;;      Temps:          0       2       0       0       0       0       0
  4381 ;;      Totals:         0       4       0       0       0       0       0
  4382 ;;Total ram usage:        4 bytes
  4383 ;; Hardware stack levels used: 1
  4384 ;; Hardware stack levels required when called: 5
  4385 ;; This function calls:
  4386 ;;		Nothing
  4387 ;; This function is called by:
  4388 ;;		_Lo_ISR
  4389 ;; This function uses a non-reentrant model
  4390 ;;
  4391                           
  4392                           	psect	text28
  4393   002DCE                     __ptext28:
  4394                           	callstack 0
  4395   002DCE                     _abs:
  4396                           	callstack 21
  4397   002DCE  0100               	movlb	0	; () banked
  4398   002DD0  BF81               	btfsc	(abs@a+1)& (0+255),7,b
  4399   002DD2  EFED  F016         	goto	i1u445_21
  4400   002DD6  EFEF  F016         	goto	i1u445_20
  4401   002DDA                     i1u445_21:
  4402   002DDA  EFF5  F016         	goto	i1l1015
  4403   002DDE                     i1u445_20:
  4404   002DDE                     
  4405                           ; BSR set to: 0
  4406   002DDE  C080  F080         	movff	abs@a,?_abs
  4407   002DE2  C081  F081         	movff	abs@a+1,?_abs+1
  4408   002DE6  EF01  F017         	goto	i1l1018
  4409   002DEA                     i1l1015:
  4410                           
  4411                           ; BSR set to: 0
  4412   002DEA  C080  F082         	movff	abs@a,??_abs
  4413   002DEE  C081  F083         	movff	abs@a+1,??_abs+1
  4414   002DF2  1F82               	comf	??_abs& (0+255),f,b
  4415   002DF4  1F83               	comf	(??_abs+1)& (0+255),f,b
  4416   002DF6  4B82               	infsnz	??_abs& (0+255),f,b
  4417   002DF8  2B83               	incf	(??_abs+1)& (0+255),f,b
  4418   002DFA  C082  F080         	movff	??_abs,?_abs
  4419   002DFE  C083  F081         	movff	??_abs+1,?_abs+1
  4420   002E02                     i1l1018:
  4421                           
  4422                           ; BSR set to: 0
  4423   002E02  0012               	return		;funcret
  4424   002E04                     __end_of_abs:
  4425                           	callstack 0
  4426                           
  4427 ;; *************** function _Hi_ISR *****************
  4428 ;; Defined at:
  4429 ;;		line 148 in file "main.c"
  4430 ;; Parameters:    Size  Location     Type
  4431 ;;		None
  4432 ;; Auto vars:     Size  Location     Type
  4433 ;;		None
  4434 ;; Return value:  Size  Location     Type
  4435 ;;                  1    wreg      void 
  4436 ;; Registers used:
  4437 ;;		wreg, fsr2l, fsr2h, status,2, status,0, tblptrl, tblptrh, tblptru, prodl, prodh, cstack
  4438 ;; Tracked objects:
  4439 ;;		On entry : 0/0
  4440 ;;		On exit  : 0/0
  4441 ;;		Unchanged: 0/0
  4442 ;; Data sizes:     COMRAM   BANK0   BANK1   BANK2   BANK3   BANK4   BANK5
  4443 ;;      Params:         0       0       0       0       0       0       0
  4444 ;;      Locals:         0       0       0       0       0       0       0
  4445 ;;      Temps:          8       0       0       0       0       0       0
  4446 ;;      Totals:         8       0       0       0       0       0       0
  4447 ;;Total ram usage:        8 bytes
  4448 ;; Hardware stack levels used: 1
  4449 ;; Hardware stack levels required when called: 4
  4450 ;; This function calls:
  4451 ;;		_MyusartRead
  4452 ;; This function is called by:
  4453 ;;		Interrupt level 2
  4454 ;; This function uses a non-reentrant model
  4455 ;;
  4456                           
  4457                           	psect	intcode
  4458   000008                     __pintcode:
  4459                           	callstack 0
  4460   000008                     _Hi_ISR:
  4461                           	callstack 19
  4462                           
  4463                           ; BSR set to: 0
  4464                           ;incstack = 0
  4465   000008  8274               	bsf	int$flags,1,c	;set compiler interrupt flag (level 2)
  4466   00000A  ED0F  F014         	call	int_func,f	;refresh shadow registers
  4467                           
  4468                           	psect	intcode_body
  4469   00281E                     __pintcode_body:
  4470                           	callstack 19
  4471   00281E                     int_func:
  4472                           	callstack 19
  4473   00281E  0006               	pop		; remove dummy address from shadow register refresh
  4474   002820  CFD9 F042          	movff	fsr2l,??_Hi_ISR
  4475   002824  CFDA F043          	movff	fsr2h,??_Hi_ISR+1
  4476   002828  CFF3 F044          	movff	prodl,??_Hi_ISR+2
  4477   00282C  CFF4 F045          	movff	prodh,??_Hi_ISR+3
  4478   002830  CFF6 F046          	movff	tblptrl,??_Hi_ISR+4
  4479   002834  CFF7 F047          	movff	tblptrh,??_Hi_ISR+5
  4480   002838  CFF8 F048          	movff	tblptru,??_Hi_ISR+6
  4481   00283C  CFF5 F049          	movff	tablat,??_Hi_ISR+7
  4482   002840                     
  4483                           ;main.c: 151:     if (INTCONbits.INT0IF)
  4484   002840  A2F2               	btfss	242,1,c	;volatile
  4485   002842  EF25  F014         	goto	i2u470_41
  4486   002846  EF27  F014         	goto	i2u470_40
  4487   00284A                     i2u470_41:
  4488   00284A  EF28  F014         	goto	i2l97
  4489   00284E                     i2u470_40:
  4490   00284E                     
  4491                           ;main.c: 152:     {;main.c: 153:         INTCONbits.INT0IF = 0;
  4492   00284E  92F2               	bcf	242,1,c	;volatile
  4493   002850                     i2l97:
  4494                           
  4495                           ;main.c: 190:     if(PIR1bits.RCIF)
  4496   002850  AA9E               	btfss	158,5,c	;volatile
  4497   002852  EF2D  F014         	goto	i2u471_41
  4498   002856  EF2F  F014         	goto	i2u471_40
  4499   00285A                     i2u471_41:
  4500   00285A  EF3E  F014         	goto	i2l100
  4501   00285E                     i2u471_40:
  4502   00285E                     
  4503                           ;main.c: 191:     {;main.c: 192:         PIR1bits.RCIF = 0;
  4504   00285E  9A9E               	bcf	158,5,c	;volatile
  4505                           
  4506                           ;main.c: 194:         if(RCSTAbits.OERR)
  4507   002860  A2AB               	btfss	171,1,c	;volatile
  4508   002862  EF35  F014         	goto	i2u472_41
  4509   002866  EF37  F014         	goto	i2u472_40
  4510   00286A                     i2u472_41:
  4511   00286A  EF3A  F014         	goto	i2l3992
  4512   00286E                     i2u472_40:
  4513   00286E                     
  4514                           ;main.c: 195:         {;main.c: 196:             CREN = 0;
  4515   00286E  98AB               	bcf	4011,4,c	;volatile
  4516                           
  4517                           ;main.c: 197:             __nop();
  4518   002870  0000               	nop	
  4519                           
  4520                           ;main.c: 198:             CREN = 1;
  4521   002872  88AB               	bsf	4011,4,c	;volatile
  4522   002874                     i2l3992:
  4523                           
  4524                           ;main.c: 200:         LATD = 1 << 4;
  4525   002874  0E10               	movlw	16
  4526   002876  6E8C               	movwf	140,c	;volatile
  4527   002878                     
  4528                           ;main.c: 201:         MyusartRead();
  4529   002878  EC61  F00F         	call	_MyusartRead	;wreg free
  4530   00287C                     i2l100:
  4531   00287C  C049  FFF5         	movff	??_Hi_ISR+7,tablat
  4532   002880  C048  FFF8         	movff	??_Hi_ISR+6,tblptru
  4533   002884  C047  FFF7         	movff	??_Hi_ISR+5,tblptrh
  4534   002888  C046  FFF6         	movff	??_Hi_ISR+4,tblptrl
  4535   00288C  C045  FFF4         	movff	??_Hi_ISR+3,prodh
  4536   002890  C044  FFF3         	movff	??_Hi_ISR+2,prodl
  4537   002894  C043  FFDA         	movff	??_Hi_ISR+1,fsr2h
  4538   002898  C042  FFD9         	movff	??_Hi_ISR,fsr2l
  4539   00289C  9274               	bcf	int$flags,1,c	;clear compiler interrupt flag (level 2)
  4540   00289E  0011               	retfie		f
  4541   0028A0                     __end_of_Hi_ISR:
  4542                           	callstack 0
  4543                           
  4544 ;; *************** function _MyusartRead *****************
  4545 ;; Defined at:
  4546 ;;		line 103 in file "setting_hardaware/uart.c"
  4547 ;; Parameters:    Size  Location     Type
  4548 ;;		None
  4549 ;; Auto vars:     Size  Location     Type
  4550 ;;  num             2   62[COMRAM] int 
  4551 ;;  len             2   60[COMRAM] int 
  4552 ;;  c               1   64[COMRAM] unsigned char 
  4553 ;; Return value:  Size  Location     Type
  4554 ;;                  1    wreg      void 
  4555 ;; Registers used:
  4556 ;;		wreg, fsr2l, fsr2h, status,2, status,0, tblptrl, tblptrh, tblptru, prodl, prodh, cstack
  4557 ;; Tracked objects:
  4558 ;;		On entry : 0/0
  4559 ;;		On exit  : 0/0
  4560 ;;		Unchanged: 0/0
  4561 ;; Data sizes:     COMRAM   BANK0   BANK1   BANK2   BANK3   BANK4   BANK5
  4562 ;;      Params:         0       0       0       0       0       0       0
  4563 ;;      Locals:         5       0       0       0       0       0       0
  4564 ;;      Temps:          0       0       0       0       0       0       0
  4565 ;;      Totals:         5       0       0       0       0       0       0
  4566 ;;Total ram usage:        5 bytes
  4567 ;; Hardware stack levels used: 1
  4568 ;; Hardware stack levels required when called: 3
  4569 ;; This function calls:
  4570 ;;		_UART_Write
  4571 ;;		___fltol
  4572 ;;		_strcmp
  4573 ;;		_strlen
  4574 ;;		_strtof
  4575 ;;		i2_ClearBuffer
  4576 ;;		i2_set_servo_angle
  4577 ;; This function is called by:
  4578 ;;		_Hi_ISR
  4579 ;; This function uses a non-reentrant model
  4580 ;;
  4581                           
  4582                           	psect	text30
  4583   001EC2                     __ptext30:
  4584                           	callstack 0
  4585   001EC2                     _MyusartRead:
  4586                           	callstack 19
  4587   001EC2                     
  4588                           ;setting_hardaware/uart.c: 105:     char c = RCREG;
  4589   001EC2  CFAE F041          	movff	4014,MyusartRead@c	;volatile
  4590   001EC6                     
  4591                           ;setting_hardaware/uart.c: 106:     UART_Write(c);
  4592   001EC6  5041               	movf	MyusartRead@c^0,w,c
  4593   001EC8  ECE2  F017         	call	_UART_Write
  4594   001ECC                     
  4595                           ;setting_hardaware/uart.c: 108:     if (c == '\r') {
  4596   001ECC  0E0D               	movlw	13
  4597   001ECE  1841               	xorwf	MyusartRead@c^0,w,c
  4598   001ED0  A4D8               	btfss	status,2,c
  4599   001ED2  EF6D  F00F         	goto	i2u446_41
  4600   001ED6  EF6F  F00F         	goto	i2u446_40
  4601   001EDA                     i2u446_41:
  4602   001EDA  EF0C  F010         	goto	i2l3890
  4603   001EDE                     i2u446_40:
  4604   001EDE                     
  4605                           ;setting_hardaware/uart.c: 109:         UART_Write('\n');
  4606   001EDE  0E0A               	movlw	10
  4607   001EE0  ECE2  F017         	call	_UART_Write
  4608   001EE4                     
  4609                           ;setting_hardaware/uart.c: 111:         int len = strlen(mystring);
  4610   001EE4  0E56               	movlw	low _mystring
  4611   001EE6  6E01               	movwf	strlen@s^0,c
  4612   001EE8  EC32  F017         	call	_strlen	;wreg free
  4613   001EEC  C001  F03D         	movff	?_strlen,MyusartRead@len
  4614   001EF0  C002  F03E         	movff	?_strlen+1,MyusartRead@len+1
  4615   001EF4                     
  4616                           ;setting_hardaware/uart.c: 117:         if(state == 0){
  4617   001EF4  0100               	movlb	0	; () banked
  4618   001EF6  51B7               	movf	_state& (0+255),w,b
  4619   001EF8  11B8               	iorwf	(_state+1)& (0+255),w,b
  4620   001EFA  A4D8               	btfss	status,2,c
  4621   001EFC  EF82  F00F         	goto	i2u447_41
  4622   001F00  EF84  F00F         	goto	i2u447_40
  4623   001F04                     i2u447_41:
  4624   001F04  EFAE  F00F         	goto	i2l3870
  4625   001F08                     i2u447_40:
  4626   001F08                     
  4627                           ; BSR set to: 0
  4628                           ;setting_hardaware/uart.c: 118:             if(strcmp(mystring,"motor") == 0) state = 4;
  4629   001F08  0E56               	movlw	low _mystring
  4630   001F0A  6E01               	movwf	strcmp@l^0,c
  4631   001F0C  0E2B               	movlw	low STR_1
  4632   001F0E  6E02               	movwf	strcmp@r^0,c
  4633   001F10  ECCC  F015         	call	_strcmp	;wreg free
  4634   001F14  5001               	movf	?_strcmp^0,w,c
  4635   001F16  1002               	iorwf	(?_strcmp+1)^0,w,c
  4636   001F18  A4D8               	btfss	status,2,c
  4637   001F1A  EF91  F00F         	goto	i2u448_41
  4638   001F1E  EF93  F00F         	goto	i2u448_40
  4639   001F22                     i2u448_41:
  4640   001F22  EF9A  F00F         	goto	i2l3866
  4641   001F26                     i2u448_40:
  4642   001F26  0E00               	movlw	0
  4643   001F28  0100               	movlb	0	; () banked
  4644   001F2A  6FB8               	movwf	(_state+1)& (0+255),b
  4645   001F2C  0E04               	movlw	4
  4646   001F2E  6FB7               	movwf	_state& (0+255),b
  4647   001F30  EFAE  F00F         	goto	i2l3870
  4648   001F34                     i2l3866:
  4649   001F34  0E56               	movlw	low _mystring
  4650   001F36  6E01               	movwf	strcmp@l^0,c
  4651   001F38  0E24               	movlw	low STR_2
  4652   001F3A  6E02               	movwf	strcmp@r^0,c
  4653   001F3C  ECCC  F015         	call	_strcmp	;wreg free
  4654   001F40  5001               	movf	?_strcmp^0,w,c
  4655   001F42  1002               	iorwf	(?_strcmp+1)^0,w,c
  4656   001F44  A4D8               	btfss	status,2,c
  4657   001F46  EFA7  F00F         	goto	i2u449_41
  4658   001F4A  EFA9  F00F         	goto	i2u449_40
  4659   001F4E                     i2u449_41:
  4660   001F4E  EFAE  F00F         	goto	i2l3870
  4661   001F52                     i2u449_40:
  4662   001F52  0E00               	movlw	0
  4663   001F54  0100               	movlb	0	; () banked
  4664   001F56  6FB8               	movwf	(_state+1)& (0+255),b
  4665   001F58  0E05               	movlw	5
  4666   001F5A  6FB7               	movwf	_state& (0+255),b
  4667   001F5C                     i2l3870:
  4668                           
  4669                           ;setting_hardaware/uart.c: 121:         if(state == 4 || state == 5){
  4670   001F5C  0E04               	movlw	4
  4671   001F5E  0100               	movlb	0	; () banked
  4672   001F60  19B7               	xorwf	_state& (0+255),w,b
  4673   001F62  11B8               	iorwf	(_state+1)& (0+255),w,b
  4674   001F64  B4D8               	btfsc	status,2,c
  4675   001F66  EFB7  F00F         	goto	i2u450_41
  4676   001F6A  EFB9  F00F         	goto	i2u450_40
  4677   001F6E                     i2u450_41:
  4678   001F6E  EFC3  F00F         	goto	i2l3874
  4679   001F72                     i2u450_40:
  4680   001F72                     
  4681                           ; BSR set to: 0
  4682   001F72  0E05               	movlw	5
  4683   001F74  19B7               	xorwf	_state& (0+255),w,b
  4684   001F76  11B8               	iorwf	(_state+1)& (0+255),w,b
  4685   001F78  A4D8               	btfss	status,2,c
  4686   001F7A  EFC1  F00F         	goto	i2u451_41
  4687   001F7E  EFC3  F00F         	goto	i2u451_40
  4688   001F82                     i2u451_41:
  4689   001F82  EFDE  F00F         	goto	i2l3880
  4690   001F86                     i2u451_40:
  4691   001F86                     i2l3874:
  4692                           
  4693                           ; BSR set to: 0
  4694                           ;setting_hardaware/uart.c: 122:             if(mystring[0] == 'e' && len < 3) state = 0;
  4695   001F86  0E65               	movlw	101
  4696   001F88  1856               	xorwf	_mystring^0,w,c
  4697   001F8A  A4D8               	btfss	status,2,c
  4698   001F8C  EFCA  F00F         	goto	i2u452_41
  4699   001F90  EFCC  F00F         	goto	i2u452_40
  4700   001F94                     i2u452_41:
  4701   001F94  EFDE  F00F         	goto	i2l3880
  4702   001F98                     i2u452_40:
  4703   001F98                     
  4704                           ; BSR set to: 0
  4705   001F98  BE3E               	btfsc	(MyusartRead@len+1)^0,7,c
  4706   001F9A  EFDA  F00F         	goto	i2u453_40
  4707   001F9E  503E               	movf	(MyusartRead@len+1)^0,w,c
  4708   001FA0  E107               	bnz	i2u453_41
  4709   001FA2  0E03               	movlw	3
  4710   001FA4  5C3D               	subwf	MyusartRead@len^0,w,c
  4711   001FA6  B0D8               	btfsc	status,0,c
  4712   001FA8  EFD8  F00F         	goto	i2u453_41
  4713   001FAC  EFDA  F00F         	goto	i2u453_40
  4714   001FB0                     i2u453_41:
  4715   001FB0  EFDE  F00F         	goto	i2l3880
  4716   001FB4                     i2u453_40:
  4717   001FB4                     
  4718                           ; BSR set to: 0
  4719   001FB4  0E00               	movlw	0
  4720   001FB6  6FB8               	movwf	(_state+1)& (0+255),b
  4721   001FB8  0E00               	movlw	0
  4722   001FBA  6FB7               	movwf	_state& (0+255),b
  4723   001FBC                     i2l3880:
  4724                           
  4725                           ; BSR set to: 0
  4726                           ;setting_hardaware/uart.c: 124:         if(state == 5){
  4727   001FBC  0E05               	movlw	5
  4728   001FBE  19B7               	xorwf	_state& (0+255),w,b
  4729   001FC0  11B8               	iorwf	(_state+1)& (0+255),w,b
  4730   001FC2  A4D8               	btfss	status,2,c
  4731   001FC4  EFE6  F00F         	goto	i2u454_41
  4732   001FC8  EFE8  F00F         	goto	i2u454_40
  4733   001FCC                     i2u454_41:
  4734   001FCC  EF08  F010         	goto	i2l3888
  4735   001FD0                     i2u454_40:
  4736   001FD0                     
  4737                           ; BSR set to: 0
  4738                           ;setting_hardaware/uart.c: 125:             int num = strtof(mystring,0);
  4739   001FD0  0E00               	movlw	0
  4740   001FD2  6E1B               	movwf	strtof@res^0,c
  4741   001FD4  0E00               	movlw	0
  4742   001FD6  6E1C               	movwf	(strtof@res+1)^0,c
  4743   001FD8  0E56               	movlw	low _mystring
  4744   001FDA  6E1A               	movwf	strtof@s^0,c
  4745   001FDC  EC1F  F003         	call	_strtof	;wreg free
  4746   001FE0  C01A  F033         	movff	?_strtof,___fltol@f1
  4747   001FE4  C01B  F034         	movff	?_strtof+1,___fltol@f1+1
  4748   001FE8  C01C  F035         	movff	?_strtof+2,___fltol@f1+2
  4749   001FEC  C01D  F036         	movff	?_strtof+3,___fltol@f1+3
  4750   001FF0  EC38  F010         	call	___fltol	;wreg free
  4751   001FF4  C033  F03F         	movff	?___fltol,MyusartRead@num
  4752   001FF8  C034  F040         	movff	?___fltol+1,MyusartRead@num+1
  4753   001FFC                     
  4754                           ;setting_hardaware/uart.c: 126:             angel = num;
  4755   001FFC  C03F  F0CD         	movff	MyusartRead@num,_angel
  4756   002000  C040  F0CE         	movff	MyusartRead@num+1,_angel+1
  4757   002004                     
  4758                           ;setting_hardaware/uart.c: 127:             set_servo_angle(angel);
  4759   002004  C0CD  F021         	movff	_angel,i2set_servo_angle@angle
  4760   002008  C0CE  F022         	movff	_angel+1,i2set_servo_angle@angle+1
  4761   00200C  ECC2  F014         	call	i2_set_servo_angle	;wreg free
  4762   002010                     i2l3888:
  4763                           
  4764                           ;setting_hardaware/uart.c: 129:         ClearBuffer();
  4765   002010  ECAD  F016         	call	i2_ClearBuffer	;wreg free
  4766                           
  4767                           ;setting_hardaware/uart.c: 130:     }
  4768   002014  EF37  F010         	goto	i2l334
  4769   002018                     i2l3890:
  4770   002018  0E7F               	movlw	127
  4771   00201A  1841               	xorwf	MyusartRead@c^0,w,c
  4772   00201C  A4D8               	btfss	status,2,c
  4773   00201E  EF13  F010         	goto	i2u455_41
  4774   002022  EF15  F010         	goto	i2u455_40
  4775   002026                     i2u455_41:
  4776   002026  EF1F  F010         	goto	i2l3896
  4777   00202A                     i2u455_40:
  4778   00202A                     
  4779                           ;setting_hardaware/uart.c: 132:         lenStr --;
  4780   00202A  064C               	decf	_lenStr^0,f,c
  4781   00202C  A0D8               	btfss	status,0,c
  4782   00202E  064D               	decf	(_lenStr+1)^0,f,c
  4783   002030                     i2l3894:
  4784                           
  4785                           ;setting_hardaware/uart.c: 133:         mystring[lenStr] = '\0';
  4786   002030  504C               	movf	_lenStr^0,w,c
  4787   002032  0F56               	addlw	low _mystring
  4788   002034  6ED9               	movwf	fsr2l,c
  4789   002036  6ADA               	clrf	fsr2h,c
  4790   002038  6ADF               	clrf	indf2,c
  4791                           
  4792                           ;setting_hardaware/uart.c: 134:     }
  4793   00203A  EF37  F010         	goto	i2l334
  4794   00203E                     i2l3896:
  4795   00203E  BE4D               	btfsc	(_lenStr+1)^0,7,c
  4796   002040  EF2D  F010         	goto	i2u456_40
  4797   002044  504D               	movf	(_lenStr+1)^0,w,c
  4798   002046  E107               	bnz	i2u456_41
  4799   002048  0E12               	movlw	18
  4800   00204A  5C4C               	subwf	_lenStr^0,w,c
  4801   00204C  B0D8               	btfsc	status,0,c
  4802   00204E  EF2B  F010         	goto	i2u456_41
  4803   002052  EF2D  F010         	goto	i2u456_40
  4804   002056                     i2u456_41:
  4805   002056  EF37  F010         	goto	i2l330
  4806   00205A                     i2u456_40:
  4807   00205A                     
  4808                           ;setting_hardaware/uart.c: 137:         mystring[lenStr++] = c;
  4809   00205A  504C               	movf	_lenStr^0,w,c
  4810   00205C  0F56               	addlw	low _mystring
  4811   00205E  6ED9               	movwf	fsr2l,c
  4812   002060  6ADA               	clrf	fsr2h,c
  4813   002062  C041  FFDF         	movff	MyusartRead@c,indf2
  4814   002066  4A4C               	infsnz	_lenStr^0,f,c
  4815   002068  2A4D               	incf	(_lenStr+1)^0,f,c
  4816   00206A  EF18  F010         	goto	i2l3894
  4817   00206E                     i2l330:
  4818   00206E                     i2l334:
  4819   00206E  0012               	return		;funcret
  4820   002070                     __end_of_MyusartRead:
  4821                           	callstack 0
  4822                           
  4823 ;; *************** function i2_set_servo_angle *****************
  4824 ;; Defined at:
  4825 ;;		line 91 in file "setting_hardaware/ccp1.c"
  4826 ;; Parameters:    Size  Location     Type
  4827 ;;  angle           2   32[COMRAM] int 
  4828 ;; Auto vars:     Size  Location     Type
  4829 ;;  duty_val        2   36[COMRAM] unsigned short 
  4830 ;;  angle_0_180     2   34[COMRAM] int 
  4831 ;; Return value:  Size  Location     Type
  4832 ;;                  1    wreg      void 
  4833 ;; Registers used:
  4834 ;;		wreg, status,2, status,0, cstack
  4835 ;; Tracked objects:
  4836 ;;		On entry : 0/0
  4837 ;;		On exit  : 0/0
  4838 ;;		Unchanged: 0/0
  4839 ;; Data sizes:     COMRAM   BANK0   BANK1   BANK2   BANK3   BANK4   BANK5
  4840 ;;      Params:         2       0       0       0       0       0       0
  4841 ;;      Locals:         4       0       0       0       0       0       0
  4842 ;;      Temps:          0       0       0       0       0       0       0
  4843 ;;      Totals:         6       0       0       0       0       0       0
  4844 ;;Total ram usage:        6 bytes
  4845 ;; Hardware stack levels used: 1
  4846 ;; Hardware stack levels required when called: 2
  4847 ;; This function calls:
  4848 ;;		i2_AngleToDutyCycle
  4849 ;;		i2_SetCCP1DutyCycle
  4850 ;; This function is called by:
  4851 ;;		_MyusartRead
  4852 ;; This function uses a non-reentrant model
  4853 ;;
  4854                           
  4855                           	psect	text31
  4856   002984                     __ptext31:
  4857                           	callstack 0
  4858   002984                     i2_set_servo_angle:
  4859                           	callstack 19
  4860   002984                     
  4861                           ;setting_hardaware/ccp1.c: 94:     if (angle < -90) angle = -90;
  4862   002984  AE22               	btfss	(i2set_servo_angle@angle+1)^0,7,c
  4863   002986  EFCE  F014         	goto	i2u438_41
  4864   00298A  0EA6               	movlw	166
  4865   00298C  5C21               	subwf	i2set_servo_angle@angle^0,w,c
  4866   00298E  0EFF               	movlw	255
  4867   002990  5822               	subwfb	(i2set_servo_angle@angle+1)^0,w,c
  4868   002992  B0D8               	btfsc	status,0,c
  4869   002994  EFCE  F014         	goto	i2u438_41
  4870   002998  EFD0  F014         	goto	i2u438_40
  4871   00299C                     i2u438_41:
  4872   00299C  EFD4  F014         	goto	i2l3762
  4873   0029A0                     i2u438_40:
  4874   0029A0  0EFF               	movlw	255
  4875   0029A2  6E22               	movwf	(i2set_servo_angle@angle+1)^0,c
  4876   0029A4  0EA6               	movlw	166
  4877   0029A6  6E21               	movwf	i2set_servo_angle@angle^0,c
  4878   0029A8                     i2l3762:
  4879                           
  4880                           ;setting_hardaware/ccp1.c: 95:     if (angle > 90) angle = 90;
  4881   0029A8  BE22               	btfsc	(i2set_servo_angle@angle+1)^0,7,c
  4882   0029AA  EFE0  F014         	goto	i2u439_41
  4883   0029AE  5022               	movf	(i2set_servo_angle@angle+1)^0,w,c
  4884   0029B0  E109               	bnz	i2u439_40
  4885   0029B2  0E5B               	movlw	91
  4886   0029B4  5C21               	subwf	i2set_servo_angle@angle^0,w,c
  4887   0029B6  A0D8               	btfss	status,0,c
  4888   0029B8  EFE0  F014         	goto	i2u439_41
  4889   0029BC  EFE2  F014         	goto	i2u439_40
  4890   0029C0                     i2u439_41:
  4891   0029C0  EFE6  F014         	goto	i2l3766
  4892   0029C4                     i2u439_40:
  4893   0029C4  0E00               	movlw	0
  4894   0029C6  6E22               	movwf	(i2set_servo_angle@angle+1)^0,c
  4895   0029C8  0E5A               	movlw	90
  4896   0029CA  6E21               	movwf	i2set_servo_angle@angle^0,c
  4897   0029CC                     i2l3766:
  4898                           
  4899                           ;setting_hardaware/ccp1.c: 98:     int angle_0_180 = angle + 90;
  4900   0029CC  0E5A               	movlw	90
  4901   0029CE  2421               	addwf	i2set_servo_angle@angle^0,w,c
  4902   0029D0  6E23               	movwf	i2set_servo_angle@angle_0_180^0,c
  4903   0029D2  0E00               	movlw	0
  4904   0029D4  2022               	addwfc	(i2set_servo_angle@angle+1)^0,w,c
  4905   0029D6  6E24               	movwf	(i2set_servo_angle@angle_0_180+1)^0,c
  4906   0029D8                     
  4907                           ;setting_hardaware/ccp1.c: 101:     uint16_t duty_val = AngleToDutyCycle((uint8_t)angle_
      +                          0_180);
  4908   0029D8  5023               	movf	i2set_servo_angle@angle_0_180^0,w,c
  4909   0029DA  EC15  F012         	call	i2_AngleToDutyCycle
  4910   0029DE  C01A  F025         	movff	?i2_AngleToDutyCycle,i2set_servo_angle@duty_val
  4911   0029E2  C01B  F026         	movff	?i2_AngleToDutyCycle+1,i2set_servo_angle@duty_val+1
  4912   0029E6                     
  4913                           ;setting_hardaware/ccp1.c: 104:     SetCCP1DutyCycle(duty_val);
  4914   0029E6  C025  F001         	movff	i2set_servo_angle@duty_val,i2SetCCP1DutyCycle@duty_value
  4915   0029EA  C026  F002         	movff	i2set_servo_angle@duty_val+1,i2SetCCP1DutyCycle@duty_value+1
  4916   0029EE  EC6C  F016         	call	i2_SetCCP1DutyCycle	;wreg free
  4917   0029F2  0012               	return		;funcret
  4918   0029F4                     __end_ofi2_set_servo_angle:
  4919                           	callstack 0
  4920                           
  4921 ;; *************** function i2_SetCCP1DutyCycle *****************
  4922 ;; Defined at:
  4923 ;;		line 44 in file "setting_hardaware/ccp1.c"
  4924 ;; Parameters:    Size  Location     Type
  4925 ;;  duty_value      2    0[COMRAM] unsigned short 
  4926 ;; Auto vars:     Size  Location     Type
  4927 ;;		None
  4928 ;; Return value:  Size  Location     Type
  4929 ;;                  1    wreg      void 
  4930 ;; Registers used:
  4931 ;;		wreg, status,2, status,0
  4932 ;; Tracked objects:
  4933 ;;		On entry : 0/0
  4934 ;;		On exit  : 0/0
  4935 ;;		Unchanged: 0/0
  4936 ;; Data sizes:     COMRAM   BANK0   BANK1   BANK2   BANK3   BANK4   BANK5
  4937 ;;      Params:         2       0       0       0       0       0       0
  4938 ;;      Locals:         0       0       0       0       0       0       0
  4939 ;;      Temps:          2       0       0       0       0       0       0
  4940 ;;      Totals:         4       0       0       0       0       0       0
  4941 ;;Total ram usage:        4 bytes
  4942 ;; Hardware stack levels used: 1
  4943 ;; This function calls:
  4944 ;;		Nothing
  4945 ;; This function is called by:
  4946 ;;		i2_set_servo_angle
  4947 ;; This function uses a non-reentrant model
  4948 ;;
  4949                           
  4950                           	psect	text32
  4951   002CD8                     __ptext32:
  4952                           	callstack 0
  4953   002CD8                     i2_SetCCP1DutyCycle:
  4954                           	callstack 20
  4955   002CD8                     
  4956                           ;setting_hardaware/ccp1.c: 44: void SetCCP1DutyCycle(uint16_t duty_value);setting_hardaw
      +                          are/ccp1.c: 45: {;setting_hardaware/ccp1.c: 46:     if (duty_value > 1023) {
  4957   002CD8  0E04               	movlw	4
  4958   002CDA  5C02               	subwf	(i2SetCCP1DutyCycle@duty_value+1)^0,w,c
  4959   002CDC  A0D8               	btfss	status,0,c
  4960   002CDE  EF73  F016         	goto	i2u317_41
  4961   002CE2  EF75  F016         	goto	i2u317_40
  4962   002CE6                     i2u317_41:
  4963   002CE6  EF78  F016         	goto	i2l3096
  4964   002CEA                     i2u317_40:
  4965   002CEA                     
  4966                           ;setting_hardaware/ccp1.c: 47:         duty_value = 1023;
  4967   002CEA  0E03               	movlw	3
  4968   002CEC  6E02               	movwf	(i2SetCCP1DutyCycle@duty_value+1)^0,c
  4969   002CEE  6801               	setf	i2SetCCP1DutyCycle@duty_value^0,c
  4970   002CF0                     i2l3096:
  4971                           
  4972                           ;setting_hardaware/ccp1.c: 51:     CCPR1L = (uint8_t)(duty_value >> 2);
  4973   002CF0  C001  F003         	movff	i2SetCCP1DutyCycle@duty_value,??i2_SetCCP1DutyCycle
  4974   002CF4  C002  F004         	movff	i2SetCCP1DutyCycle@duty_value+1,??i2_SetCCP1DutyCycle+1
  4975   002CF8  90D8               	bcf	status,0,c
  4976   002CFA  3204               	rrcf	(??i2_SetCCP1DutyCycle+1)^0,f,c
  4977   002CFC  3203               	rrcf	??i2_SetCCP1DutyCycle^0,f,c
  4978   002CFE  90D8               	bcf	status,0,c
  4979   002D00  3204               	rrcf	(??i2_SetCCP1DutyCycle+1)^0,f,c
  4980   002D02  3203               	rrcf	??i2_SetCCP1DutyCycle^0,f,c
  4981   002D04  5003               	movf	??i2_SetCCP1DutyCycle^0,w,c
  4982   002D06  6EBE               	movwf	190,c	;volatile
  4983   002D08                     
  4984                           ;setting_hardaware/ccp1.c: 54:     CCP1CON &= 0xCF;
  4985   002D08  0ECF               	movlw	207
  4986   002D0A  16BD               	andwf	189,f,c	;volatile
  4987   002D0C                     
  4988                           ;setting_hardaware/ccp1.c: 55:     CCP1CON |= (uint8_t)((duty_value & 0x0003) << 4);
  4989   002D0C  C001  F003         	movff	i2SetCCP1DutyCycle@duty_value,??i2_SetCCP1DutyCycle
  4990   002D10  0E03               	movlw	3
  4991   002D12  1603               	andwf	??i2_SetCCP1DutyCycle^0,f,c
  4992   002D14  3803               	swapf	??i2_SetCCP1DutyCycle^0,w,c
  4993   002D16  0BF0               	andlw	240
  4994   002D18  12BD               	iorwf	189,f,c	;volatile
  4995   002D1A  0012               	return		;funcret
  4996   002D1C                     __end_ofi2_SetCCP1DutyCycle:
  4997                           	callstack 0
  4998                           
  4999 ;; *************** function i2_AngleToDutyCycle *****************
  5000 ;; Defined at:
  5001 ;;		line 65 in file "setting_hardaware/ccp1.c"
  5002 ;; Parameters:    Size  Location     Type
  5003 ;;  angle           1    wreg     unsigned char 
  5004 ;; Auto vars:     Size  Location     Type
  5005 ;;  angle           1   27[COMRAM] unsigned char 
  5006 ;;  D_value         4   28[COMRAM] unsigned long 
  5007 ;;  D_MAX           2    0        const unsigned short 
  5008 ;;  D_MIN           2    0        const unsigned short 
  5009 ;; Return value:  Size  Location     Type
  5010 ;;                  2   25[COMRAM] unsigned short 
  5011 ;; Registers used:
  5012 ;;		wreg, status,2, status,0, cstack
  5013 ;; Tracked objects:
  5014 ;;		On entry : 0/0
  5015 ;;		On exit  : 0/0
  5016 ;;		Unchanged: 0/0
  5017 ;; Data sizes:     COMRAM   BANK0   BANK1   BANK2   BANK3   BANK4   BANK5
  5018 ;;      Params:         2       0       0       0       0       0       0
  5019 ;;      Locals:         5       0       0       0       0       0       0
  5020 ;;      Temps:          0       0       0       0       0       0       0
  5021 ;;      Totals:         7       0       0       0       0       0       0
  5022 ;;Total ram usage:        7 bytes
  5023 ;; Hardware stack levels used: 1
  5024 ;; Hardware stack levels required when called: 1
  5025 ;; This function calls:
  5026 ;;		i2___lldiv
  5027 ;;		i2___lmul
  5028 ;; This function is called by:
  5029 ;;		i2_set_servo_angle
  5030 ;; This function uses a non-reentrant model
  5031 ;;
  5032                           
  5033                           	psect	text33
  5034   00242A                     __ptext33:
  5035                           	callstack 0
  5036   00242A                     i2_AngleToDutyCycle:
  5037                           	callstack 19
  5038                           
  5039                           ;incstack = 0
  5040                           ;i2AngleToDutyCycle@angle stored from wreg
  5041   00242A  6E1C               	movwf	i2AngleToDutyCycle@angle^0,c
  5042   00242C                     
  5043                           ;setting_hardaware/ccp1.c: 65: uint16_t AngleToDutyCycle(uint8_t angle);setting_hardawar
      +                          e/ccp1.c: 66: {;setting_hardaware/ccp1.c: 67:     if (angle > 180) {
  5044   00242C  0EB4               	movlw	180
  5045   00242E  641C               	cpfsgt	i2AngleToDutyCycle@angle^0,c
  5046   002430  EF1C  F012         	goto	i2u318_41
  5047   002434  EF1E  F012         	goto	i2u318_40
  5048   002438                     i2u318_41:
  5049   002438  EF20  F012         	goto	i2l3106
  5050   00243C                     i2u318_40:
  5051   00243C                     
  5052                           ;setting_hardaware/ccp1.c: 68:         angle = 180;
  5053   00243C  0EB4               	movlw	180
  5054   00243E  6E1C               	movwf	i2AngleToDutyCycle@angle^0,c
  5055   002440                     i2l3106:
  5056                           
  5057                           ;setting_hardaware/ccp1.c: 79:     uint32_t D_value = 125UL + ( (uint32_t)angle * 25UL /
      +                           9UL );
  5058   002440  501C               	movf	i2AngleToDutyCycle@angle^0,w,c
  5059   002442  6E01               	movwf	i2___lmul@multiplier^0,c
  5060   002444  6A02               	clrf	(i2___lmul@multiplier+1)^0,c
  5061   002446  6A03               	clrf	(i2___lmul@multiplier+2)^0,c
  5062   002448  6A04               	clrf	(i2___lmul@multiplier+3)^0,c
  5063   00244A  0E19               	movlw	25
  5064   00244C  6E05               	movwf	i2___lmul@multiplicand^0,c
  5065   00244E  0E00               	movlw	0
  5066   002450  6E06               	movwf	(i2___lmul@multiplicand+1)^0,c
  5067   002452  0E00               	movlw	0
  5068   002454  6E07               	movwf	(i2___lmul@multiplicand+2)^0,c
  5069   002456  0E00               	movlw	0
  5070   002458  6E08               	movwf	(i2___lmul@multiplicand+3)^0,c
  5071   00245A  EC66  F015         	call	i2___lmul	;wreg free
  5072   00245E  C001  F00D         	movff	?i2___lmul,i2___lldiv@dividend
  5073   002462  C002  F00E         	movff	?i2___lmul+1,i2___lldiv@dividend+1
  5074   002466  C003  F00F         	movff	?i2___lmul+2,i2___lldiv@dividend+2
  5075   00246A  C004  F010         	movff	?i2___lmul+3,i2___lldiv@dividend+3
  5076   00246E  0E09               	movlw	9
  5077   002470  6E11               	movwf	i2___lldiv@divisor^0,c
  5078   002472  0E00               	movlw	0
  5079   002474  6E12               	movwf	(i2___lldiv@divisor+1)^0,c
  5080   002476  0E00               	movlw	0
  5081   002478  6E13               	movwf	(i2___lldiv@divisor+2)^0,c
  5082   00247A  0E00               	movlw	0
  5083   00247C  6E14               	movwf	(i2___lldiv@divisor+3)^0,c
  5084   00247E  EC78  F013         	call	i2___lldiv	;wreg free
  5085   002482  0E7D               	movlw	125
  5086   002484  240D               	addwf	?i2___lldiv^0,w,c
  5087   002486  6E1D               	movwf	i2AngleToDutyCycle@D_value^0,c
  5088   002488  0E00               	movlw	0
  5089   00248A  200E               	addwfc	(?i2___lldiv+1)^0,w,c
  5090   00248C  6E1E               	movwf	(i2AngleToDutyCycle@D_value+1)^0,c
  5091   00248E  0E00               	movlw	0
  5092   002490  200F               	addwfc	(?i2___lldiv+2)^0,w,c
  5093   002492  6E1F               	movwf	(i2AngleToDutyCycle@D_value+2)^0,c
  5094   002494  0E00               	movlw	0
  5095   002496  2010               	addwfc	(?i2___lldiv+3)^0,w,c
  5096   002498  6E20               	movwf	(i2AngleToDutyCycle@D_value+3)^0,c
  5097   00249A                     
  5098                           ;setting_hardaware/ccp1.c: 85:     if (D_value > D_MAX) D_value = D_MAX;
  5099   00249A  5020               	movf	(i2AngleToDutyCycle@D_value+3)^0,w,c
  5100   00249C  101F               	iorwf	(i2AngleToDutyCycle@D_value+2)^0,w,c
  5101   00249E  E10B               	bnz	i2u319_40
  5102   0024A0  0E72               	movlw	114
  5103   0024A2  5C1D               	subwf	i2AngleToDutyCycle@D_value^0,w,c
  5104   0024A4  0E02               	movlw	2
  5105   0024A6  581E               	subwfb	(i2AngleToDutyCycle@D_value+1)^0,w,c
  5106   0024A8  A0D8               	btfss	status,0,c
  5107   0024AA  EF59  F012         	goto	i2u319_41
  5108   0024AE  EF5B  F012         	goto	i2u319_40
  5109   0024B2                     i2u319_41:
  5110   0024B2  EF63  F012         	goto	i2l3116
  5111   0024B6                     i2u319_40:
  5112   0024B6  0E71               	movlw	113
  5113   0024B8  6E1D               	movwf	i2AngleToDutyCycle@D_value^0,c
  5114   0024BA  0E02               	movlw	2
  5115   0024BC  6E1E               	movwf	(i2AngleToDutyCycle@D_value+1)^0,c
  5116   0024BE  0E00               	movlw	0
  5117   0024C0  6E1F               	movwf	(i2AngleToDutyCycle@D_value+2)^0,c
  5118   0024C2  0E00               	movlw	0
  5119   0024C4  6E20               	movwf	(i2AngleToDutyCycle@D_value+3)^0,c
  5120   0024C6                     i2l3116:
  5121                           
  5122                           ;setting_hardaware/ccp1.c: 86:     if (D_value < D_MIN) D_value = D_MIN;
  5123   0024C6  5020               	movf	(i2AngleToDutyCycle@D_value+3)^0,w,c
  5124   0024C8  101F               	iorwf	(i2AngleToDutyCycle@D_value+2)^0,w,c
  5125   0024CA  101E               	iorwf	(i2AngleToDutyCycle@D_value+1)^0,w,c
  5126   0024CC  E107               	bnz	i2u320_41
  5127   0024CE  0E7D               	movlw	125
  5128   0024D0  5C1D               	subwf	i2AngleToDutyCycle@D_value^0,w,c
  5129   0024D2  B0D8               	btfsc	status,0,c
  5130   0024D4  EF6E  F012         	goto	i2u320_41
  5131   0024D8  EF70  F012         	goto	i2u320_40
  5132   0024DC                     i2u320_41:
  5133   0024DC  EF78  F012         	goto	i2l3120
  5134   0024E0                     i2u320_40:
  5135   0024E0  0E7D               	movlw	125
  5136   0024E2  6E1D               	movwf	i2AngleToDutyCycle@D_value^0,c
  5137   0024E4  0E00               	movlw	0
  5138   0024E6  6E1E               	movwf	(i2AngleToDutyCycle@D_value+1)^0,c
  5139   0024E8  0E00               	movlw	0
  5140   0024EA  6E1F               	movwf	(i2AngleToDutyCycle@D_value+2)^0,c
  5141   0024EC  0E00               	movlw	0
  5142   0024EE  6E20               	movwf	(i2AngleToDutyCycle@D_value+3)^0,c
  5143   0024F0                     i2l3120:
  5144                           
  5145                           ;setting_hardaware/ccp1.c: 88:     return (uint16_t)D_value;
  5146   0024F0  C01D  F01A         	movff	i2AngleToDutyCycle@D_value,?i2_AngleToDutyCycle
  5147   0024F4  C01E  F01B         	movff	i2AngleToDutyCycle@D_value+1,?i2_AngleToDutyCycle+1
  5148   0024F8  0012               	return		;funcret
  5149   0024FA                     __end_ofi2_AngleToDutyCycle:
  5150                           	callstack 0
  5151                           
  5152 ;; *************** function i2___lldiv *****************
  5153 ;; Defined at:
  5154 ;;		line 7 in file "C:\Program Files\Microchip\xc8\v3.00\pic\sources\c99\common\__lldiv.c"
  5155 ;; Parameters:    Size  Location     Type
  5156 ;;  dividend        4   12[COMRAM] unsigned long 
  5157 ;;  divisor         4   16[COMRAM] unsigned long 
  5158 ;; Auto vars:     Size  Location     Type
  5159 ;;  quotient        4   20[COMRAM] unsigned long 
  5160 ;;  counter         1   24[COMRAM] unsigned char 
  5161 ;; Return value:  Size  Location     Type
  5162 ;;                  4   12[COMRAM] unsigned long 
  5163 ;; Registers used:
  5164 ;;		wreg, status,2, status,0
  5165 ;; Tracked objects:
  5166 ;;		On entry : 0/0
  5167 ;;		On exit  : 0/0
  5168 ;;		Unchanged: 0/0
  5169 ;; Data sizes:     COMRAM   BANK0   BANK1   BANK2   BANK3   BANK4   BANK5
  5170 ;;      Params:         8       0       0       0       0       0       0
  5171 ;;      Locals:         5       0       0       0       0       0       0
  5172 ;;      Temps:          0       0       0       0       0       0       0
  5173 ;;      Totals:        13       0       0       0       0       0       0
  5174 ;;Total ram usage:       13 bytes
  5175 ;; Hardware stack levels used: 1
  5176 ;; This function calls:
  5177 ;;		Nothing
  5178 ;; This function is called by:
  5179 ;;		i2_AngleToDutyCycle
  5180 ;; This function uses a non-reentrant model
  5181 ;;
  5182                           
  5183                           	psect	text34
  5184   0026F0                     __ptext34:
  5185                           	callstack 0
  5186   0026F0                     i2___lldiv:
  5187                           	callstack 19
  5188   0026F0  0E00               	movlw	0
  5189   0026F2  6E15               	movwf	i2___lldiv@quotient^0,c
  5190   0026F4  0E00               	movlw	0
  5191   0026F6  6E16               	movwf	(i2___lldiv@quotient+1)^0,c
  5192   0026F8  0E00               	movlw	0
  5193   0026FA  6E17               	movwf	(i2___lldiv@quotient+2)^0,c
  5194   0026FC  0E00               	movlw	0
  5195   0026FE  6E18               	movwf	(i2___lldiv@quotient+3)^0,c
  5196   002700  5011               	movf	i2___lldiv@divisor^0,w,c
  5197   002702  1012               	iorwf	(i2___lldiv@divisor+1)^0,w,c
  5198   002704  1013               	iorwf	(i2___lldiv@divisor+2)^0,w,c
  5199   002706  1014               	iorwf	(i2___lldiv@divisor+3)^0,w,c
  5200   002708  B4D8               	btfsc	status,2,c
  5201   00270A  EF89  F013         	goto	i2u243_41
  5202   00270E  EF8B  F013         	goto	i2u243_40
  5203   002712                     i2u243_41:
  5204   002712  EFC1  F013         	goto	i2l367
  5205   002716                     i2u243_40:
  5206   002716  0E01               	movlw	1
  5207   002718  6E19               	movwf	i2___lldiv@counter^0,c
  5208   00271A  EF95  F013         	goto	i2l2660
  5209   00271E                     i2l2658:
  5210   00271E  90D8               	bcf	status,0,c
  5211   002720  3611               	rlcf	i2___lldiv@divisor^0,f,c
  5212   002722  3612               	rlcf	(i2___lldiv@divisor+1)^0,f,c
  5213   002724  3613               	rlcf	(i2___lldiv@divisor+2)^0,f,c
  5214   002726  3614               	rlcf	(i2___lldiv@divisor+3)^0,f,c
  5215   002728  2A19               	incf	i2___lldiv@counter^0,f,c
  5216   00272A                     i2l2660:
  5217   00272A  AE14               	btfss	(i2___lldiv@divisor+3)^0,7,c
  5218   00272C  EF9A  F013         	goto	i2u244_41
  5219   002730  EF9C  F013         	goto	i2u244_40
  5220   002734                     i2u244_41:
  5221   002734  EF8F  F013         	goto	i2l2658
  5222   002738                     i2u244_40:
  5223   002738                     i2l2662:
  5224   002738  90D8               	bcf	status,0,c
  5225   00273A  3615               	rlcf	i2___lldiv@quotient^0,f,c
  5226   00273C  3616               	rlcf	(i2___lldiv@quotient+1)^0,f,c
  5227   00273E  3617               	rlcf	(i2___lldiv@quotient+2)^0,f,c
  5228   002740  3618               	rlcf	(i2___lldiv@quotient+3)^0,f,c
  5229   002742  5011               	movf	i2___lldiv@divisor^0,w,c
  5230   002744  5C0D               	subwf	i2___lldiv@dividend^0,w,c
  5231   002746  5012               	movf	(i2___lldiv@divisor+1)^0,w,c
  5232   002748  580E               	subwfb	(i2___lldiv@dividend+1)^0,w,c
  5233   00274A  5013               	movf	(i2___lldiv@divisor+2)^0,w,c
  5234   00274C  580F               	subwfb	(i2___lldiv@dividend+2)^0,w,c
  5235   00274E  5014               	movf	(i2___lldiv@divisor+3)^0,w,c
  5236   002750  5810               	subwfb	(i2___lldiv@dividend+3)^0,w,c
  5237   002752  A0D8               	btfss	status,0,c
  5238   002754  EFAE  F013         	goto	i2u245_41
  5239   002758  EFB0  F013         	goto	i2u245_40
  5240   00275C                     i2u245_41:
  5241   00275C  EFB9  F013         	goto	i2l2670
  5242   002760                     i2u245_40:
  5243   002760  5011               	movf	i2___lldiv@divisor^0,w,c
  5244   002762  5E0D               	subwf	i2___lldiv@dividend^0,f,c
  5245   002764  5012               	movf	(i2___lldiv@divisor+1)^0,w,c
  5246   002766  5A0E               	subwfb	(i2___lldiv@dividend+1)^0,f,c
  5247   002768  5013               	movf	(i2___lldiv@divisor+2)^0,w,c
  5248   00276A  5A0F               	subwfb	(i2___lldiv@dividend+2)^0,f,c
  5249   00276C  5014               	movf	(i2___lldiv@divisor+3)^0,w,c
  5250   00276E  5A10               	subwfb	(i2___lldiv@dividend+3)^0,f,c
  5251   002770  8015               	bsf	i2___lldiv@quotient^0,0,c
  5252   002772                     i2l2670:
  5253   002772  90D8               	bcf	status,0,c
  5254   002774  3214               	rrcf	(i2___lldiv@divisor+3)^0,f,c
  5255   002776  3213               	rrcf	(i2___lldiv@divisor+2)^0,f,c
  5256   002778  3212               	rrcf	(i2___lldiv@divisor+1)^0,f,c
  5257   00277A  3211               	rrcf	i2___lldiv@divisor^0,f,c
  5258   00277C  2E19               	decfsz	i2___lldiv@counter^0,f,c
  5259   00277E  EF9C  F013         	goto	i2l2662
  5260   002782                     i2l367:
  5261   002782  C015  F00D         	movff	i2___lldiv@quotient,?i2___lldiv
  5262   002786  C016  F00E         	movff	i2___lldiv@quotient+1,?i2___lldiv+1
  5263   00278A  C017  F00F         	movff	i2___lldiv@quotient+2,?i2___lldiv+2
  5264   00278E  C018  F010         	movff	i2___lldiv@quotient+3,?i2___lldiv+3
  5265   002792  0012               	return		;funcret
  5266   002794                     __end_ofi2___lldiv:
  5267                           	callstack 0
  5268                           
  5269 ;; *************** function i2_ClearBuffer *****************
  5270 ;; Defined at:
  5271 ;;		line 97 in file "setting_hardaware/uart.c"
  5272 ;; Parameters:    Size  Location     Type
  5273 ;;		None
  5274 ;; Auto vars:     Size  Location     Type
  5275 ;;  i               2    0[COMRAM] int 
  5276 ;; Return value:  Size  Location     Type
  5277 ;;                  1    wreg      void 
  5278 ;; Registers used:
  5279 ;;		wreg, fsr2l, fsr2h, status,2, status,0
  5280 ;; Tracked objects:
  5281 ;;		On entry : 0/0
  5282 ;;		On exit  : 0/0
  5283 ;;		Unchanged: 0/0
  5284 ;; Data sizes:     COMRAM   BANK0   BANK1   BANK2   BANK3   BANK4   BANK5
  5285 ;;      Params:         0       0       0       0       0       0       0
  5286 ;;      Locals:         2       0       0       0       0       0       0
  5287 ;;      Temps:          0       0       0       0       0       0       0
  5288 ;;      Totals:         2       0       0       0       0       0       0
  5289 ;;Total ram usage:        2 bytes
  5290 ;; Hardware stack levels used: 1
  5291 ;; This function calls:
  5292 ;;		Nothing
  5293 ;; This function is called by:
  5294 ;;		_MyusartRead
  5295 ;; This function uses a non-reentrant model
  5296 ;;
  5297                           
  5298                           	psect	text35
  5299   002D5A                     __ptext35:
  5300                           	callstack 0
  5301   002D5A                     i2_ClearBuffer:
  5302                           	callstack 21
  5303   002D5A                     
  5304                           ;setting_hardaware/uart.c: 98:     for(int i = 0; i < 10 ; i++)
  5305   002D5A  0E00               	movlw	0
  5306   002D5C  6E02               	movwf	(i2ClearBuffer@i+1)^0,c
  5307   002D5E  0E00               	movlw	0
  5308   002D60  6E01               	movwf	i2ClearBuffer@i^0,c
  5309   002D62                     i2l3778:
  5310                           
  5311                           ;setting_hardaware/uart.c: 99:         mystring[i] = '\0';
  5312   002D62  5001               	movf	i2ClearBuffer@i^0,w,c
  5313   002D64  0F56               	addlw	low _mystring
  5314   002D66  6ED9               	movwf	fsr2l,c
  5315   002D68  6ADA               	clrf	fsr2h,c
  5316   002D6A  6ADF               	clrf	indf2,c
  5317   002D6C  4A01               	infsnz	i2ClearBuffer@i^0,f,c
  5318   002D6E  2A02               	incf	(i2ClearBuffer@i+1)^0,f,c
  5319   002D70  BE02               	btfsc	(i2ClearBuffer@i+1)^0,7,c
  5320   002D72  EFC4  F016         	goto	i2u440_41
  5321   002D76  5002               	movf	(i2ClearBuffer@i+1)^0,w,c
  5322   002D78  E109               	bnz	i2u440_40
  5323   002D7A  0E0A               	movlw	10
  5324   002D7C  5C01               	subwf	i2ClearBuffer@i^0,w,c
  5325   002D7E  A0D8               	btfss	status,0,c
  5326   002D80  EFC4  F016         	goto	i2u440_41
  5327   002D84  EFC6  F016         	goto	i2u440_40
  5328   002D88                     i2u440_41:
  5329   002D88  EFB1  F016         	goto	i2l3778
  5330   002D8C                     i2u440_40:
  5331   002D8C                     
  5332                           ;setting_hardaware/uart.c: 100:     lenStr = 0;
  5333   002D8C  0E00               	movlw	0
  5334   002D8E  6E4D               	movwf	(_lenStr+1)^0,c
  5335   002D90  0E00               	movlw	0
  5336   002D92  6E4C               	movwf	_lenStr^0,c
  5337   002D94  0012               	return		;funcret
  5338   002D96                     __end_ofi2_ClearBuffer:
  5339                           	callstack 0
  5340                           
  5341 ;; *************** function _strtof *****************
  5342 ;; Defined at:
  5343 ;;		line 100 in file "C:\Program Files\Microchip\xc8\v3.00\pic\sources\c99\common\strtof.c"
  5344 ;; Parameters:    Size  Location     Type
  5345 ;;  s               1   25[COMRAM] PTR const unsigned char 
  5346 ;;		 -> mystring(20), 
  5347 ;;  res             2   26[COMRAM] PTR PTR unsigned char 
  5348 ;;		 -> NULL(0), 
  5349 ;; Auto vars:     Size  Location     Type
  5350 ;;  _u              4   45[COMRAM] struct .
  5351 ;;  eexp            2   43[COMRAM] int 
  5352 ;;  expon           2   41[COMRAM] int 
  5353 ;;  err             2   35[COMRAM] int 
  5354 ;;  i               1   49[COMRAM] unsigned char 
  5355 ;;  flags           1   40[COMRAM] unsigned char 
  5356 ;;  digit           1   39[COMRAM] unsigned char 
  5357 ;;  dpos            1   38[COMRAM] unsigned char 
  5358 ;;  xpos            1   37[COMRAM] unsigned char 
  5359 ;; Return value:  Size  Location     Type
  5360 ;;                  4   25[COMRAM] float 
  5361 ;; Registers used:
  5362 ;;		wreg, fsr2l, fsr2h, status,2, status,0, tblptrl, tblptrh, tblptru, prodl, prodh, cstack
  5363 ;; Tracked objects:
  5364 ;;		On entry : 0/0
  5365 ;;		On exit  : 0/0
  5366 ;;		Unchanged: 0/0
  5367 ;; Data sizes:     COMRAM   BANK0   BANK1   BANK2   BANK3   BANK4   BANK5
  5368 ;;      Params:         4       0       0       0       0       0       0
  5369 ;;      Locals:        15       0       0       0       0       0       0
  5370 ;;      Temps:          6       0       0       0       0       0       0
  5371 ;;      Totals:        25       0       0       0       0       0       0
  5372 ;;Total ram usage:       25 bytes
  5373 ;; Hardware stack levels used: 1
  5374 ;; Hardware stack levels required when called: 1
  5375 ;; This function calls:
  5376 ;;		___fldiv
  5377 ;;		___fleq
  5378 ;;		___flge
  5379 ;;		___flmul
  5380 ;;		___flneg
  5381 ;;		___wmul
  5382 ;;		___xxtofl
  5383 ;;		_isdigit
  5384 ;;		_isxdigit
  5385 ;;		_nanf
  5386 ;;		_toupper
  5387 ;;		i2___lmul
  5388 ;; This function is called by:
  5389 ;;		_MyusartRead
  5390 ;; This function uses a non-reentrant model
  5391 ;;
  5392                           
  5393                           	psect	text36
  5394   00063E                     __ptext36:
  5395                           	callstack 0
  5396   00063E                     _strtof:
  5397                           	callstack 20
  5398   00063E  0E00               	movlw	0
  5399   000640  6E25               	movwf	(strtof@err+1)^0,c
  5400   000642  0E00               	movlw	0
  5401   000644  6E24               	movwf	strtof@err^0,c
  5402   000646  501B               	movf	strtof@res^0,w,c
  5403   000648  101C               	iorwf	(strtof@res+1)^0,w,c
  5404   00064A  B4D8               	btfsc	status,2,c
  5405   00064C  EF2A  F003         	goto	i2u334_41
  5406   000650  EF2C  F003         	goto	i2u334_40
  5407   000654                     i2u334_41:
  5408   000654  EF35  F003         	goto	i2l3296
  5409   000658                     i2u334_40:
  5410   000658  C01B  FFD9         	movff	strtof@res,fsr2l
  5411   00065C  C01C  FFDA         	movff	strtof@res+1,fsr2h
  5412   000660  C01A  FFDF         	movff	strtof@s,indf2
  5413   000664  EF35  F003         	goto	i2l3296
  5414   000668                     i2l3294:
  5415   000668  2A1A               	incf	strtof@s^0,f,c
  5416   00066A                     i2l3296:
  5417   00066A  501A               	movf	strtof@s^0,w,c
  5418   00066C  6ED9               	movwf	fsr2l,c
  5419   00066E  6ADA               	clrf	fsr2h,c
  5420   000670  0E20               	movlw	32
  5421   000672  18DE               	xorwf	postinc2,w,c
  5422   000674  B4D8               	btfsc	status,2,c
  5423   000676  EF3F  F003         	goto	i2u335_41
  5424   00067A  EF42  F003         	goto	i2u335_40
  5425   00067E                     i2u335_41:
  5426   00067E  0E01               	movlw	1
  5427   000680  EF43  F003         	goto	i2u336_40
  5428   000684                     i2u335_40:
  5429   000684  0E00               	movlw	0
  5430   000686                     i2u336_40:
  5431   000686  6E2C               	movwf	strtof@eexp^0,c
  5432   000688  6A2D               	clrf	(strtof@eexp+1)^0,c
  5433   00068A  502C               	movf	strtof@eexp^0,w,c
  5434   00068C  102D               	iorwf	(strtof@eexp+1)^0,w,c
  5435   00068E  A4D8               	btfss	status,2,c
  5436   000690  EF4C  F003         	goto	i2u337_41
  5437   000694  EF4E  F003         	goto	i2u337_40
  5438   000698                     i2u337_41:
  5439   000698  EF34  F003         	goto	i2l3294
  5440   00069C                     i2u337_40:
  5441   00069C  501A               	movf	strtof@s^0,w,c
  5442   00069E  6ED9               	movwf	fsr2l,c
  5443   0006A0  6ADA               	clrf	fsr2h,c
  5444   0006A2  50DF               	movf	indf2,w,c
  5445   0006A4  6E1E               	movwf	??_strtof^0,c
  5446   0006A6  501E               	movf	??_strtof^0,w,c
  5447   0006A8  6E2C               	movwf	strtof@eexp^0,c
  5448   0006AA  6A2D               	clrf	(strtof@eexp+1)^0,c
  5449   0006AC  C02C  F01F         	movff	strtof@eexp,??_strtof+1
  5450   0006B0  0EF7               	movlw	247
  5451   0006B2  261F               	addwf	(??_strtof+1)^0,f,c
  5452   0006B4  0E04               	movlw	4
  5453   0006B6  641F               	cpfsgt	(??_strtof+1)^0,c
  5454   0006B8  EF60  F003         	goto	i2u338_41
  5455   0006BC  EF62  F003         	goto	i2u338_40
  5456   0006C0                     i2u338_41:
  5457   0006C0  EF34  F003         	goto	i2l3294
  5458   0006C4                     i2u338_40:
  5459   0006C4  6A29               	clrf	strtof@flags^0,c
  5460   0006C6  0E2D               	movlw	45
  5461   0006C8  182C               	xorwf	strtof@eexp^0,w,c
  5462   0006CA  102D               	iorwf	(strtof@eexp+1)^0,w,c
  5463   0006CC  A4D8               	btfss	status,2,c
  5464   0006CE  EF6B  F003         	goto	i2u339_41
  5465   0006D2  EF6D  F003         	goto	i2u339_40
  5466   0006D6                     i2u339_41:
  5467   0006D6  EF72  F003         	goto	i2l3306
  5468   0006DA                     i2u339_40:
  5469   0006DA  0E01               	movlw	1
  5470   0006DC  6E29               	movwf	strtof@flags^0,c
  5471   0006DE                     i2l3304:
  5472   0006DE  2A1A               	incf	strtof@s^0,f,c
  5473   0006E0  EF7E  F003         	goto	i2l3310
  5474   0006E4                     i2l3306:
  5475   0006E4  0E2B               	movlw	43
  5476   0006E6  182C               	xorwf	strtof@eexp^0,w,c
  5477   0006E8  102D               	iorwf	(strtof@eexp+1)^0,w,c
  5478   0006EA  A4D8               	btfss	status,2,c
  5479   0006EC  EF7A  F003         	goto	i2u340_41
  5480   0006F0  EF7C  F003         	goto	i2u340_40
  5481   0006F4                     i2u340_41:
  5482   0006F4  EF7E  F003         	goto	i2l3310
  5483   0006F8                     i2u340_40:
  5484   0006F8  EF6F  F003         	goto	i2l3304
  5485   0006FC                     i2l3310:
  5486   0006FC  6A32               	clrf	strtof@i^0,c
  5487   0006FE  EF82  F003         	goto	i2l3314
  5488   000702                     i2l3312:
  5489   000702  2A32               	incf	strtof@i^0,f,c
  5490   000704                     i2l3314:
  5491   000704  501A               	movf	strtof@s^0,w,c
  5492   000706  2432               	addwf	strtof@i^0,w,c
  5493   000708  6ED9               	movwf	fsr2l,c
  5494   00070A  6ADA               	clrf	fsr2h,c
  5495   00070C  50DF               	movf	indf2,w,c
  5496   00070E  B4D8               	btfsc	status,2,c
  5497   000710  EF8C  F003         	goto	i2u341_41
  5498   000714  EF8E  F003         	goto	i2u341_40
  5499   000718                     i2u341_41:
  5500   000718  EFB8  F003         	goto	i2l3320
  5501   00071C                     i2u341_40:
  5502   00071C  501A               	movf	strtof@s^0,w,c
  5503   00071E  2432               	addwf	strtof@i^0,w,c
  5504   000720  6ED9               	movwf	fsr2l,c
  5505   000722  6ADA               	clrf	fsr2h,c
  5506   000724  50DF               	movf	indf2,w,c
  5507   000726  6E1E               	movwf	??_strtof^0,c
  5508   000728  5032               	movf	strtof@i^0,w,c
  5509   00072A  0F1B               	addlw	low STR_3
  5510   00072C  6E1F               	movwf	(??_strtof+1)^0,c
  5511   00072E  C01F  FFF6         	movff	??_strtof+1,tblptrl
  5512   000732                     	if	0	;There is only one active tblptr byte
  5513   000732                     	endif
  5514   000732                     	if	0	;tblptru may be non-zero
  5515   000732                     	endif
  5516   000732                     	if	0	;tblptru may be non-zero
  5517   000732                     	endif
  5518   000732  0008               	tblrd		*
  5519   000734  50F5               	movf	tablat,w,c
  5520   000736  181E               	xorwf	??_strtof^0,w,c
  5521   000738  B4D8               	btfsc	status,2,c
  5522   00073A  EFA1  F003         	goto	i2u342_41
  5523   00073E  EFA3  F003         	goto	i2u342_40
  5524   000742                     i2u342_41:
  5525   000742  EF81  F003         	goto	i2l3312
  5526   000746                     i2u342_40:
  5527   000746  501A               	movf	strtof@s^0,w,c
  5528   000748  2432               	addwf	strtof@i^0,w,c
  5529   00074A  6ED9               	movwf	fsr2l,c
  5530   00074C  6ADA               	clrf	fsr2h,c
  5531   00074E  50DF               	movf	indf2,w,c
  5532   000750  6E1E               	movwf	??_strtof^0,c
  5533   000752  5032               	movf	strtof@i^0,w,c
  5534   000754  0F12               	addlw	low STR_4
  5535   000756  6E1F               	movwf	(??_strtof+1)^0,c
  5536   000758  C01F  FFF6         	movff	??_strtof+1,tblptrl
  5537   00075C                     	if	0	;There is only one active tblptr byte
  5538   00075C                     	endif
  5539   00075C                     	if	0	;tblptru may be non-zero
  5540   00075C                     	endif
  5541   00075C                     	if	0	;tblptru may be non-zero
  5542   00075C                     	endif
  5543   00075C  0008               	tblrd		*
  5544   00075E  50F5               	movf	tablat,w,c
  5545   000760  181E               	xorwf	??_strtof^0,w,c
  5546   000762  B4D8               	btfsc	status,2,c
  5547   000764  EFB6  F003         	goto	i2u343_41
  5548   000768  EFB8  F003         	goto	i2u343_40
  5549   00076C                     i2u343_41:
  5550   00076C  EF81  F003         	goto	i2l3312
  5551   000770                     i2u343_40:
  5552   000770                     i2l3320:
  5553   000770  0E02               	movlw	2
  5554   000772  6432               	cpfsgt	strtof@i^0,c
  5555   000774  EFBE  F003         	goto	i2u344_41
  5556   000778  EFC0  F003         	goto	i2u344_40
  5557   00077C                     i2u344_41:
  5558   00077C  EFE5  F003         	goto	i2l1064
  5559   000780                     i2u344_40:
  5560   000780  0E00               	movlw	0
  5561   000782  6E2E               	movwf	strtof@_u^0,c
  5562   000784  0E00               	movlw	0
  5563   000786  6E2F               	movwf	(strtof@_u+1)^0,c
  5564   000788  0E80               	movlw	128
  5565   00078A  6E30               	movwf	(strtof@_u+2)^0,c
  5566   00078C  0E7F               	movlw	127
  5567   00078E  6E31               	movwf	(strtof@_u+3)^0,c
  5568   000790  501B               	movf	strtof@res^0,w,c
  5569   000792  101C               	iorwf	(strtof@res+1)^0,w,c
  5570   000794  B4D8               	btfsc	status,2,c
  5571   000796  EFCF  F003         	goto	i2u345_41
  5572   00079A  EFD1  F003         	goto	i2u345_40
  5573   00079E                     i2u345_41:
  5574   00079E  EF75  F00A         	goto	i2l3668
  5575   0007A2                     i2u345_40:
  5576   0007A2  0E08               	movlw	8
  5577   0007A4  1832               	xorwf	strtof@i^0,w,c
  5578   0007A6  B4D8               	btfsc	status,2,c
  5579   0007A8  EFD8  F003         	goto	i2u346_41
  5580   0007AC  EFDA  F003         	goto	i2u346_40
  5581   0007B0                     i2u346_41:
  5582   0007B0  EFDC  F003         	goto	i2l3330
  5583   0007B4                     i2u346_40:
  5584   0007B4  0E03               	movlw	3
  5585   0007B6  6E32               	movwf	strtof@i^0,c
  5586   0007B8                     i2l3330:
  5587   0007B8  501A               	movf	strtof@s^0,w,c
  5588   0007BA  2432               	addwf	strtof@i^0,w,c
  5589   0007BC  C01B  FFD9         	movff	strtof@res,fsr2l
  5590   0007C0  C01C  FFDA         	movff	strtof@res+1,fsr2h
  5591   0007C4  6EDF               	movwf	indf2,c
  5592   0007C6  EF75  F00A         	goto	i2l3668
  5593   0007CA                     i2l1064:
  5594   0007CA  6A32               	clrf	strtof@i^0,c
  5595   0007CC  EFE9  F003         	goto	i2l3334
  5596   0007D0                     i2l3332:
  5597   0007D0  2A32               	incf	strtof@i^0,f,c
  5598   0007D2                     i2l3334:
  5599   0007D2  501A               	movf	strtof@s^0,w,c
  5600   0007D4  2432               	addwf	strtof@i^0,w,c
  5601   0007D6  6ED9               	movwf	fsr2l,c
  5602   0007D8  6ADA               	clrf	fsr2h,c
  5603   0007DA  50DF               	movf	indf2,w,c
  5604   0007DC  B4D8               	btfsc	status,2,c
  5605   0007DE  EFF3  F003         	goto	i2u347_41
  5606   0007E2  EFF5  F003         	goto	i2u347_40
  5607   0007E6                     i2u347_41:
  5608   0007E6  EF1F  F004         	goto	i2l3340
  5609   0007EA                     i2u347_40:
  5610   0007EA  501A               	movf	strtof@s^0,w,c
  5611   0007EC  2432               	addwf	strtof@i^0,w,c
  5612   0007EE  6ED9               	movwf	fsr2l,c
  5613   0007F0  6ADA               	clrf	fsr2h,c
  5614   0007F2  50DF               	movf	indf2,w,c
  5615   0007F4  6E1E               	movwf	??_strtof^0,c
  5616   0007F6  5032               	movf	strtof@i^0,w,c
  5617   0007F8  0F39               	addlw	low STR_8
  5618   0007FA  6E1F               	movwf	(??_strtof+1)^0,c
  5619   0007FC  C01F  FFF6         	movff	??_strtof+1,tblptrl
  5620   000800                     	if	0	;There is only one active tblptr byte
  5621   000800                     	endif
  5622   000800                     	if	0	;tblptru may be non-zero
  5623   000800                     	endif
  5624   000800                     	if	0	;tblptru may be non-zero
  5625   000800                     	endif
  5626   000800  0008               	tblrd		*
  5627   000802  50F5               	movf	tablat,w,c
  5628   000804  181E               	xorwf	??_strtof^0,w,c
  5629   000806  B4D8               	btfsc	status,2,c
  5630   000808  EF08  F004         	goto	i2u348_41
  5631   00080C  EF0A  F004         	goto	i2u348_40
  5632   000810                     i2u348_41:
  5633   000810  EFE8  F003         	goto	i2l3332
  5634   000814                     i2u348_40:
  5635   000814  501A               	movf	strtof@s^0,w,c
  5636   000816  2432               	addwf	strtof@i^0,w,c
  5637   000818  6ED9               	movwf	fsr2l,c
  5638   00081A  6ADA               	clrf	fsr2h,c
  5639   00081C  50DF               	movf	indf2,w,c
  5640   00081E  6E1E               	movwf	??_strtof^0,c
  5641   000820  5032               	movf	strtof@i^0,w,c
  5642   000822  0F31               	addlw	low STR_9
  5643   000824  6E1F               	movwf	(??_strtof+1)^0,c
  5644   000826  C01F  FFF6         	movff	??_strtof+1,tblptrl
  5645   00082A                     	if	0	;There is only one active tblptr byte
  5646   00082A                     	endif
  5647   00082A                     	if	0	;tblptru may be non-zero
  5648   00082A                     	endif
  5649   00082A                     	if	0	;tblptru may be non-zero
  5650   00082A                     	endif
  5651   00082A  0008               	tblrd		*
  5652   00082C  50F5               	movf	tablat,w,c
  5653   00082E  181E               	xorwf	??_strtof^0,w,c
  5654   000830  B4D8               	btfsc	status,2,c
  5655   000832  EF1D  F004         	goto	i2u349_41
  5656   000836  EF1F  F004         	goto	i2u349_40
  5657   00083A                     i2u349_41:
  5658   00083A  EFE8  F003         	goto	i2l3332
  5659   00083E                     i2u349_40:
  5660   00083E                     i2l3340:
  5661   00083E  0E03               	movlw	3
  5662   000840  1832               	xorwf	strtof@i^0,w,c
  5663   000842  A4D8               	btfss	status,2,c
  5664   000844  EF26  F004         	goto	i2u350_41
  5665   000848  EF28  F004         	goto	i2u350_40
  5666   00084C                     i2u350_41:
  5667   00084C  EF7F  F004         	goto	i2l3364
  5668   000850                     i2u350_40:
  5669   000850  0E34               	movlw	low (STR_9+3)
  5670   000852  6E01               	movwf	nanf@s^0,c
  5671   000854  ECAC  F017         	call	_nanf	;wreg free
  5672   000858  C001  F02E         	movff	?_nanf,strtof@_u
  5673   00085C  C002  F02F         	movff	?_nanf+1,strtof@_u+1
  5674   000860  C003  F030         	movff	?_nanf+2,strtof@_u+2
  5675   000864  C004  F031         	movff	?_nanf+3,strtof@_u+3
  5676   000868  501B               	movf	strtof@res^0,w,c
  5677   00086A  101C               	iorwf	(strtof@res+1)^0,w,c
  5678   00086C  B4D8               	btfsc	status,2,c
  5679   00086E  EF3B  F004         	goto	i2u351_41
  5680   000872  EF3D  F004         	goto	i2u351_40
  5681   000876                     i2u351_41:
  5682   000876  EF75  F00A         	goto	i2l3668
  5683   00087A                     i2u351_40:
  5684   00087A  5032               	movf	strtof@i^0,w,c
  5685   00087C  261A               	addwf	strtof@s^0,f,c
  5686   00087E  501A               	movf	strtof@s^0,w,c
  5687   000880  6ED9               	movwf	fsr2l,c
  5688   000882  6ADA               	clrf	fsr2h,c
  5689   000884  0E28               	movlw	40
  5690   000886  18DE               	xorwf	postinc2,w,c
  5691   000888  A4D8               	btfss	status,2,c
  5692   00088A  EF49  F004         	goto	i2u352_41
  5693   00088E  EF4B  F004         	goto	i2u352_40
  5694   000892                     i2u352_41:
  5695   000892  EF77  F004         	goto	i2l3362
  5696   000896                     i2u352_40:
  5697   000896  6A32               	clrf	strtof@i^0,c
  5698   000898  EF4F  F004         	goto	i2l3354
  5699   00089C                     i2l3352:
  5700   00089C  2A32               	incf	strtof@i^0,f,c
  5701   00089E                     i2l3354:
  5702   00089E  501A               	movf	strtof@s^0,w,c
  5703   0008A0  2432               	addwf	strtof@i^0,w,c
  5704   0008A2  6ED9               	movwf	fsr2l,c
  5705   0008A4  6ADA               	clrf	fsr2h,c
  5706   0008A6  50DF               	movf	indf2,w,c
  5707   0008A8  B4D8               	btfsc	status,2,c
  5708   0008AA  EF59  F004         	goto	i2u353_41
  5709   0008AE  EF5B  F004         	goto	i2u353_40
  5710   0008B2                     i2u353_41:
  5711   0008B2  EF68  F004         	goto	i2l3358
  5712   0008B6                     i2u353_40:
  5713   0008B6  501A               	movf	strtof@s^0,w,c
  5714   0008B8  2432               	addwf	strtof@i^0,w,c
  5715   0008BA  6ED9               	movwf	fsr2l,c
  5716   0008BC  6ADA               	clrf	fsr2h,c
  5717   0008BE  0E29               	movlw	41
  5718   0008C0  18DE               	xorwf	postinc2,w,c
  5719   0008C2  A4D8               	btfss	status,2,c
  5720   0008C4  EF66  F004         	goto	i2u354_41
  5721   0008C8  EF68  F004         	goto	i2u354_40
  5722   0008CC                     i2u354_41:
  5723   0008CC  EF4E  F004         	goto	i2l3352
  5724   0008D0                     i2u354_40:
  5725   0008D0                     i2l3358:
  5726   0008D0  501A               	movf	strtof@s^0,w,c
  5727   0008D2  2432               	addwf	strtof@i^0,w,c
  5728   0008D4  6ED9               	movwf	fsr2l,c
  5729   0008D6  6ADA               	clrf	fsr2h,c
  5730   0008D8  0E29               	movlw	41
  5731   0008DA  18DE               	xorwf	postinc2,w,c
  5732   0008DC  A4D8               	btfss	status,2,c
  5733   0008DE  EF73  F004         	goto	i2u355_41
  5734   0008E2  EF75  F004         	goto	i2u355_40
  5735   0008E6                     i2u355_41:
  5736   0008E6  EF77  F004         	goto	i2l3362
  5737   0008EA                     i2u355_40:
  5738   0008EA  2832               	incf	strtof@i^0,w,c
  5739   0008EC  261A               	addwf	strtof@s^0,f,c
  5740   0008EE                     i2l3362:
  5741   0008EE  C01B  FFD9         	movff	strtof@res,fsr2l
  5742   0008F2  C01C  FFDA         	movff	strtof@res+1,fsr2h
  5743   0008F6  C01A  FFDF         	movff	strtof@s,indf2
  5744   0008FA  EF75  F00A         	goto	i2l3668
  5745   0008FE                     i2l3364:
  5746   0008FE  0E00               	movlw	0
  5747   000900  6E2D               	movwf	(strtof@eexp+1)^0,c
  5748   000902  0E00               	movlw	0
  5749   000904  6E2C               	movwf	strtof@eexp^0,c
  5750   000906  0E00               	movlw	0
  5751   000908  6E2E               	movwf	strtof@_u^0,c
  5752   00090A  0E00               	movlw	0
  5753   00090C  6E2F               	movwf	(strtof@_u+1)^0,c
  5754   00090E  0E00               	movlw	0
  5755   000910  6E30               	movwf	(strtof@_u+2)^0,c
  5756   000912  0E00               	movlw	0
  5757   000914  6E31               	movwf	(strtof@_u+3)^0,c
  5758   000916  6A26               	clrf	strtof@xpos^0,c
  5759   000918  6A27               	clrf	strtof@dpos^0,c
  5760   00091A  0E00               	movlw	0
  5761   00091C  6E2B               	movwf	(strtof@expon+1)^0,c
  5762   00091E  0E00               	movlw	0
  5763   000920  6E2A               	movwf	strtof@expon^0,c
  5764   000922  6A32               	clrf	strtof@i^0,c
  5765   000924  EF95  F004         	goto	i2l3374
  5766   000928                     i2l3372:
  5767   000928  2A32               	incf	strtof@i^0,f,c
  5768   00092A                     i2l3374:
  5769   00092A  501A               	movf	strtof@s^0,w,c
  5770   00092C  2432               	addwf	strtof@i^0,w,c
  5771   00092E  6ED9               	movwf	fsr2l,c
  5772   000930  6ADA               	clrf	fsr2h,c
  5773   000932  0E30               	movlw	48
  5774   000934  18DE               	xorwf	postinc2,w,c
  5775   000936  B4D8               	btfsc	status,2,c
  5776   000938  EFA0  F004         	goto	i2u356_41
  5777   00093C  EFA2  F004         	goto	i2u356_40
  5778   000940                     i2u356_41:
  5779   000940  EF94  F004         	goto	i2l3372
  5780   000944                     i2u356_40:
  5781   000944  5032               	movf	strtof@i^0,w,c
  5782   000946  B4D8               	btfsc	status,2,c
  5783   000948  EFA8  F004         	goto	i2u357_41
  5784   00094C  EFAA  F004         	goto	i2u357_40
  5785   000950                     i2u357_41:
  5786   000950  EF05  F008         	goto	i2l1147
  5787   000954                     i2u357_40:
  5788   000954  501A               	movf	strtof@s^0,w,c
  5789   000956  2432               	addwf	strtof@i^0,w,c
  5790   000958  6ED9               	movwf	fsr2l,c
  5791   00095A  6ADA               	clrf	fsr2h,c
  5792   00095C  0E78               	movlw	120
  5793   00095E  18DE               	xorwf	postinc2,w,c
  5794   000960  B4D8               	btfsc	status,2,c
  5795   000962  EFB5  F004         	goto	i2u358_41
  5796   000966  EFB7  F004         	goto	i2u358_40
  5797   00096A                     i2u358_41:
  5798   00096A  EFC4  F004         	goto	i2l3382
  5799   00096E                     i2u358_40:
  5800   00096E  501A               	movf	strtof@s^0,w,c
  5801   000970  2432               	addwf	strtof@i^0,w,c
  5802   000972  6ED9               	movwf	fsr2l,c
  5803   000974  6ADA               	clrf	fsr2h,c
  5804   000976  0E58               	movlw	88
  5805   000978  18DE               	xorwf	postinc2,w,c
  5806   00097A  A4D8               	btfss	status,2,c
  5807   00097C  EFC2  F004         	goto	i2u359_41
  5808   000980  EFC4  F004         	goto	i2u359_40
  5809   000984                     i2u359_41:
  5810   000984  EF05  F008         	goto	i2l1147
  5811   000988                     i2u359_40:
  5812   000988                     i2l3382:
  5813   000988  501A               	movf	strtof@s^0,w,c
  5814   00098A  2432               	addwf	strtof@i^0,w,c
  5815   00098C  6ED9               	movwf	fsr2l,c
  5816   00098E  6ADA               	clrf	fsr2h,c
  5817   000990  0E01               	movlw	1
  5818   000992  26D9               	addwf	fsr2l,f,c
  5819   000994  50DF               	movf	indf2,w,c
  5820   000996  6E1E               	movwf	??_strtof^0,c
  5821   000998  501E               	movf	??_strtof^0,w,c
  5822   00099A  6E01               	movwf	isxdigit@c^0,c
  5823   00099C  6A02               	clrf	(isxdigit@c+1)^0,c
  5824   00099E  ECFB  F015         	call	_isxdigit	;wreg free
  5825   0009A2  5001               	movf	?_isxdigit^0,w,c
  5826   0009A4  1002               	iorwf	(?_isxdigit+1)^0,w,c
  5827   0009A6  A4D8               	btfss	status,2,c
  5828   0009A8  EFD8  F004         	goto	i2u360_41
  5829   0009AC  EFDA  F004         	goto	i2u360_40
  5830   0009B0                     i2u360_41:
  5831   0009B0  EFEB  F004         	goto	i2l1091
  5832   0009B4                     i2u360_40:
  5833   0009B4  501A               	movf	strtof@s^0,w,c
  5834   0009B6  2432               	addwf	strtof@i^0,w,c
  5835   0009B8  6ED9               	movwf	fsr2l,c
  5836   0009BA  6ADA               	clrf	fsr2h,c
  5837   0009BC  0E01               	movlw	1
  5838   0009BE  26D9               	addwf	fsr2l,f,c
  5839   0009C0  0E2E               	movlw	46
  5840   0009C2  18DE               	xorwf	postinc2,w,c
  5841   0009C4  B4D8               	btfsc	status,2,c
  5842   0009C6  EFE7  F004         	goto	i2u361_41
  5843   0009CA  EFE9  F004         	goto	i2u361_40
  5844   0009CE                     i2u361_41:
  5845   0009CE  EFEB  F004         	goto	i2l1091
  5846   0009D2                     i2u361_40:
  5847   0009D2  EF30  F007         	goto	i2l3514
  5848   0009D6                     i2l1091:
  5849   0009D6  C032  F026         	movff	strtof@i,strtof@xpos
  5850   0009DA                     i2l3388:
  5851   0009DA  2A32               	incf	strtof@i^0,f,c
  5852   0009DC  501A               	movf	strtof@s^0,w,c
  5853   0009DE  2432               	addwf	strtof@i^0,w,c
  5854   0009E0  6ED9               	movwf	fsr2l,c
  5855   0009E2  6ADA               	clrf	fsr2h,c
  5856   0009E4  0E30               	movlw	48
  5857   0009E6  18DE               	xorwf	postinc2,w,c
  5858   0009E8  B4D8               	btfsc	status,2,c
  5859   0009EA  EFF9  F004         	goto	i2u362_41
  5860   0009EE  EFFB  F004         	goto	i2u362_40
  5861   0009F2                     i2u362_41:
  5862   0009F2  EFED  F004         	goto	i2l3388
  5863   0009F6                     i2u362_40:
  5864   0009F6                     i2l3394:
  5865   0009F6  501A               	movf	strtof@s^0,w,c
  5866   0009F8  2432               	addwf	strtof@i^0,w,c
  5867   0009FA  6ED9               	movwf	fsr2l,c
  5868   0009FC  6ADA               	clrf	fsr2h,c
  5869   0009FE  0E70               	movlw	112
  5870   000A00  18DE               	xorwf	postinc2,w,c
  5871   000A02  B4D8               	btfsc	status,2,c
  5872   000A04  EF06  F005         	goto	i2u363_41
  5873   000A08  EF08  F005         	goto	i2u363_40
  5874   000A0C                     i2u363_41:
  5875   000A0C  EF5E  F006         	goto	i2l3458
  5876   000A10                     i2u363_40:
  5877   000A10  501A               	movf	strtof@s^0,w,c
  5878   000A12  2432               	addwf	strtof@i^0,w,c
  5879   000A14  6ED9               	movwf	fsr2l,c
  5880   000A16  6ADA               	clrf	fsr2h,c
  5881   000A18  0E50               	movlw	80
  5882   000A1A  18DE               	xorwf	postinc2,w,c
  5883   000A1C  A4D8               	btfss	status,2,c
  5884   000A1E  EF13  F005         	goto	i2u364_41
  5885   000A22  EF15  F005         	goto	i2u364_40
  5886   000A26                     i2u364_41:
  5887   000A26  EF17  F005         	goto	i2l3400
  5888   000A2A                     i2u364_40:
  5889   000A2A  EF5E  F006         	goto	i2l3458
  5890   000A2E                     i2l3400:
  5891   000A2E  501A               	movf	strtof@s^0,w,c
  5892   000A30  2432               	addwf	strtof@i^0,w,c
  5893   000A32  6ED9               	movwf	fsr2l,c
  5894   000A34  6ADA               	clrf	fsr2h,c
  5895   000A36  0E2E               	movlw	46
  5896   000A38  18DE               	xorwf	postinc2,w,c
  5897   000A3A  A4D8               	btfss	status,2,c
  5898   000A3C  EF22  F005         	goto	i2u365_41
  5899   000A40  EF24  F005         	goto	i2u365_40
  5900   000A44                     i2u365_41:
  5901   000A44  EF2A  F005         	goto	i2l3408
  5902   000A48                     i2u365_40:
  5903   000A48  8829               	bsf	strtof@flags^0,4,c
  5904   000A4A  C032  F027         	movff	strtof@i,strtof@dpos
  5905   000A4E  2A32               	incf	strtof@i^0,f,c
  5906   000A50  EF5E  F006         	goto	i2l3458
  5907   000A54                     i2l3408:
  5908   000A54  501A               	movf	strtof@s^0,w,c
  5909   000A56  2432               	addwf	strtof@i^0,w,c
  5910   000A58  6ED9               	movwf	fsr2l,c
  5911   000A5A  6ADA               	clrf	fsr2h,c
  5912   000A5C  50DF               	movf	indf2,w,c
  5913   000A5E  6E1E               	movwf	??_strtof^0,c
  5914   000A60  501E               	movf	??_strtof^0,w,c
  5915   000A62  6E01               	movwf	isxdigit@c^0,c
  5916   000A64  6A02               	clrf	(isxdigit@c+1)^0,c
  5917   000A66  ECFB  F015         	call	_isxdigit	;wreg free
  5918   000A6A  5001               	movf	?_isxdigit^0,w,c
  5919   000A6C  1002               	iorwf	(?_isxdigit+1)^0,w,c
  5920   000A6E  B4D8               	btfsc	status,2,c
  5921   000A70  EF3C  F005         	goto	i2u366_41
  5922   000A74  EF3E  F005         	goto	i2u366_40
  5923   000A78                     i2u366_41:
  5924   000A78  EF30  F007         	goto	i2l3514
  5925   000A7C                     i2u366_40:
  5926   000A7C  6A28               	clrf	strtof@digit^0,c
  5927   000A7E  501A               	movf	strtof@s^0,w,c
  5928   000A80  2432               	addwf	strtof@i^0,w,c
  5929   000A82  6ED9               	movwf	fsr2l,c
  5930   000A84  6ADA               	clrf	fsr2h,c
  5931   000A86  50DF               	movf	indf2,w,c
  5932   000A88  6E1E               	movwf	??_strtof^0,c
  5933   000A8A  501E               	movf	??_strtof^0,w,c
  5934   000A8C  6E01               	movwf	isdigit@c^0,c
  5935   000A8E  6A02               	clrf	(isdigit@c+1)^0,c
  5936   000A90  EC5F  F017         	call	_isdigit	;wreg free
  5937   000A94  5001               	movf	?_isdigit^0,w,c
  5938   000A96  1002               	iorwf	(?_isdigit+1)^0,w,c
  5939   000A98  B4D8               	btfsc	status,2,c
  5940   000A9A  EF51  F005         	goto	i2u367_41
  5941   000A9E  EF53  F005         	goto	i2u367_40
  5942   000AA2                     i2u367_41:
  5943   000AA2  EF5C  F005         	goto	i2l3416
  5944   000AA6                     i2u367_40:
  5945   000AA6  501A               	movf	strtof@s^0,w,c
  5946   000AA8  2432               	addwf	strtof@i^0,w,c
  5947   000AAA  6ED9               	movwf	fsr2l,c
  5948   000AAC  6ADA               	clrf	fsr2h,c
  5949   000AAE  50DF               	movf	indf2,w,c
  5950   000AB0  0FD0               	addlw	208
  5951   000AB2  6E28               	movwf	strtof@digit^0,c
  5952   000AB4  EF6A  F005         	goto	i2l3418
  5953   000AB8                     i2l3416:
  5954   000AB8  501A               	movf	strtof@s^0,w,c
  5955   000ABA  2432               	addwf	strtof@i^0,w,c
  5956   000ABC  6ED9               	movwf	fsr2l,c
  5957   000ABE  6ADA               	clrf	fsr2h,c
  5958   000AC0  50DF               	movf	indf2,w,c
  5959   000AC2  6E1E               	movwf	??_strtof^0,c
  5960   000AC4  501E               	movf	??_strtof^0,w,c
  5961   000AC6  6E01               	movwf	toupper@c^0,c
  5962   000AC8  6A02               	clrf	(toupper@c+1)^0,c
  5963   000ACA  EC1B  F017         	call	_toupper	;wreg free
  5964   000ACE  5001               	movf	?_toupper^0,w,c
  5965   000AD0  0FC9               	addlw	201
  5966   000AD2  6E28               	movwf	strtof@digit^0,c
  5967   000AD4                     i2l3418:
  5968   000AD4  BE2D               	btfsc	(strtof@eexp+1)^0,7,c
  5969   000AD6  EF78  F005         	goto	i2u368_40
  5970   000ADA  502D               	movf	(strtof@eexp+1)^0,w,c
  5971   000ADC  E107               	bnz	i2u368_41
  5972   000ADE  0E08               	movlw	8
  5973   000AE0  5C2C               	subwf	strtof@eexp^0,w,c
  5974   000AE2  B0D8               	btfsc	status,0,c
  5975   000AE4  EF76  F005         	goto	i2u368_41
  5976   000AE8  EF78  F005         	goto	i2u368_40
  5977   000AEC                     i2u368_41:
  5978   000AEC  EF97  F005         	goto	i2l3422
  5979   000AF0                     i2u368_40:
  5980   000AF0  502C               	movf	strtof@eexp^0,w,c
  5981   000AF2  0807               	sublw	7
  5982   000AF4  6E1E               	movwf	??_strtof^0,c
  5983   000AF6  90D8               	bcf	status,0,c
  5984   000AF8  361E               	rlcf	??_strtof^0,f,c
  5985   000AFA  90D8               	bcf	status,0,c
  5986   000AFC  361E               	rlcf	??_strtof^0,f,c
  5987   000AFE  C028  F01F         	movff	strtof@digit,??_strtof+1
  5988   000B02  6A20               	clrf	(??_strtof+2)^0,c
  5989   000B04  6A21               	clrf	(??_strtof+3)^0,c
  5990   000B06  6A22               	clrf	(??_strtof+4)^0,c
  5991   000B08  2A1E               	incf	??_strtof^0,f,c
  5992   000B0A  EF8C  F005         	goto	i2u369_40
  5993   000B0E                     i2u369_45:
  5994   000B0E  90D8               	bcf	status,0,c
  5995   000B10  361F               	rlcf	(??_strtof+1)^0,f,c
  5996   000B12  3620               	rlcf	(??_strtof+2)^0,f,c
  5997   000B14  3621               	rlcf	(??_strtof+3)^0,f,c
  5998   000B16  3622               	rlcf	(??_strtof+4)^0,f,c
  5999   000B18                     i2u369_40:
  6000   000B18  2E1E               	decfsz	??_strtof^0,f,c
  6001   000B1A  EF87  F005         	goto	i2u369_45
  6002   000B1E  501F               	movf	(??_strtof+1)^0,w,c
  6003   000B20  122E               	iorwf	strtof@_u^0,f,c
  6004   000B22  5020               	movf	(??_strtof+2)^0,w,c
  6005   000B24  122F               	iorwf	(strtof@_u+1)^0,f,c
  6006   000B26  5021               	movf	(??_strtof+3)^0,w,c
  6007   000B28  1230               	iorwf	(strtof@_u+2)^0,f,c
  6008   000B2A  5022               	movf	(??_strtof+4)^0,w,c
  6009   000B2C  1231               	iorwf	(strtof@_u+3)^0,f,c
  6010   000B2E                     i2l3422:
  6011   000B2E  4A2C               	infsnz	strtof@eexp^0,f,c
  6012   000B30  2A2D               	incf	(strtof@eexp+1)^0,f,c
  6013   000B32  0E04               	movlw	4
  6014   000B34  262A               	addwf	strtof@expon^0,f,c
  6015   000B36  0E00               	movlw	0
  6016   000B38  222B               	addwfc	(strtof@expon+1)^0,f,c
  6017   000B3A  2A32               	incf	strtof@i^0,f,c
  6018   000B3C  EFFB  F004         	goto	i2l3394
  6019   000B40                     i2l3428:
  6020   000B40  501A               	movf	strtof@s^0,w,c
  6021   000B42  2432               	addwf	strtof@i^0,w,c
  6022   000B44  6ED9               	movwf	fsr2l,c
  6023   000B46  6ADA               	clrf	fsr2h,c
  6024   000B48  0E30               	movlw	48
  6025   000B4A  18DE               	xorwf	postinc2,w,c
  6026   000B4C  A4D8               	btfss	status,2,c
  6027   000B4E  EFAB  F005         	goto	i2u370_41
  6028   000B52  EFAD  F005         	goto	i2u370_40
  6029   000B56                     i2u370_41:
  6030   000B56  EFBC  F005         	goto	i2l3434
  6031   000B5A                     i2u370_40:
  6032   000B5A  502C               	movf	strtof@eexp^0,w,c
  6033   000B5C  102D               	iorwf	(strtof@eexp+1)^0,w,c
  6034   000B5E  A4D8               	btfss	status,2,c
  6035   000B60  EFB4  F005         	goto	i2u371_41
  6036   000B64  EFB6  F005         	goto	i2u371_40
  6037   000B68                     i2u371_41:
  6038   000B68  EFBC  F005         	goto	i2l3434
  6039   000B6C                     i2u371_40:
  6040   000B6C  0EFC               	movlw	252
  6041   000B6E  262A               	addwf	strtof@expon^0,f,c
  6042   000B70  0EFF               	movlw	255
  6043   000B72  222B               	addwfc	(strtof@expon+1)^0,f,c
  6044   000B74  EF5D  F006         	goto	i2l3456
  6045   000B78                     i2l3434:
  6046   000B78  501A               	movf	strtof@s^0,w,c
  6047   000B7A  2432               	addwf	strtof@i^0,w,c
  6048   000B7C  6ED9               	movwf	fsr2l,c
  6049   000B7E  6ADA               	clrf	fsr2h,c
  6050   000B80  50DF               	movf	indf2,w,c
  6051   000B82  6E1E               	movwf	??_strtof^0,c
  6052   000B84  501E               	movf	??_strtof^0,w,c
  6053   000B86  6E01               	movwf	isxdigit@c^0,c
  6054   000B88  6A02               	clrf	(isxdigit@c+1)^0,c
  6055   000B8A  ECFB  F015         	call	_isxdigit	;wreg free
  6056   000B8E  5001               	movf	?_isxdigit^0,w,c
  6057   000B90  1002               	iorwf	(?_isxdigit+1)^0,w,c
  6058   000B92  B4D8               	btfsc	status,2,c
  6059   000B94  EFCE  F005         	goto	i2u372_41
  6060   000B98  EFD0  F005         	goto	i2u372_40
  6061   000B9C                     i2u372_41:
  6062   000B9C  EF2D  F006         	goto	i2l3450
  6063   000BA0                     i2u372_40:
  6064   000BA0  6A28               	clrf	strtof@digit^0,c
  6065   000BA2  501A               	movf	strtof@s^0,w,c
  6066   000BA4  2432               	addwf	strtof@i^0,w,c
  6067   000BA6  6ED9               	movwf	fsr2l,c
  6068   000BA8  6ADA               	clrf	fsr2h,c
  6069   000BAA  50DF               	movf	indf2,w,c
  6070   000BAC  6E1E               	movwf	??_strtof^0,c
  6071   000BAE  501E               	movf	??_strtof^0,w,c
  6072   000BB0  6E01               	movwf	isdigit@c^0,c
  6073   000BB2  6A02               	clrf	(isdigit@c+1)^0,c
  6074   000BB4  EC5F  F017         	call	_isdigit	;wreg free
  6075   000BB8  5001               	movf	?_isdigit^0,w,c
  6076   000BBA  1002               	iorwf	(?_isdigit+1)^0,w,c
  6077   000BBC  B4D8               	btfsc	status,2,c
  6078   000BBE  EFE3  F005         	goto	i2u373_41
  6079   000BC2  EFE5  F005         	goto	i2u373_40
  6080   000BC6                     i2u373_41:
  6081   000BC6  EFEE  F005         	goto	i2l3442
  6082   000BCA                     i2u373_40:
  6083   000BCA  501A               	movf	strtof@s^0,w,c
  6084   000BCC  2432               	addwf	strtof@i^0,w,c
  6085   000BCE  6ED9               	movwf	fsr2l,c
  6086   000BD0  6ADA               	clrf	fsr2h,c
  6087   000BD2  50DF               	movf	indf2,w,c
  6088   000BD4  0FD0               	addlw	208
  6089   000BD6  6E28               	movwf	strtof@digit^0,c
  6090   000BD8  EFFC  F005         	goto	i2l3444
  6091   000BDC                     i2l3442:
  6092   000BDC  501A               	movf	strtof@s^0,w,c
  6093   000BDE  2432               	addwf	strtof@i^0,w,c
  6094   000BE0  6ED9               	movwf	fsr2l,c
  6095   000BE2  6ADA               	clrf	fsr2h,c
  6096   000BE4  50DF               	movf	indf2,w,c
  6097   000BE6  6E1E               	movwf	??_strtof^0,c
  6098   000BE8  501E               	movf	??_strtof^0,w,c
  6099   000BEA  6E01               	movwf	toupper@c^0,c
  6100   000BEC  6A02               	clrf	(toupper@c+1)^0,c
  6101   000BEE  EC1B  F017         	call	_toupper	;wreg free
  6102   000BF2  5001               	movf	?_toupper^0,w,c
  6103   000BF4  0FC9               	addlw	201
  6104   000BF6  6E28               	movwf	strtof@digit^0,c
  6105   000BF8                     i2l3444:
  6106   000BF8  BE2D               	btfsc	(strtof@eexp+1)^0,7,c
  6107   000BFA  EF0A  F006         	goto	i2u374_40
  6108   000BFE  502D               	movf	(strtof@eexp+1)^0,w,c
  6109   000C00  E107               	bnz	i2u374_41
  6110   000C02  0E08               	movlw	8
  6111   000C04  5C2C               	subwf	strtof@eexp^0,w,c
  6112   000C06  B0D8               	btfsc	status,0,c
  6113   000C08  EF08  F006         	goto	i2u374_41
  6114   000C0C  EF0A  F006         	goto	i2u374_40
  6115   000C10                     i2u374_41:
  6116   000C10  EF29  F006         	goto	i2l3448
  6117   000C14                     i2u374_40:
  6118   000C14  502C               	movf	strtof@eexp^0,w,c
  6119   000C16  0807               	sublw	7
  6120   000C18  6E1E               	movwf	??_strtof^0,c
  6121   000C1A  90D8               	bcf	status,0,c
  6122   000C1C  361E               	rlcf	??_strtof^0,f,c
  6123   000C1E  90D8               	bcf	status,0,c
  6124   000C20  361E               	rlcf	??_strtof^0,f,c
  6125   000C22  C028  F01F         	movff	strtof@digit,??_strtof+1
  6126   000C26  6A20               	clrf	(??_strtof+2)^0,c
  6127   000C28  6A21               	clrf	(??_strtof+3)^0,c
  6128   000C2A  6A22               	clrf	(??_strtof+4)^0,c
  6129   000C2C  2A1E               	incf	??_strtof^0,f,c
  6130   000C2E  EF1E  F006         	goto	i2u375_40
  6131   000C32                     i2u375_45:
  6132   000C32  90D8               	bcf	status,0,c
  6133   000C34  361F               	rlcf	(??_strtof+1)^0,f,c
  6134   000C36  3620               	rlcf	(??_strtof+2)^0,f,c
  6135   000C38  3621               	rlcf	(??_strtof+3)^0,f,c
  6136   000C3A  3622               	rlcf	(??_strtof+4)^0,f,c
  6137   000C3C                     i2u375_40:
  6138   000C3C  2E1E               	decfsz	??_strtof^0,f,c
  6139   000C3E  EF19  F006         	goto	i2u375_45
  6140   000C42  501F               	movf	(??_strtof+1)^0,w,c
  6141   000C44  122E               	iorwf	strtof@_u^0,f,c
  6142   000C46  5020               	movf	(??_strtof+2)^0,w,c
  6143   000C48  122F               	iorwf	(strtof@_u+1)^0,f,c
  6144   000C4A  5021               	movf	(??_strtof+3)^0,w,c
  6145   000C4C  1230               	iorwf	(strtof@_u+2)^0,f,c
  6146   000C4E  5022               	movf	(??_strtof+4)^0,w,c
  6147   000C50  1231               	iorwf	(strtof@_u+3)^0,f,c
  6148   000C52                     i2l3448:
  6149   000C52  4A2C               	infsnz	strtof@eexp^0,f,c
  6150   000C54  2A2D               	incf	(strtof@eexp+1)^0,f,c
  6151   000C56  EF5D  F006         	goto	i2l3456
  6152   000C5A                     i2l3450:
  6153   000C5A  5032               	movf	strtof@i^0,w,c
  6154   000C5C  6E1E               	movwf	??_strtof^0,c
  6155   000C5E  6A1F               	clrf	(??_strtof+1)^0,c
  6156   000C60  5027               	movf	strtof@dpos^0,w,c
  6157   000C62  6E20               	movwf	(??_strtof+2)^0,c
  6158   000C64  6A21               	clrf	(??_strtof+3)^0,c
  6159   000C66  0E01               	movlw	1
  6160   000C68  2620               	addwf	(??_strtof+2)^0,f,c
  6161   000C6A  0E00               	movlw	0
  6162   000C6C  2221               	addwfc	(??_strtof+3)^0,f,c
  6163   000C6E  501E               	movf	??_strtof^0,w,c
  6164   000C70  1820               	xorwf	(??_strtof+2)^0,w,c
  6165   000C72  E107               	bnz	i2u376_41
  6166   000C74  501F               	movf	(??_strtof+1)^0,w,c
  6167   000C76  1821               	xorwf	(??_strtof+3)^0,w,c
  6168   000C78  A4D8               	btfss	status,2,c
  6169   000C7A  EF41  F006         	goto	i2u376_41
  6170   000C7E  EF43  F006         	goto	i2u376_40
  6171   000C82                     i2u376_41:
  6172   000C82  EF65  F006         	goto	i2l3460
  6173   000C86                     i2u376_40:
  6174   000C86  5027               	movf	strtof@dpos^0,w,c
  6175   000C88  6E1E               	movwf	??_strtof^0,c
  6176   000C8A  6A1F               	clrf	(??_strtof+1)^0,c
  6177   000C8C  5026               	movf	strtof@xpos^0,w,c
  6178   000C8E  6E20               	movwf	(??_strtof+2)^0,c
  6179   000C90  6A21               	clrf	(??_strtof+3)^0,c
  6180   000C92  0E01               	movlw	1
  6181   000C94  2620               	addwf	(??_strtof+2)^0,f,c
  6182   000C96  0E00               	movlw	0
  6183   000C98  2221               	addwfc	(??_strtof+3)^0,f,c
  6184   000C9A  501E               	movf	??_strtof^0,w,c
  6185   000C9C  1820               	xorwf	(??_strtof+2)^0,w,c
  6186   000C9E  E107               	bnz	i2u377_41
  6187   000CA0  501F               	movf	(??_strtof+1)^0,w,c
  6188   000CA2  1821               	xorwf	(??_strtof+3)^0,w,c
  6189   000CA4  A4D8               	btfss	status,2,c
  6190   000CA6  EF57  F006         	goto	i2u377_41
  6191   000CAA  EF59  F006         	goto	i2u377_40
  6192   000CAE                     i2u377_41:
  6193   000CAE  EF65  F006         	goto	i2l3460
  6194   000CB2                     i2u377_40:
  6195   000CB2  C026  F032         	movff	strtof@xpos,strtof@i
  6196   000CB6  EF30  F007         	goto	i2l3514
  6197   000CBA                     i2l3456:
  6198   000CBA  2A32               	incf	strtof@i^0,f,c
  6199   000CBC                     i2l3458:
  6200   000CBC  B829               	btfsc	strtof@flags^0,4,c
  6201   000CBE  EF63  F006         	goto	i2u378_41
  6202   000CC2  EF65  F006         	goto	i2u378_40
  6203   000CC6                     i2u378_41:
  6204   000CC6  EFA0  F005         	goto	i2l3428
  6205   000CCA                     i2u378_40:
  6206   000CCA                     i2l3460:
  6207   000CCA  5032               	movf	strtof@i^0,w,c
  6208   000CCC  261A               	addwf	strtof@s^0,f,c
  6209   000CCE  6A32               	clrf	strtof@i^0,c
  6210   000CD0  501A               	movf	strtof@s^0,w,c
  6211   000CD2  6ED9               	movwf	fsr2l,c
  6212   000CD4  6ADA               	clrf	fsr2h,c
  6213   000CD6  0E70               	movlw	112
  6214   000CD8  18DE               	xorwf	postinc2,w,c
  6215   000CDA  B4D8               	btfsc	status,2,c
  6216   000CDC  EF72  F006         	goto	i2u379_41
  6217   000CE0  EF74  F006         	goto	i2u379_40
  6218   000CE4                     i2u379_41:
  6219   000CE4  EF82  F006         	goto	i2l3470
  6220   000CE8                     i2u379_40:
  6221   000CE8  501A               	movf	strtof@s^0,w,c
  6222   000CEA  6ED9               	movwf	fsr2l,c
  6223   000CEC  6ADA               	clrf	fsr2h,c
  6224   000CEE  0E50               	movlw	80
  6225   000CF0  18DE               	xorwf	postinc2,w,c
  6226   000CF2  B4D8               	btfsc	status,2,c
  6227   000CF4  EF7E  F006         	goto	i2u380_41
  6228   000CF8  EF80  F006         	goto	i2u380_40
  6229   000CFC                     i2u380_41:
  6230   000CFC  EF82  F006         	goto	i2l3470
  6231   000D00                     i2u380_40:
  6232   000D00  EF30  F007         	goto	i2l3514
  6233   000D04                     i2l3470:
  6234   000D04  2A32               	incf	strtof@i^0,f,c
  6235   000D06  501A               	movf	strtof@s^0,w,c
  6236   000D08  6ED9               	movwf	fsr2l,c
  6237   000D0A  6ADA               	clrf	fsr2h,c
  6238   000D0C  0E01               	movlw	1
  6239   000D0E  26D9               	addwf	fsr2l,f,c
  6240   000D10  0E2B               	movlw	43
  6241   000D12  18DE               	xorwf	postinc2,w,c
  6242   000D14  A4D8               	btfss	status,2,c
  6243   000D16  EF8F  F006         	goto	i2u381_41
  6244   000D1A  EF91  F006         	goto	i2u381_40
  6245   000D1E                     i2u381_41:
  6246   000D1E  EF94  F006         	goto	i2l3476
  6247   000D22                     i2u381_40:
  6248   000D22  2A32               	incf	strtof@i^0,f,c
  6249   000D24  EFA4  F006         	goto	i2l3480
  6250   000D28                     i2l3476:
  6251   000D28  501A               	movf	strtof@s^0,w,c
  6252   000D2A  6ED9               	movwf	fsr2l,c
  6253   000D2C  6ADA               	clrf	fsr2h,c
  6254   000D2E  0E01               	movlw	1
  6255   000D30  26D9               	addwf	fsr2l,f,c
  6256   000D32  0E2D               	movlw	45
  6257   000D34  18DE               	xorwf	postinc2,w,c
  6258   000D36  A4D8               	btfss	status,2,c
  6259   000D38  EFA0  F006         	goto	i2u382_41
  6260   000D3C  EFA2  F006         	goto	i2u382_40
  6261   000D40                     i2u382_41:
  6262   000D40  EFA4  F006         	goto	i2l3480
  6263   000D44                     i2u382_40:
  6264   000D44  8629               	bsf	strtof@flags^0,3,c
  6265   000D46  2A32               	incf	strtof@i^0,f,c
  6266   000D48                     i2l3480:
  6267   000D48  501A               	movf	strtof@s^0,w,c
  6268   000D4A  2432               	addwf	strtof@i^0,w,c
  6269   000D4C  6ED9               	movwf	fsr2l,c
  6270   000D4E  6ADA               	clrf	fsr2h,c
  6271   000D50  50DF               	movf	indf2,w,c
  6272   000D52  6E1E               	movwf	??_strtof^0,c
  6273   000D54  501E               	movf	??_strtof^0,w,c
  6274   000D56  6E01               	movwf	isdigit@c^0,c
  6275   000D58  6A02               	clrf	(isdigit@c+1)^0,c
  6276   000D5A  EC5F  F017         	call	_isdigit	;wreg free
  6277   000D5E  5001               	movf	?_isdigit^0,w,c
  6278   000D60  1002               	iorwf	(?_isdigit+1)^0,w,c
  6279   000D62  A4D8               	btfss	status,2,c
  6280   000D64  EFB6  F006         	goto	i2u383_41
  6281   000D68  EFB8  F006         	goto	i2u383_40
  6282   000D6C                     i2u383_41:
  6283   000D6C  EFBB  F006         	goto	i2l3484
  6284   000D70                     i2u383_40:
  6285   000D70  6A32               	clrf	strtof@i^0,c
  6286   000D72  EF30  F007         	goto	i2l3514
  6287   000D76                     i2l3484:
  6288   000D76  5032               	movf	strtof@i^0,w,c
  6289   000D78  261A               	addwf	strtof@s^0,f,c
  6290   000D7A  6A32               	clrf	strtof@i^0,c
  6291   000D7C  EFC1  F006         	goto	i2l3490
  6292   000D80                     i2l3488:
  6293   000D80  2A32               	incf	strtof@i^0,f,c
  6294   000D82                     i2l3490:
  6295   000D82  501A               	movf	strtof@s^0,w,c
  6296   000D84  2432               	addwf	strtof@i^0,w,c
  6297   000D86  6ED9               	movwf	fsr2l,c
  6298   000D88  6ADA               	clrf	fsr2h,c
  6299   000D8A  0E30               	movlw	48
  6300   000D8C  18DE               	xorwf	postinc2,w,c
  6301   000D8E  B4D8               	btfsc	status,2,c
  6302   000D90  EFCC  F006         	goto	i2u384_41
  6303   000D94  EFCE  F006         	goto	i2u384_40
  6304   000D98                     i2u384_41:
  6305   000D98  EFC0  F006         	goto	i2l3488
  6306   000D9C                     i2u384_40:
  6307   000D9C  0E00               	movlw	0
  6308   000D9E  6E2D               	movwf	(strtof@eexp+1)^0,c
  6309   000DA0  0E00               	movlw	0
  6310   000DA2  6E2C               	movwf	strtof@eexp^0,c
  6311   000DA4  EFFB  F006         	goto	i2l3502
  6312   000DA8                     i2l3494:
  6313   000DA8  5032               	movf	strtof@i^0,w,c
  6314   000DAA  B4D8               	btfsc	status,2,c
  6315   000DAC  EFDA  F006         	goto	i2u385_41
  6316   000DB0  EFDC  F006         	goto	i2u385_40
  6317   000DB4                     i2u385_41:
  6318   000DB4  EFEA  F006         	goto	i2l3498
  6319   000DB8                     i2u385_40:
  6320   000DB8  C02C  F001         	movff	strtof@eexp,___wmul@multiplier
  6321   000DBC  C02D  F002         	movff	strtof@eexp+1,___wmul@multiplier+1
  6322   000DC0  0E00               	movlw	0
  6323   000DC2  6E04               	movwf	(___wmul@multiplicand+1)^0,c
  6324   000DC4  0E0A               	movlw	10
  6325   000DC6  6E03               	movwf	___wmul@multiplicand^0,c
  6326   000DC8  EC88  F017         	call	___wmul	;wreg free
  6327   000DCC  C001  F02C         	movff	?___wmul,strtof@eexp
  6328   000DD0  C002  F02D         	movff	?___wmul+1,strtof@eexp+1
  6329   000DD4                     i2l3498:
  6330   000DD4  501A               	movf	strtof@s^0,w,c
  6331   000DD6  2432               	addwf	strtof@i^0,w,c
  6332   000DD8  6ED9               	movwf	fsr2l,c
  6333   000DDA  6ADA               	clrf	fsr2h,c
  6334   000DDC  50DF               	movf	indf2,w,c
  6335   000DDE  6E1E               	movwf	??_strtof^0,c
  6336   000DE0  0ED0               	movlw	208
  6337   000DE2  241E               	addwf	??_strtof^0,w,c
  6338   000DE4  6E1F               	movwf	(??_strtof+1)^0,c
  6339   000DE6  6A20               	clrf	(??_strtof+2)^0,c
  6340   000DE8  0EFF               	movlw	255
  6341   000DEA  2220               	addwfc	(??_strtof+2)^0,f,c
  6342   000DEC  501F               	movf	(??_strtof+1)^0,w,c
  6343   000DEE  262C               	addwf	strtof@eexp^0,f,c
  6344   000DF0  5020               	movf	(??_strtof+2)^0,w,c
  6345   000DF2  222D               	addwfc	(strtof@eexp+1)^0,f,c
  6346   000DF4  2A32               	incf	strtof@i^0,f,c
  6347   000DF6                     i2l3502:
  6348   000DF6  501A               	movf	strtof@s^0,w,c
  6349   000DF8  2432               	addwf	strtof@i^0,w,c
  6350   000DFA  6ED9               	movwf	fsr2l,c
  6351   000DFC  6ADA               	clrf	fsr2h,c
  6352   000DFE  50DF               	movf	indf2,w,c
  6353   000E00  6E1E               	movwf	??_strtof^0,c
  6354   000E02  501E               	movf	??_strtof^0,w,c
  6355   000E04  6E01               	movwf	isdigit@c^0,c
  6356   000E06  6A02               	clrf	(isdigit@c+1)^0,c
  6357   000E08  EC5F  F017         	call	_isdigit	;wreg free
  6358   000E0C  5001               	movf	?_isdigit^0,w,c
  6359   000E0E  1002               	iorwf	(?_isdigit+1)^0,w,c
  6360   000E10  A4D8               	btfss	status,2,c
  6361   000E12  EF0D  F007         	goto	i2u386_41
  6362   000E16  EF0F  F007         	goto	i2u386_40
  6363   000E1A                     i2u386_41:
  6364   000E1A  EFD4  F006         	goto	i2l3494
  6365   000E1E                     i2u386_40:
  6366   000E1E  5032               	movf	strtof@i^0,w,c
  6367   000E20  A4D8               	btfss	status,2,c
  6368   000E22  EF15  F007         	goto	i2u387_41
  6369   000E26  EF17  F007         	goto	i2u387_40
  6370   000E2A                     i2u387_41:
  6371   000E2A  EF21  F007         	goto	i2l1135
  6372   000E2E                     i2u387_40:
  6373   000E2E  0E00               	movlw	0
  6374   000E30  6E1A               	movwf	?_strtof^0,c
  6375   000E32  0E00               	movlw	0
  6376   000E34  6E1B               	movwf	(?_strtof+1)^0,c
  6377   000E36  0E00               	movlw	0
  6378   000E38  6E1C               	movwf	(?_strtof+2)^0,c
  6379   000E3A  0E00               	movlw	0
  6380   000E3C  6E1D               	movwf	(?_strtof+3)^0,c
  6381   000E3E  EFAB  F00A         	goto	i2l1136
  6382   000E42                     i2l1135:
  6383   000E42  A629               	btfss	strtof@flags^0,3,c
  6384   000E44  EF26  F007         	goto	i2u388_41
  6385   000E48  EF28  F007         	goto	i2u388_40
  6386   000E4C                     i2u388_41:
  6387   000E4C  EF2C  F007         	goto	i2l3512
  6388   000E50                     i2u388_40:
  6389   000E50  6C2C               	negf	strtof@eexp^0,c
  6390   000E52  1E2D               	comf	(strtof@eexp+1)^0,f,c
  6391   000E54  B0D8               	btfsc	status,0,c
  6392   000E56  2A2D               	incf	(strtof@eexp+1)^0,f,c
  6393   000E58                     i2l3512:
  6394   000E58  502C               	movf	strtof@eexp^0,w,c
  6395   000E5A  262A               	addwf	strtof@expon^0,f,c
  6396   000E5C  502D               	movf	(strtof@eexp+1)^0,w,c
  6397   000E5E  222B               	addwfc	(strtof@expon+1)^0,f,c
  6398   000E60                     i2l3514:
  6399   000E60  501B               	movf	strtof@res^0,w,c
  6400   000E62  101C               	iorwf	(strtof@res+1)^0,w,c
  6401   000E64  B4D8               	btfsc	status,2,c
  6402   000E66  EF37  F007         	goto	i2u389_41
  6403   000E6A  EF39  F007         	goto	i2u389_40
  6404   000E6E                     i2u389_41:
  6405   000E6E  EF40  F007         	goto	i2l3518
  6406   000E72                     i2u389_40:
  6407   000E72  501A               	movf	strtof@s^0,w,c
  6408   000E74  2432               	addwf	strtof@i^0,w,c
  6409   000E76  C01B  FFD9         	movff	strtof@res,fsr2l
  6410   000E7A  C01C  FFDA         	movff	strtof@res+1,fsr2h
  6411   000E7E  6EDF               	movwf	indf2,c
  6412   000E80                     i2l3518:
  6413   000E80  502E               	movf	strtof@_u^0,w,c
  6414   000E82  102F               	iorwf	(strtof@_u+1)^0,w,c
  6415   000E84  1030               	iorwf	(strtof@_u+2)^0,w,c
  6416   000E86  1031               	iorwf	(strtof@_u+3)^0,w,c
  6417   000E88  A4D8               	btfss	status,2,c
  6418   000E8A  EF49  F007         	goto	i2u390_41
  6419   000E8E  EF4B  F007         	goto	i2u390_40
  6420   000E92                     i2u390_41:
  6421   000E92  EF55  F007         	goto	i2l3524
  6422   000E96                     i2u390_40:
  6423   000E96  0E00               	movlw	0
  6424   000E98  6E1A               	movwf	?_strtof^0,c
  6425   000E9A  0E00               	movlw	0
  6426   000E9C  6E1B               	movwf	(?_strtof+1)^0,c
  6427   000E9E  0E00               	movlw	0
  6428   000EA0  6E1C               	movwf	(?_strtof+2)^0,c
  6429   000EA2  0E00               	movlw	0
  6430   000EA4  6E1D               	movwf	(?_strtof+3)^0,c
  6431   000EA6  EFAB  F00A         	goto	i2l1136
  6432   000EAA                     i2l3524:
  6433   000EAA  0EFF               	movlw	255
  6434   000EAC  142E               	andwf	strtof@_u^0,w,c
  6435   000EAE  6E1E               	movwf	??_strtof^0,c
  6436   000EB0  0E00               	movlw	0
  6437   000EB2  142F               	andwf	(strtof@_u+1)^0,w,c
  6438   000EB4  6E1F               	movwf	(??_strtof+1)^0,c
  6439   000EB6  0E00               	movlw	0
  6440   000EB8  1430               	andwf	(strtof@_u+2)^0,w,c
  6441   000EBA  6E20               	movwf	(??_strtof+2)^0,c
  6442   000EBC  0E00               	movlw	0
  6443   000EBE  1431               	andwf	(strtof@_u+3)^0,w,c
  6444   000EC0  6E21               	movwf	(??_strtof+3)^0,c
  6445   000EC2  5021               	movf	(??_strtof+3)^0,w,c
  6446   000EC4  1020               	iorwf	(??_strtof+2)^0,w,c
  6447   000EC6  101F               	iorwf	(??_strtof+1)^0,w,c
  6448   000EC8  E109               	bnz	i2u391_40
  6449   000ECA  0E81               	movlw	129
  6450   000ECC  5C1E               	subwf	??_strtof^0,w,c
  6451   000ECE  A0D8               	btfss	status,0,c
  6452   000ED0  EF6C  F007         	goto	i2u391_41
  6453   000ED4  EF6E  F007         	goto	i2u391_40
  6454   000ED8                     i2u391_41:
  6455   000ED8  EF80  F007         	goto	i2l3530
  6456   000EDC                     i2u391_40:
  6457   000EDC  0E00               	movlw	0
  6458   000EDE  262E               	addwf	strtof@_u^0,f,c
  6459   000EE0  0E01               	movlw	1
  6460   000EE2  222F               	addwfc	(strtof@_u+1)^0,f,c
  6461   000EE4  0E00               	movlw	0
  6462   000EE6  2230               	addwfc	(strtof@_u+2)^0,f,c
  6463   000EE8  0E00               	movlw	0
  6464   000EEA  2231               	addwfc	(strtof@_u+3)^0,f,c
  6465   000EEC  EF80  F007         	goto	i2l3530
  6466   000EF0                     i2l3528:
  6467   000EF0  90D8               	bcf	status,0,c
  6468   000EF2  362E               	rlcf	strtof@_u^0,f,c
  6469   000EF4  362F               	rlcf	(strtof@_u+1)^0,f,c
  6470   000EF6  3630               	rlcf	(strtof@_u+2)^0,f,c
  6471   000EF8  3631               	rlcf	(strtof@_u+3)^0,f,c
  6472   000EFA  062A               	decf	strtof@expon^0,f,c
  6473   000EFC  A0D8               	btfss	status,0,c
  6474   000EFE  062B               	decf	(strtof@expon+1)^0,f,c
  6475   000F00                     i2l3530:
  6476   000F00  AE31               	btfss	(strtof@_u+3)^0,7,c
  6477   000F02  EF85  F007         	goto	i2u392_41
  6478   000F06  EF87  F007         	goto	i2u392_40
  6479   000F0A                     i2u392_41:
  6480   000F0A  EF78  F007         	goto	i2l3528
  6481   000F0E                     i2u392_40:
  6482   000F0E  AE2B               	btfss	(strtof@expon+1)^0,7,c
  6483   000F10  EF93  F007         	goto	i2u393_41
  6484   000F14  0E83               	movlw	131
  6485   000F16  5C2A               	subwf	strtof@expon^0,w,c
  6486   000F18  0EFF               	movlw	255
  6487   000F1A  582B               	subwfb	(strtof@expon+1)^0,w,c
  6488   000F1C  B0D8               	btfsc	status,0,c
  6489   000F1E  EF93  F007         	goto	i2u393_41
  6490   000F22  EF95  F007         	goto	i2u393_40
  6491   000F26                     i2u393_41:
  6492   000F26  EFA1  F007         	goto	i2l3536
  6493   000F2A                     i2u393_40:
  6494   000F2A  0EFF               	movlw	255
  6495   000F2C  6E2B               	movwf	(strtof@expon+1)^0,c
  6496   000F2E  0E81               	movlw	129
  6497   000F30  6E2A               	movwf	strtof@expon^0,c
  6498   000F32  0E00               	movlw	0
  6499   000F34  6E2E               	movwf	strtof@_u^0,c
  6500   000F36  0E00               	movlw	0
  6501   000F38  6E2F               	movwf	(strtof@_u+1)^0,c
  6502   000F3A  0E00               	movlw	0
  6503   000F3C  6E30               	movwf	(strtof@_u+2)^0,c
  6504   000F3E  0E00               	movlw	0
  6505   000F40  6E31               	movwf	(strtof@_u+3)^0,c
  6506   000F42                     i2l3536:
  6507   000F42  0E81               	movlw	129
  6508   000F44  182A               	xorwf	strtof@expon^0,w,c
  6509   000F46  E108               	bnz	i2u394_40
  6510   000F48  282B               	incf	(strtof@expon+1)^0,w,c
  6511   000F4A  B4D8               	btfsc	status,2,c
  6512   000F4C  EFAA  F007         	goto	i2u394_41
  6513   000F50  EFAC  F007         	goto	i2u394_40
  6514   000F54                     i2u394_41:
  6515   000F54  EFB4  F007         	goto	i2l3540
  6516   000F58                     i2u394_40:
  6517   000F58  90D8               	bcf	status,0,c
  6518   000F5A  362E               	rlcf	strtof@_u^0,f,c
  6519   000F5C  362F               	rlcf	(strtof@_u+1)^0,f,c
  6520   000F5E  3630               	rlcf	(strtof@_u+2)^0,f,c
  6521   000F60  3631               	rlcf	(strtof@_u+3)^0,f,c
  6522   000F62  062A               	decf	strtof@expon^0,f,c
  6523   000F64  A0D8               	btfss	status,0,c
  6524   000F66  062B               	decf	(strtof@expon+1)^0,f,c
  6525   000F68                     i2l3540:
  6526   000F68  BE2B               	btfsc	(strtof@expon+1)^0,7,c
  6527   000F6A  EFC0  F007         	goto	i2u395_41
  6528   000F6E  502B               	movf	(strtof@expon+1)^0,w,c
  6529   000F70  E109               	bnz	i2u395_40
  6530   000F72  0E80               	movlw	128
  6531   000F74  5C2A               	subwf	strtof@expon^0,w,c
  6532   000F76  A0D8               	btfss	status,0,c
  6533   000F78  EFC0  F007         	goto	i2u395_41
  6534   000F7C  EFC2  F007         	goto	i2u395_40
  6535   000F80                     i2u395_41:
  6536   000F80  EFD4  F007         	goto	i2l3544
  6537   000F84                     i2u395_40:
  6538   000F84  0E00               	movlw	0
  6539   000F86  6E2E               	movwf	strtof@_u^0,c
  6540   000F88  0E00               	movlw	0
  6541   000F8A  6E2F               	movwf	(strtof@_u+1)^0,c
  6542   000F8C  0E00               	movlw	0
  6543   000F8E  6E30               	movwf	(strtof@_u+2)^0,c
  6544   000F90  0E00               	movlw	0
  6545   000F92  6E31               	movwf	(strtof@_u+3)^0,c
  6546   000F94  0E00               	movlw	0
  6547   000F96  6E2B               	movwf	(strtof@expon+1)^0,c
  6548   000F98  0E80               	movlw	128
  6549   000F9A  6E2A               	movwf	strtof@expon^0,c
  6550   000F9C  0E00               	movlw	0
  6551   000F9E  6E25               	movwf	(strtof@err+1)^0,c
  6552   000FA0  0E22               	movlw	34
  6553   000FA2  6E24               	movwf	strtof@err^0,c
  6554   000FA4  EF75  F00A         	goto	i2l3668
  6555   000FA8                     i2l3544:
  6556   000FA8  0E09               	movlw	9
  6557   000FAA  6E1E               	movwf	??_strtof^0,c
  6558   000FAC                     i2u396_45:
  6559   000FAC  90D8               	bcf	status,0,c
  6560   000FAE  3231               	rrcf	(strtof@_u+3)^0,f,c
  6561   000FB0  3230               	rrcf	(strtof@_u+2)^0,f,c
  6562   000FB2  322F               	rrcf	(strtof@_u+1)^0,f,c
  6563   000FB4  322E               	rrcf	strtof@_u^0,f,c
  6564   000FB6  2E1E               	decfsz	??_strtof^0,f,c
  6565   000FB8  EFD6  F007         	goto	i2u396_45
  6566   000FBC  0EFF               	movlw	255
  6567   000FBE  162E               	andwf	strtof@_u^0,f,c
  6568   000FC0  0EFF               	movlw	255
  6569   000FC2  162F               	andwf	(strtof@_u+1)^0,f,c
  6570   000FC4  0E7F               	movlw	127
  6571   000FC6  1630               	andwf	(strtof@_u+2)^0,f,c
  6572   000FC8  0E00               	movlw	0
  6573   000FCA  1631               	andwf	(strtof@_u+3)^0,f,c
  6574   000FCC  0E7F               	movlw	127
  6575   000FCE  242A               	addwf	strtof@expon^0,w,c
  6576   000FD0  6E1E               	movwf	??_strtof^0,c
  6577   000FD2  0E00               	movlw	0
  6578   000FD4  202B               	addwfc	(strtof@expon+1)^0,w,c
  6579   000FD6  6E1F               	movwf	(??_strtof+1)^0,c
  6580   000FD8  0EFF               	movlw	255
  6581   000FDA  141E               	andwf	??_strtof^0,w,c
  6582   000FDC  6E20               	movwf	(??_strtof+2)^0,c
  6583   000FDE  6A21               	clrf	(??_strtof+3)^0,c
  6584   000FE0  6A22               	clrf	(??_strtof+4)^0,c
  6585   000FE2  6A23               	clrf	(??_strtof+5)^0,c
  6586   000FE4  0E17               	movlw	23
  6587   000FE6                     i2u397_45:
  6588   000FE6  90D8               	bcf	status,0,c
  6589   000FE8  3620               	rlcf	(??_strtof+2)^0,f,c
  6590   000FEA  3621               	rlcf	(??_strtof+3)^0,f,c
  6591   000FEC  3622               	rlcf	(??_strtof+4)^0,f,c
  6592   000FEE  3623               	rlcf	(??_strtof+5)^0,f,c
  6593   000FF0  2EE8               	decfsz	wreg,f,c
  6594   000FF2  EFF3  F007         	goto	i2u397_45
  6595   000FF6  5020               	movf	(??_strtof+2)^0,w,c
  6596   000FF8  122E               	iorwf	strtof@_u^0,f,c
  6597   000FFA  5021               	movf	(??_strtof+3)^0,w,c
  6598   000FFC  122F               	iorwf	(strtof@_u+1)^0,f,c
  6599   000FFE  5022               	movf	(??_strtof+4)^0,w,c
  6600   001000  1230               	iorwf	(strtof@_u+2)^0,f,c
  6601   001002  5023               	movf	(??_strtof+5)^0,w,c
  6602   001004  1231               	iorwf	(strtof@_u+3)^0,f,c
  6603   001006  EF75  F00A         	goto	i2l3668
  6604   00100A                     i2l1147:
  6605   00100A  B829               	btfsc	strtof@flags^0,4,c
  6606   00100C  EF0A  F008         	goto	i2u398_41
  6607   001010  EF0C  F008         	goto	i2u398_40
  6608   001014                     i2u398_41:
  6609   001014  EF1C  F008         	goto	i2l3550
  6610   001018                     i2u398_40:
  6611   001018  501A               	movf	strtof@s^0,w,c
  6612   00101A  6ED9               	movwf	fsr2l,c
  6613   00101C  6ADA               	clrf	fsr2h,c
  6614   00101E  0E2E               	movlw	46
  6615   001020  18DE               	xorwf	postinc2,w,c
  6616   001022  A4D8               	btfss	status,2,c
  6617   001024  EF16  F008         	goto	i2u399_41
  6618   001028  EF18  F008         	goto	i2u399_40
  6619   00102C                     i2u399_41:
  6620   00102C  EF1C  F008         	goto	i2l3550
  6621   001030                     i2u399_40:
  6622   001030  8829               	bsf	strtof@flags^0,4,c
  6623   001032  2A1A               	incf	strtof@s^0,f,c
  6624   001034  EF05  F008         	goto	i2l1147
  6625   001038                     i2l3550:
  6626   001038  501A               	movf	strtof@s^0,w,c
  6627   00103A  6ED9               	movwf	fsr2l,c
  6628   00103C  6ADA               	clrf	fsr2h,c
  6629   00103E  50DF               	movf	indf2,w,c
  6630   001040  6E1E               	movwf	??_strtof^0,c
  6631   001042  501E               	movf	??_strtof^0,w,c
  6632   001044  6E01               	movwf	isdigit@c^0,c
  6633   001046  6A02               	clrf	(isdigit@c+1)^0,c
  6634   001048  EC5F  F017         	call	_isdigit	;wreg free
  6635   00104C  5001               	movf	?_isdigit^0,w,c
  6636   00104E  1002               	iorwf	(?_isdigit+1)^0,w,c
  6637   001050  A4D8               	btfss	status,2,c
  6638   001052  EF2D  F008         	goto	i2u400_41
  6639   001056  EF2F  F008         	goto	i2u400_40
  6640   00105A                     i2u400_41:
  6641   00105A  EF31  F008         	goto	i2l3554
  6642   00105E                     i2u400_40:
  6643   00105E  EF7D  F008         	goto	i2l3568
  6644   001062                     i2l3554:
  6645   001062  8229               	bsf	strtof@flags^0,1,c
  6646   001064  0E09               	movlw	9
  6647   001066  182C               	xorwf	strtof@eexp^0,w,c
  6648   001068  102D               	iorwf	(strtof@eexp+1)^0,w,c
  6649   00106A  B4D8               	btfsc	status,2,c
  6650   00106C  EF3A  F008         	goto	i2u401_41
  6651   001070  EF3C  F008         	goto	i2u401_40
  6652   001074                     i2u401_41:
  6653   001074  EF71  F008         	goto	i2l1152
  6654   001078                     i2u401_40:
  6655   001078  A829               	btfss	strtof@flags^0,4,c
  6656   00107A  EF41  F008         	goto	i2u402_41
  6657   00107E  EF43  F008         	goto	i2u402_40
  6658   001082                     i2u402_41:
  6659   001082  EF46  F008         	goto	i2l1153
  6660   001086                     i2u402_40:
  6661   001086  062A               	decf	strtof@expon^0,f,c
  6662   001088  A0D8               	btfss	status,0,c
  6663   00108A  062B               	decf	(strtof@expon+1)^0,f,c
  6664   00108C                     i2l1153:
  6665   00108C  4A2C               	infsnz	strtof@eexp^0,f,c
  6666   00108E  2A2D               	incf	(strtof@eexp+1)^0,f,c
  6667   001090  C02E  F001         	movff	strtof@_u,i2___lmul@multiplier
  6668   001094  C02F  F002         	movff	strtof@_u+1,i2___lmul@multiplier+1
  6669   001098  C030  F003         	movff	strtof@_u+2,i2___lmul@multiplier+2
  6670   00109C  C031  F004         	movff	strtof@_u+3,i2___lmul@multiplier+3
  6671   0010A0  0E0A               	movlw	10
  6672   0010A2  6E05               	movwf	i2___lmul@multiplicand^0,c
  6673   0010A4  0E00               	movlw	0
  6674   0010A6  6E06               	movwf	(i2___lmul@multiplicand+1)^0,c
  6675   0010A8  0E00               	movlw	0
  6676   0010AA  6E07               	movwf	(i2___lmul@multiplicand+2)^0,c
  6677   0010AC  0E00               	movlw	0
  6678   0010AE  6E08               	movwf	(i2___lmul@multiplicand+3)^0,c
  6679   0010B0  EC66  F015         	call	i2___lmul	;wreg free
  6680   0010B4  C001  F02E         	movff	?i2___lmul,strtof@_u
  6681   0010B8  C002  F02F         	movff	?i2___lmul+1,strtof@_u+1
  6682   0010BC  C003  F030         	movff	?i2___lmul+2,strtof@_u+2
  6683   0010C0  C004  F031         	movff	?i2___lmul+3,strtof@_u+3
  6684   0010C4  501A               	movf	strtof@s^0,w,c
  6685   0010C6  6ED9               	movwf	fsr2l,c
  6686   0010C8  6ADA               	clrf	fsr2h,c
  6687   0010CA  50DF               	movf	indf2,w,c
  6688   0010CC  6E1E               	movwf	??_strtof^0,c
  6689   0010CE  0ED0               	movlw	208
  6690   0010D0  261E               	addwf	??_strtof^0,f,c
  6691   0010D2  501E               	movf	??_strtof^0,w,c
  6692   0010D4  262E               	addwf	strtof@_u^0,f,c
  6693   0010D6  0E00               	movlw	0
  6694   0010D8  222F               	addwfc	(strtof@_u+1)^0,f,c
  6695   0010DA  2230               	addwfc	(strtof@_u+2)^0,f,c
  6696   0010DC  2231               	addwfc	(strtof@_u+3)^0,f,c
  6697   0010DE  EF7A  F008         	goto	i2l1154
  6698   0010E2                     i2l1152:
  6699   0010E2  B829               	btfsc	strtof@flags^0,4,c
  6700   0010E4  EF76  F008         	goto	i2u403_41
  6701   0010E8  EF78  F008         	goto	i2u403_40
  6702   0010EC                     i2u403_41:
  6703   0010EC  EF7A  F008         	goto	i2l1154
  6704   0010F0                     i2u403_40:
  6705   0010F0  4A2A               	infsnz	strtof@expon^0,f,c
  6706   0010F2  2A2B               	incf	(strtof@expon+1)^0,f,c
  6707   0010F4                     i2l1154:
  6708   0010F4  2A1A               	incf	strtof@s^0,f,c
  6709   0010F6  EF05  F008         	goto	i2l1147
  6710   0010FA                     i2l3568:
  6711   0010FA  0E00               	movlw	0
  6712   0010FC  6E2D               	movwf	(strtof@eexp+1)^0,c
  6713   0010FE  0E00               	movlw	0
  6714   001100  6E2C               	movwf	strtof@eexp^0,c
  6715   001102  501A               	movf	strtof@s^0,w,c
  6716   001104  6ED9               	movwf	fsr2l,c
  6717   001106  6ADA               	clrf	fsr2h,c
  6718   001108  0E65               	movlw	101
  6719   00110A  18DE               	xorwf	postinc2,w,c
  6720   00110C  B4D8               	btfsc	status,2,c
  6721   00110E  EF8B  F008         	goto	i2u404_41
  6722   001112  EF8D  F008         	goto	i2u404_40
  6723   001116                     i2u404_41:
  6724   001116  EF99  F008         	goto	i2l3574
  6725   00111A                     i2u404_40:
  6726   00111A  501A               	movf	strtof@s^0,w,c
  6727   00111C  6ED9               	movwf	fsr2l,c
  6728   00111E  6ADA               	clrf	fsr2h,c
  6729   001120  0E45               	movlw	69
  6730   001122  18DE               	xorwf	postinc2,w,c
  6731   001124  A4D8               	btfss	status,2,c
  6732   001126  EF97  F008         	goto	i2u405_41
  6733   00112A  EF99  F008         	goto	i2u405_40
  6734   00112E                     i2u405_41:
  6735   00112E  EF13  F009         	goto	i2l3604
  6736   001132                     i2u405_40:
  6737   001132                     i2l3574:
  6738   001132  2A1A               	incf	strtof@s^0,f,c
  6739   001134  501A               	movf	strtof@s^0,w,c
  6740   001136  6ED9               	movwf	fsr2l,c
  6741   001138  6ADA               	clrf	fsr2h,c
  6742   00113A  0E2D               	movlw	45
  6743   00113C  18DE               	xorwf	postinc2,w,c
  6744   00113E  A4D8               	btfss	status,2,c
  6745   001140  EFA4  F008         	goto	i2u406_41
  6746   001144  EFA6  F008         	goto	i2u406_40
  6747   001148                     i2u406_41:
  6748   001148  EFAA  F008         	goto	i2l3578
  6749   00114C                     i2u406_40:
  6750   00114C  8629               	bsf	strtof@flags^0,3,c
  6751   00114E  2A1A               	incf	strtof@s^0,f,c
  6752   001150  EFB7  F008         	goto	i2l3584
  6753   001154                     i2l3578:
  6754   001154  501A               	movf	strtof@s^0,w,c
  6755   001156  6ED9               	movwf	fsr2l,c
  6756   001158  6ADA               	clrf	fsr2h,c
  6757   00115A  0E2B               	movlw	43
  6758   00115C  18DE               	xorwf	postinc2,w,c
  6759   00115E  A4D8               	btfss	status,2,c
  6760   001160  EFB4  F008         	goto	i2u407_41
  6761   001164  EFB6  F008         	goto	i2u407_40
  6762   001168                     i2u407_41:
  6763   001168  EFB7  F008         	goto	i2l3584
  6764   00116C                     i2u407_40:
  6765   00116C                     i2l3580:
  6766   00116C  2A1A               	incf	strtof@s^0,f,c
  6767   00116E                     i2l3584:
  6768   00116E  501A               	movf	strtof@s^0,w,c
  6769   001170  6ED9               	movwf	fsr2l,c
  6770   001172  6ADA               	clrf	fsr2h,c
  6771   001174  0E30               	movlw	48
  6772   001176  18DE               	xorwf	postinc2,w,c
  6773   001178  B4D8               	btfsc	status,2,c
  6774   00117A  EFC1  F008         	goto	i2u408_41
  6775   00117E  EFC3  F008         	goto	i2u408_40
  6776   001182                     i2u408_41:
  6777   001182  EFB6  F008         	goto	i2l3580
  6778   001186                     i2u408_40:
  6779   001186  6A28               	clrf	strtof@digit^0,c
  6780   001188  EFDE  F008         	goto	i2l3592
  6781   00118C                     i2l3586:
  6782   00118C  501A               	movf	strtof@s^0,w,c
  6783   00118E  6ED9               	movwf	fsr2l,c
  6784   001190  6ADA               	clrf	fsr2h,c
  6785   001192  50DF               	movf	indf2,w,c
  6786   001194  6E1E               	movwf	??_strtof^0,c
  6787   001196  0ED0               	movlw	208
  6788   001198  261E               	addwf	??_strtof^0,f,c
  6789   00119A  0E0A               	movlw	10
  6790   00119C  022C               	mulwf	strtof@eexp^0,c
  6791   00119E  CFF3 F01F          	movff	prodl,??_strtof+1
  6792   0011A2  CFF4 F020          	movff	prodh,??_strtof+2
  6793   0011A6  022D               	mulwf	(strtof@eexp+1)^0,c
  6794   0011A8  50F3               	movf	prodl,w,c
  6795   0011AA  2620               	addwf	(??_strtof+2)^0,f,c
  6796   0011AC  501E               	movf	??_strtof^0,w,c
  6797   0011AE  241F               	addwf	(??_strtof+1)^0,w,c
  6798   0011B0  6E2C               	movwf	strtof@eexp^0,c
  6799   0011B2  0E00               	movlw	0
  6800   0011B4  2020               	addwfc	(??_strtof+2)^0,w,c
  6801   0011B6  6E2D               	movwf	(strtof@eexp+1)^0,c
  6802   0011B8  2A1A               	incf	strtof@s^0,f,c
  6803   0011BA  2A28               	incf	strtof@digit^0,f,c
  6804   0011BC                     i2l3592:
  6805   0011BC  501A               	movf	strtof@s^0,w,c
  6806   0011BE  6ED9               	movwf	fsr2l,c
  6807   0011C0  6ADA               	clrf	fsr2h,c
  6808   0011C2  50DF               	movf	indf2,w,c
  6809   0011C4  6E1E               	movwf	??_strtof^0,c
  6810   0011C6  501E               	movf	??_strtof^0,w,c
  6811   0011C8  6E01               	movwf	isdigit@c^0,c
  6812   0011CA  6A02               	clrf	(isdigit@c+1)^0,c
  6813   0011CC  EC5F  F017         	call	_isdigit	;wreg free
  6814   0011D0  5001               	movf	?_isdigit^0,w,c
  6815   0011D2  1002               	iorwf	(?_isdigit+1)^0,w,c
  6816   0011D4  A4D8               	btfss	status,2,c
  6817   0011D6  EFEF  F008         	goto	i2u409_41
  6818   0011DA  EFF1  F008         	goto	i2u409_40
  6819   0011DE                     i2u409_41:
  6820   0011DE  EFC6  F008         	goto	i2l3586
  6821   0011E2                     i2u409_40:
  6822   0011E2  5028               	movf	strtof@digit^0,w,c
  6823   0011E4  A4D8               	btfss	status,2,c
  6824   0011E6  EFF7  F008         	goto	i2u410_41
  6825   0011EA  EFF9  F008         	goto	i2u410_40
  6826   0011EE                     i2u410_41:
  6827   0011EE  EF08  F009         	goto	i2l3600
  6828   0011F2                     i2u410_40:
  6829   0011F2  501A               	movf	strtof@s^0,w,c
  6830   0011F4  6ED9               	movwf	fsr2l,c
  6831   0011F6  6ADA               	clrf	fsr2h,c
  6832   0011F8  0EFF               	movlw	255
  6833   0011FA  26D9               	addwf	fsr2l,f,c
  6834   0011FC  0E30               	movlw	48
  6835   0011FE  18DE               	xorwf	postinc2,w,c
  6836   001200  B4D8               	btfsc	status,2,c
  6837   001202  EF05  F009         	goto	i2u411_41
  6838   001206  EF07  F009         	goto	i2u411_40
  6839   00120A                     i2u411_41:
  6840   00120A  EF08  F009         	goto	i2l3600
  6841   00120E                     i2u411_40:
  6842   00120E  061A               	decf	strtof@s^0,f,c
  6843   001210                     i2l3600:
  6844   001210  A629               	btfss	strtof@flags^0,3,c
  6845   001212  EF0D  F009         	goto	i2u412_41
  6846   001216  EF0F  F009         	goto	i2u412_40
  6847   00121A                     i2u412_41:
  6848   00121A  EF13  F009         	goto	i2l3604
  6849   00121E                     i2u412_40:
  6850   00121E  6C2C               	negf	strtof@eexp^0,c
  6851   001220  1E2D               	comf	(strtof@eexp+1)^0,f,c
  6852   001222  B0D8               	btfsc	status,0,c
  6853   001224  2A2D               	incf	(strtof@eexp+1)^0,f,c
  6854   001226                     i2l3604:
  6855   001226  502C               	movf	strtof@eexp^0,w,c
  6856   001228  262A               	addwf	strtof@expon^0,f,c
  6857   00122A  502D               	movf	(strtof@eexp+1)^0,w,c
  6858   00122C  222B               	addwfc	(strtof@expon+1)^0,f,c
  6859   00122E  501B               	movf	strtof@res^0,w,c
  6860   001230  101C               	iorwf	(strtof@res+1)^0,w,c
  6861   001232  B4D8               	btfsc	status,2,c
  6862   001234  EF1E  F009         	goto	i2u413_41
  6863   001238  EF20  F009         	goto	i2u413_40
  6864   00123C                     i2u413_41:
  6865   00123C  EF2D  F009         	goto	i2l3612
  6866   001240                     i2u413_40:
  6867   001240  A229               	btfss	strtof@flags^0,1,c
  6868   001242  EF25  F009         	goto	i2u414_41
  6869   001246  EF27  F009         	goto	i2u414_40
  6870   00124A                     i2u414_41:
  6871   00124A  EF2D  F009         	goto	i2l3612
  6872   00124E                     i2u414_40:
  6873   00124E  C01B  FFD9         	movff	strtof@res,fsr2l
  6874   001252  C01C  FFDA         	movff	strtof@res+1,fsr2h
  6875   001256  C01A  FFDF         	movff	strtof@s,indf2
  6876   00125A                     i2l3612:
  6877   00125A  C02E  F001         	movff	strtof@_u,___xxtofl@val
  6878   00125E  C02F  F002         	movff	strtof@_u+1,___xxtofl@val+1
  6879   001262  C030  F003         	movff	strtof@_u+2,___xxtofl@val+2
  6880   001266  C031  F004         	movff	strtof@_u+3,___xxtofl@val+3
  6881   00126A  0E00               	movlw	0
  6882   00126C  EC87  F00E         	call	___xxtofl
  6883   001270  C001  F02E         	movff	?___xxtofl,strtof@_u
  6884   001274  C002  F02F         	movff	?___xxtofl+1,strtof@_u+1
  6885   001278  C003  F030         	movff	?___xxtofl+2,strtof@_u+2
  6886   00127C  C004  F031         	movff	?___xxtofl+3,strtof@_u+3
  6887   001280  C02E  F001         	movff	strtof@_u,___fleq@ff1
  6888   001284  C02F  F002         	movff	strtof@_u+1,___fleq@ff1+1
  6889   001288  C030  F003         	movff	strtof@_u+2,___fleq@ff1+2
  6890   00128C  C031  F004         	movff	strtof@_u+3,___fleq@ff1+3
  6891   001290  0E00               	movlw	0
  6892   001292  6E05               	movwf	___fleq@ff2^0,c
  6893   001294  0E00               	movlw	0
  6894   001296  6E06               	movwf	(___fleq@ff2+1)^0,c
  6895   001298  0E00               	movlw	0
  6896   00129A  6E07               	movwf	(___fleq@ff2+2)^0,c
  6897   00129C  0E00               	movlw	0
  6898   00129E  6E08               	movwf	(___fleq@ff2+3)^0,c
  6899   0012A0  EC7D  F012         	call	___fleq	;wreg free
  6900   0012A4  A0D8               	btfss	status,0,c
  6901   0012A6  EF57  F009         	goto	i2u415_41
  6902   0012AA  EF59  F009         	goto	i2u415_40
  6903   0012AE                     i2u415_41:
  6904   0012AE  EF63  F009         	goto	i2l3620
  6905   0012B2                     i2u415_40:
  6906   0012B2  0E00               	movlw	0
  6907   0012B4  6E1A               	movwf	?_strtof^0,c
  6908   0012B6  0E00               	movlw	0
  6909   0012B8  6E1B               	movwf	(?_strtof+1)^0,c
  6910   0012BA  0E00               	movlw	0
  6911   0012BC  6E1C               	movwf	(?_strtof+2)^0,c
  6912   0012BE  0E00               	movlw	0
  6913   0012C0  6E1D               	movwf	(?_strtof+3)^0,c
  6914   0012C2  EFAB  F00A         	goto	i2l1136
  6915   0012C6                     i2l3620:
  6916   0012C6  BE2B               	btfsc	(strtof@expon+1)^0,7,c
  6917   0012C8  EF6A  F009         	goto	i2u416_40
  6918   0012CC  EF68  F009         	goto	i2u416_41
  6919   0012D0                     i2u416_41:
  6920   0012D0  EFF8  F009         	goto	i2l3648
  6921   0012D4                     i2u416_40:
  6922   0012D4  6C2A               	negf	strtof@expon^0,c
  6923   0012D6  1E2B               	comf	(strtof@expon+1)^0,f,c
  6924   0012D8  B0D8               	btfsc	status,0,c
  6925   0012DA  2A2B               	incf	(strtof@expon+1)^0,f,c
  6926   0012DC  EF8E  F009         	goto	i2l3628
  6927   0012E0                     i2l3624:
  6928   0012E0  C02E  F001         	movff	strtof@_u,___fldiv@b
  6929   0012E4  C02F  F002         	movff	strtof@_u+1,___fldiv@b+1
  6930   0012E8  C030  F003         	movff	strtof@_u+2,___fldiv@b+2
  6931   0012EC  C031  F004         	movff	strtof@_u+3,___fldiv@b+3
  6932   0012F0  0EF9               	movlw	249
  6933   0012F2  6E05               	movwf	___fldiv@a^0,c
  6934   0012F4  0E02               	movlw	2
  6935   0012F6  6E06               	movwf	(___fldiv@a+1)^0,c
  6936   0012F8  0E15               	movlw	21
  6937   0012FA  6E07               	movwf	(___fldiv@a+2)^0,c
  6938   0012FC  0E50               	movlw	80
  6939   0012FE  6E08               	movwf	(___fldiv@a+3)^0,c
  6940   001300  ECBF  F00C         	call	___fldiv	;wreg free
  6941   001304  C001  F02E         	movff	?___fldiv,strtof@_u
  6942   001308  C002  F02F         	movff	?___fldiv+1,strtof@_u+1
  6943   00130C  C003  F030         	movff	?___fldiv+2,strtof@_u+2
  6944   001310  C004  F031         	movff	?___fldiv+3,strtof@_u+3
  6945   001314  0EF6               	movlw	246
  6946   001316  262A               	addwf	strtof@expon^0,f,c
  6947   001318  0EFF               	movlw	255
  6948   00131A  222B               	addwfc	(strtof@expon+1)^0,f,c
  6949   00131C                     i2l3628:
  6950   00131C  BE2B               	btfsc	(strtof@expon+1)^0,7,c
  6951   00131E  EF9C  F009         	goto	i2u417_40
  6952   001322  502B               	movf	(strtof@expon+1)^0,w,c
  6953   001324  E107               	bnz	i2u417_41
  6954   001326  0E0A               	movlw	10
  6955   001328  5C2A               	subwf	strtof@expon^0,w,c
  6956   00132A  B0D8               	btfsc	status,0,c
  6957   00132C  EF9A  F009         	goto	i2u417_41
  6958   001330  EF9C  F009         	goto	i2u417_40
  6959   001334                     i2u417_41:
  6960   001334  EF70  F009         	goto	i2l3624
  6961   001338                     i2u417_40:
  6962   001338  EFBB  F009         	goto	i2l3634
  6963   00133C                     i2l3630:
  6964   00133C  C02E  F001         	movff	strtof@_u,___fldiv@b
  6965   001340  C02F  F002         	movff	strtof@_u+1,___fldiv@b+1
  6966   001344  C030  F003         	movff	strtof@_u+2,___fldiv@b+2
  6967   001348  C031  F004         	movff	strtof@_u+3,___fldiv@b+3
  6968   00134C  0E00               	movlw	0
  6969   00134E  6E05               	movwf	___fldiv@a^0,c
  6970   001350  0E00               	movlw	0
  6971   001352  6E06               	movwf	(___fldiv@a+1)^0,c
  6972   001354  0E20               	movlw	32
  6973   001356  6E07               	movwf	(___fldiv@a+2)^0,c
  6974   001358  0E41               	movlw	65
  6975   00135A  6E08               	movwf	(___fldiv@a+3)^0,c
  6976   00135C  ECBF  F00C         	call	___fldiv	;wreg free
  6977   001360  C001  F02E         	movff	?___fldiv,strtof@_u
  6978   001364  C002  F02F         	movff	?___fldiv+1,strtof@_u+1
  6979   001368  C003  F030         	movff	?___fldiv+2,strtof@_u+2
  6980   00136C  C004  F031         	movff	?___fldiv+3,strtof@_u+3
  6981   001370  062A               	decf	strtof@expon^0,f,c
  6982   001372  A0D8               	btfss	status,0,c
  6983   001374  062B               	decf	(strtof@expon+1)^0,f,c
  6984   001376                     i2l3634:
  6985   001376  502A               	movf	strtof@expon^0,w,c
  6986   001378  102B               	iorwf	(strtof@expon+1)^0,w,c
  6987   00137A  A4D8               	btfss	status,2,c
  6988   00137C  EFC2  F009         	goto	i2u418_41
  6989   001380  EFC4  F009         	goto	i2u418_40
  6990   001384                     i2u418_41:
  6991   001384  EF9E  F009         	goto	i2l3630
  6992   001388                     i2u418_40:
  6993   001388  C02E  F001         	movff	strtof@_u,___flge@ff1
  6994   00138C  C02F  F002         	movff	strtof@_u+1,___flge@ff1+1
  6995   001390  C030  F003         	movff	strtof@_u+2,___flge@ff1+2
  6996   001394  C031  F004         	movff	strtof@_u+3,___flge@ff1+3
  6997   001398  0E00               	movlw	0
  6998   00139A  6E05               	movwf	___flge@ff2^0,c
  6999   00139C  0E00               	movlw	0
  7000   00139E  6E06               	movwf	(___flge@ff2+1)^0,c
  7001   0013A0  0E80               	movlw	128
  7002   0013A2  6E07               	movwf	(___flge@ff2+2)^0,c
  7003   0013A4  0E00               	movlw	0
  7004   0013A6  6E08               	movwf	(___flge@ff2+3)^0,c
  7005   0013A8  ECBB  F010         	call	___flge	;wreg free
  7006   0013AC  B0D8               	btfsc	status,0,c
  7007   0013AE  EFDB  F009         	goto	i2u419_41
  7008   0013B2  EFDD  F009         	goto	i2u419_40
  7009   0013B6                     i2u419_41:
  7010   0013B6  EF75  F00A         	goto	i2l3668
  7011   0013BA                     i2u419_40:
  7012   0013BA  A029               	btfss	strtof@flags^0,0,c
  7013   0013BC  EFE2  F009         	goto	i2u420_41
  7014   0013C0  EFE4  F009         	goto	i2u420_40
  7015   0013C4                     i2u420_41:
  7016   0013C4  EFEE  F009         	goto	i2l3644
  7017   0013C8                     i2u420_40:
  7018   0013C8  0E00               	movlw	0
  7019   0013CA  6E1A               	movwf	?_strtof^0,c
  7020   0013CC  0E00               	movlw	0
  7021   0013CE  6E1B               	movwf	(?_strtof+1)^0,c
  7022   0013D0  0E80               	movlw	128
  7023   0013D2  6E1C               	movwf	(?_strtof+2)^0,c
  7024   0013D4  0E80               	movlw	128
  7025   0013D6  6E1D               	movwf	(?_strtof+3)^0,c
  7026   0013D8  EFAB  F00A         	goto	i2l1136
  7027   0013DC                     i2l3644:
  7028   0013DC  0E00               	movlw	0
  7029   0013DE  6E1A               	movwf	?_strtof^0,c
  7030   0013E0  0E00               	movlw	0
  7031   0013E2  6E1B               	movwf	(?_strtof+1)^0,c
  7032   0013E4  0E80               	movlw	128
  7033   0013E6  6E1C               	movwf	(?_strtof+2)^0,c
  7034   0013E8  0E00               	movlw	0
  7035   0013EA  6E1D               	movwf	(?_strtof+3)^0,c
  7036   0013EC  EFAB  F00A         	goto	i2l1136
  7037   0013F0                     i2l3648:
  7038   0013F0  BE2B               	btfsc	(strtof@expon+1)^0,7,c
  7039   0013F2  EF03  F00A         	goto	i2u421_41
  7040   0013F6  502B               	movf	(strtof@expon+1)^0,w,c
  7041   0013F8  E108               	bnz	i2u421_40
  7042   0013FA  042A               	decf	strtof@expon^0,w,c
  7043   0013FC  A0D8               	btfss	status,0,c
  7044   0013FE  EF03  F00A         	goto	i2u421_41
  7045   001402  EF05  F00A         	goto	i2u421_40
  7046   001406                     i2u421_41:
  7047   001406  EF75  F00A         	goto	i2l3668
  7048   00140A                     i2u421_40:
  7049   00140A  EF25  F00A         	goto	i2l3656
  7050   00140E                     i2l3652:
  7051   00140E  C02E  F001         	movff	strtof@_u,___flmul@b
  7052   001412  C02F  F002         	movff	strtof@_u+1,___flmul@b+1
  7053   001416  C030  F003         	movff	strtof@_u+2,___flmul@b+2
  7054   00141A  C031  F004         	movff	strtof@_u+3,___flmul@b+3
  7055   00141E  0EF9               	movlw	249
  7056   001420  6E05               	movwf	___flmul@a^0,c
  7057   001422  0E02               	movlw	2
  7058   001424  6E06               	movwf	(___flmul@a+1)^0,c
  7059   001426  0E15               	movlw	21
  7060   001428  6E07               	movwf	(___flmul@a+2)^0,c
  7061   00142A  0E50               	movlw	80
  7062   00142C  6E08               	movwf	(___flmul@a+3)^0,c
  7063   00142E  ECAC  F00A         	call	___flmul	;wreg free
  7064   001432  C001  F02E         	movff	?___flmul,strtof@_u
  7065   001436  C002  F02F         	movff	?___flmul+1,strtof@_u+1
  7066   00143A  C003  F030         	movff	?___flmul+2,strtof@_u+2
  7067   00143E  C004  F031         	movff	?___flmul+3,strtof@_u+3
  7068   001442  0EF6               	movlw	246
  7069   001444  262A               	addwf	strtof@expon^0,f,c
  7070   001446  0EFF               	movlw	255
  7071   001448  222B               	addwfc	(strtof@expon+1)^0,f,c
  7072   00144A                     i2l3656:
  7073   00144A  502B               	movf	(strtof@expon+1)^0,w,c
  7074   00144C  E107               	bnz	i2u422_41
  7075   00144E  0E0A               	movlw	10
  7076   001450  5C2A               	subwf	strtof@expon^0,w,c
  7077   001452  B0D8               	btfsc	status,0,c
  7078   001454  EF2E  F00A         	goto	i2u422_41
  7079   001458  EF30  F00A         	goto	i2u422_40
  7080   00145C                     i2u422_41:
  7081   00145C  EF07  F00A         	goto	i2l3652
  7082   001460                     i2u422_40:
  7083   001460  EF4F  F00A         	goto	i2l3662
  7084   001464                     i2l3658:
  7085   001464  C02E  F001         	movff	strtof@_u,___flmul@b
  7086   001468  C02F  F002         	movff	strtof@_u+1,___flmul@b+1
  7087   00146C  C030  F003         	movff	strtof@_u+2,___flmul@b+2
  7088   001470  C031  F004         	movff	strtof@_u+3,___flmul@b+3
  7089   001474  0E00               	movlw	0
  7090   001476  6E05               	movwf	___flmul@a^0,c
  7091   001478  0E00               	movlw	0
  7092   00147A  6E06               	movwf	(___flmul@a+1)^0,c
  7093   00147C  0E20               	movlw	32
  7094   00147E  6E07               	movwf	(___flmul@a+2)^0,c
  7095   001480  0E41               	movlw	65
  7096   001482  6E08               	movwf	(___flmul@a+3)^0,c
  7097   001484  ECAC  F00A         	call	___flmul	;wreg free
  7098   001488  C001  F02E         	movff	?___flmul,strtof@_u
  7099   00148C  C002  F02F         	movff	?___flmul+1,strtof@_u+1
  7100   001490  C003  F030         	movff	?___flmul+2,strtof@_u+2
  7101   001494  C004  F031         	movff	?___flmul+3,strtof@_u+3
  7102   001498  062A               	decf	strtof@expon^0,f,c
  7103   00149A  A0D8               	btfss	status,0,c
  7104   00149C  062B               	decf	(strtof@expon+1)^0,f,c
  7105   00149E                     i2l3662:
  7106   00149E  502A               	movf	strtof@expon^0,w,c
  7107   0014A0  102B               	iorwf	(strtof@expon+1)^0,w,c
  7108   0014A2  A4D8               	btfss	status,2,c
  7109   0014A4  EF56  F00A         	goto	i2u423_41
  7110   0014A8  EF58  F00A         	goto	i2u423_40
  7111   0014AC                     i2u423_41:
  7112   0014AC  EF32  F00A         	goto	i2l3658
  7113   0014B0                     i2u423_40:
  7114   0014B0  0EFF               	movlw	255
  7115   0014B2  6E01               	movwf	___flge@ff1^0,c
  7116   0014B4  0EFF               	movlw	255
  7117   0014B6  6E02               	movwf	(___flge@ff1+1)^0,c
  7118   0014B8  0E7F               	movlw	127
  7119   0014BA  6E03               	movwf	(___flge@ff1+2)^0,c
  7120   0014BC  0E7F               	movlw	127
  7121   0014BE  6E04               	movwf	(___flge@ff1+3)^0,c
  7122   0014C0  C02E  F005         	movff	strtof@_u,___flge@ff2
  7123   0014C4  C02F  F006         	movff	strtof@_u+1,___flge@ff2+1
  7124   0014C8  C030  F007         	movff	strtof@_u+2,___flge@ff2+2
  7125   0014CC  C031  F008         	movff	strtof@_u+3,___flge@ff2+3
  7126   0014D0  ECBB  F010         	call	___flge	;wreg free
  7127   0014D4  B0D8               	btfsc	status,0,c
  7128   0014D6  EF6F  F00A         	goto	i2u424_41
  7129   0014DA  EF71  F00A         	goto	i2u424_40
  7130   0014DE                     i2u424_41:
  7131   0014DE  EF75  F00A         	goto	i2l3668
  7132   0014E2                     i2u424_40:
  7133   0014E2  0E00               	movlw	0
  7134   0014E4  6E25               	movwf	(strtof@err+1)^0,c
  7135   0014E6  0E22               	movlw	34
  7136   0014E8  6E24               	movwf	strtof@err^0,c
  7137   0014EA                     i2l3668:
  7138   0014EA  5024               	movf	strtof@err^0,w,c
  7139   0014EC  1025               	iorwf	(strtof@err+1)^0,w,c
  7140   0014EE  B4D8               	btfsc	status,2,c
  7141   0014F0  EF7C  F00A         	goto	i2u425_41
  7142   0014F4  EF7E  F00A         	goto	i2u425_40
  7143   0014F8                     i2u425_41:
  7144   0014F8  EF8A  F00A         	goto	i2l3674
  7145   0014FC                     i2u425_40:
  7146   0014FC  C024  F04A         	movff	strtof@err,_errno
  7147   001500  C025  F04B         	movff	strtof@err+1,_errno+1
  7148   001504  0E00               	movlw	0
  7149   001506  6E2E               	movwf	strtof@_u^0,c
  7150   001508  0E00               	movlw	0
  7151   00150A  6E2F               	movwf	(strtof@_u+1)^0,c
  7152   00150C  0E80               	movlw	128
  7153   00150E  6E30               	movwf	(strtof@_u+2)^0,c
  7154   001510  0E7F               	movlw	127
  7155   001512  6E31               	movwf	(strtof@_u+3)^0,c
  7156   001514                     i2l3674:
  7157   001514  A029               	btfss	strtof@flags^0,0,c
  7158   001516  EF8F  F00A         	goto	i2u426_41
  7159   00151A  EF91  F00A         	goto	i2u426_40
  7160   00151E                     i2u426_41:
  7161   00151E  EFA3  F00A         	goto	i2l3678
  7162   001522                     i2u426_40:
  7163   001522  C02E  F001         	movff	strtof@_u,___flneg@f1
  7164   001526  C02F  F002         	movff	strtof@_u+1,___flneg@f1+1
  7165   00152A  C030  F003         	movff	strtof@_u+2,___flneg@f1+2
  7166   00152E  C031  F004         	movff	strtof@_u+3,___flneg@f1+3
  7167   001532  ECCB  F016         	call	___flneg	;wreg free
  7168   001536  C001  F02E         	movff	?___flneg,strtof@_u
  7169   00153A  C002  F02F         	movff	?___flneg+1,strtof@_u+1
  7170   00153E  C003  F030         	movff	?___flneg+2,strtof@_u+2
  7171   001542  C004  F031         	movff	?___flneg+3,strtof@_u+3
  7172   001546                     i2l3678:
  7173   001546  C02E  F01A         	movff	strtof@_u,?_strtof
  7174   00154A  C02F  F01B         	movff	strtof@_u+1,?_strtof+1
  7175   00154E  C030  F01C         	movff	strtof@_u+2,?_strtof+2
  7176   001552  C031  F01D         	movff	strtof@_u+3,?_strtof+3
  7177   001556                     i2l1136:
  7178   001556  0012               	return		;funcret
  7179   001558                     __end_of_strtof:
  7180                           	callstack 0
  7181                           
  7182 ;; *************** function i2___lmul *****************
  7183 ;; Defined at:
  7184 ;;		line 15 in file "C:\Program Files\Microchip\xc8\v3.00\pic\sources\c99\common\Umul32.c"
  7185 ;; Parameters:    Size  Location     Type
  7186 ;;  multiplier      4    0[COMRAM] unsigned long 
  7187 ;;  multiplicand    4    4[COMRAM] unsigned long 
  7188 ;; Auto vars:     Size  Location     Type
  7189 ;;  product         4    8[COMRAM] unsigned long 
  7190 ;; Return value:  Size  Location     Type
  7191 ;;                  4    0[COMRAM] unsigned long 
  7192 ;; Registers used:
  7193 ;;		wreg, status,2, status,0
  7194 ;; Tracked objects:
  7195 ;;		On entry : 0/0
  7196 ;;		On exit  : 0/0
  7197 ;;		Unchanged: 0/0
  7198 ;; Data sizes:     COMRAM   BANK0   BANK1   BANK2   BANK3   BANK4   BANK5
  7199 ;;      Params:         8       0       0       0       0       0       0
  7200 ;;      Locals:         4       0       0       0       0       0       0
  7201 ;;      Temps:          0       0       0       0       0       0       0
  7202 ;;      Totals:        12       0       0       0       0       0       0
  7203 ;;Total ram usage:       12 bytes
  7204 ;; Hardware stack levels used: 1
  7205 ;; This function calls:
  7206 ;;		Nothing
  7207 ;; This function is called by:
  7208 ;;		_strtof
  7209 ;;		i2_AngleToDutyCycle
  7210 ;; This function uses a non-reentrant model
  7211 ;;
  7212                           
  7213                           	psect	text37
  7214   002ACC                     __ptext37:
  7215                           	callstack 0
  7216   002ACC                     i2___lmul:
  7217                           	callstack 19
  7218   002ACC  0E00               	movlw	0
  7219   002ACE  6E09               	movwf	i2___lmul@product^0,c
  7220   002AD0  0E00               	movlw	0
  7221   002AD2  6E0A               	movwf	(i2___lmul@product+1)^0,c
  7222   002AD4  0E00               	movlw	0
  7223   002AD6  6E0B               	movwf	(i2___lmul@product+2)^0,c
  7224   002AD8  0E00               	movlw	0
  7225   002ADA  6E0C               	movwf	(i2___lmul@product+3)^0,c
  7226   002ADC                     i2l2644:
  7227   002ADC  A001               	btfss	i2___lmul@multiplier^0,0,c
  7228   002ADE  EF73  F015         	goto	i2u241_41
  7229   002AE2  EF75  F015         	goto	i2u241_40
  7230   002AE6                     i2u241_41:
  7231   002AE6  EF7D  F015         	goto	i2l2648
  7232   002AEA                     i2u241_40:
  7233   002AEA  5005               	movf	i2___lmul@multiplicand^0,w,c
  7234   002AEC  2609               	addwf	i2___lmul@product^0,f,c
  7235   002AEE  5006               	movf	(i2___lmul@multiplicand+1)^0,w,c
  7236   002AF0  220A               	addwfc	(i2___lmul@product+1)^0,f,c
  7237   002AF2  5007               	movf	(i2___lmul@multiplicand+2)^0,w,c
  7238   002AF4  220B               	addwfc	(i2___lmul@product+2)^0,f,c
  7239   002AF6  5008               	movf	(i2___lmul@multiplicand+3)^0,w,c
  7240   002AF8  220C               	addwfc	(i2___lmul@product+3)^0,f,c
  7241   002AFA                     i2l2648:
  7242   002AFA  90D8               	bcf	status,0,c
  7243   002AFC  3605               	rlcf	i2___lmul@multiplicand^0,f,c
  7244   002AFE  3606               	rlcf	(i2___lmul@multiplicand+1)^0,f,c
  7245   002B00  3607               	rlcf	(i2___lmul@multiplicand+2)^0,f,c
  7246   002B02  3608               	rlcf	(i2___lmul@multiplicand+3)^0,f,c
  7247   002B04  90D8               	bcf	status,0,c
  7248   002B06  3204               	rrcf	(i2___lmul@multiplier+3)^0,f,c
  7249   002B08  3203               	rrcf	(i2___lmul@multiplier+2)^0,f,c
  7250   002B0A  3202               	rrcf	(i2___lmul@multiplier+1)^0,f,c
  7251   002B0C  3201               	rrcf	i2___lmul@multiplier^0,f,c
  7252   002B0E  5001               	movf	i2___lmul@multiplier^0,w,c
  7253   002B10  1002               	iorwf	(i2___lmul@multiplier+1)^0,w,c
  7254   002B12  1003               	iorwf	(i2___lmul@multiplier+2)^0,w,c
  7255   002B14  1004               	iorwf	(i2___lmul@multiplier+3)^0,w,c
  7256   002B16  A4D8               	btfss	status,2,c
  7257   002B18  EF90  F015         	goto	i2u242_41
  7258   002B1C  EF92  F015         	goto	i2u242_40
  7259   002B20                     i2u242_41:
  7260   002B20  EF6E  F015         	goto	i2l2644
  7261   002B24                     i2u242_40:
  7262   002B24  C009  F001         	movff	i2___lmul@product,?i2___lmul
  7263   002B28  C00A  F002         	movff	i2___lmul@product+1,?i2___lmul+1
  7264   002B2C  C00B  F003         	movff	i2___lmul@product+2,?i2___lmul+2
  7265   002B30  C00C  F004         	movff	i2___lmul@product+3,?i2___lmul+3
  7266   002B34  0012               	return		;funcret
  7267   002B36                     __end_ofi2___lmul:
  7268                           	callstack 0
  7269                           
  7270 ;; *************** function _toupper *****************
  7271 ;; Defined at:
  7272 ;;		line 8 in file "C:\Program Files\Microchip\xc8\v3.00\pic\sources\c99\common\toupper.c"
  7273 ;; Parameters:    Size  Location     Type
  7274 ;;  c               2    0[COMRAM] int 
  7275 ;; Auto vars:     Size  Location     Type
  7276 ;;		None
  7277 ;; Return value:  Size  Location     Type
  7278 ;;                  2    0[COMRAM] int 
  7279 ;; Registers used:
  7280 ;;		wreg, status,2, status,0
  7281 ;; Tracked objects:
  7282 ;;		On entry : 0/0
  7283 ;;		On exit  : 0/0
  7284 ;;		Unchanged: 0/0
  7285 ;; Data sizes:     COMRAM   BANK0   BANK1   BANK2   BANK3   BANK4   BANK5
  7286 ;;      Params:         2       0       0       0       0       0       0
  7287 ;;      Locals:         0       0       0       0       0       0       0
  7288 ;;      Temps:          1       0       0       0       0       0       0
  7289 ;;      Totals:         3       0       0       0       0       0       0
  7290 ;;Total ram usage:        3 bytes
  7291 ;; Hardware stack levels used: 1
  7292 ;; This function calls:
  7293 ;;		Nothing
  7294 ;; This function is called by:
  7295 ;;		_strtof
  7296 ;; This function uses a non-reentrant model
  7297 ;;
  7298                           
  7299                           	psect	text38
  7300   002E36                     __ptext38:
  7301                           	callstack 0
  7302   002E36                     _toupper:
  7303                           	callstack 20
  7304   002E36  C001  F003         	movff	toupper@c,??_toupper
  7305   002E3A  0E9F               	movlw	159
  7306   002E3C  2603               	addwf	??_toupper^0,f,c
  7307   002E3E  0E1A               	movlw	26
  7308   002E40  6003               	cpfslt	??_toupper^0,c
  7309   002E42  EF25  F017         	goto	i2u316_41
  7310   002E46  EF27  F017         	goto	i2u316_40
  7311   002E4A                     i2u316_41:
  7312   002E4A  EF2D  F017         	goto	i2l1222
  7313   002E4E                     i2u316_40:
  7314   002E4E  0E5F               	movlw	95
  7315   002E50  1401               	andwf	toupper@c^0,w,c
  7316   002E52  6E01               	movwf	?_toupper^0,c
  7317   002E54  6A02               	clrf	(?_toupper+1)^0,c
  7318   002E56  EF31  F017         	goto	i2l1223
  7319   002E5A                     i2l1222:
  7320   002E5A  C001  F001         	movff	toupper@c,?_toupper
  7321   002E5E  C002  F002         	movff	toupper@c+1,?_toupper+1
  7322   002E62                     i2l1223:
  7323   002E62  0012               	return		;funcret
  7324   002E64                     __end_of_toupper:
  7325                           	callstack 0
  7326                           
  7327 ;; *************** function _nanf *****************
  7328 ;; Defined at:
  7329 ;;		line 4 in file "C:\Program Files\Microchip\xc8\v3.00\pic\sources\c99\common\nanf.c"
  7330 ;; Parameters:    Size  Location     Type
  7331 ;;  s               1    0[COMRAM] PTR const unsigned char 
  7332 ;;		 -> STR_11(1), 
  7333 ;; Auto vars:     Size  Location     Type
  7334 ;;  u               4    4[COMRAM] struct .
  7335 ;; Return value:  Size  Location     Type
  7336 ;;                  4    0[COMRAM] float 
  7337 ;; Registers used:
  7338 ;;		wreg, status,2
  7339 ;; Tracked objects:
  7340 ;;		On entry : 0/0
  7341 ;;		On exit  : 0/0
  7342 ;;		Unchanged: 0/0
  7343 ;; Data sizes:     COMRAM   BANK0   BANK1   BANK2   BANK3   BANK4   BANK5
  7344 ;;      Params:         4       0       0       0       0       0       0
  7345 ;;      Locals:         4       0       0       0       0       0       0
  7346 ;;      Temps:          0       0       0       0       0       0       0
  7347 ;;      Totals:         8       0       0       0       0       0       0
  7348 ;;Total ram usage:        8 bytes
  7349 ;; Hardware stack levels used: 1
  7350 ;; This function calls:
  7351 ;;		Nothing
  7352 ;; This function is called by:
  7353 ;;		_strtof
  7354 ;; This function uses a non-reentrant model
  7355 ;;
  7356                           
  7357                           	psect	text39
  7358   002F58                     __ptext39:
  7359                           	callstack 0
  7360   002F58                     _nanf:
  7361                           	callstack 20
  7362   002F58  0EFF               	movlw	255
  7363   002F5A  6E05               	movwf	nanf@u^0,c
  7364   002F5C  0EFF               	movlw	255
  7365   002F5E  6E06               	movwf	(nanf@u+1)^0,c
  7366   002F60  0EFF               	movlw	255
  7367   002F62  6E07               	movwf	(nanf@u+2)^0,c
  7368   002F64  0E7F               	movlw	127
  7369   002F66  6E08               	movwf	(nanf@u+3)^0,c
  7370   002F68  C005  F001         	movff	nanf@u,?_nanf
  7371   002F6C  C006  F002         	movff	nanf@u+1,?_nanf+1
  7372   002F70  C007  F003         	movff	nanf@u+2,?_nanf+2
  7373   002F74  C008  F004         	movff	nanf@u+3,?_nanf+3
  7374   002F78  0012               	return		;funcret
  7375   002F7A                     __end_of_nanf:
  7376                           	callstack 0
  7377                           
  7378 ;; *************** function _isxdigit *****************
  7379 ;; Defined at:
  7380 ;;		line 8 in file "C:\Program Files\Microchip\xc8\v3.00\pic\sources\c99\common\isxdigit.c"
  7381 ;; Parameters:    Size  Location     Type
  7382 ;;  c               2    0[COMRAM] int 
  7383 ;; Auto vars:     Size  Location     Type
  7384 ;;		None
  7385 ;; Return value:  Size  Location     Type
  7386 ;;                  2    0[COMRAM] int 
  7387 ;; Registers used:
  7388 ;;		wreg, status,2, status,0
  7389 ;; Tracked objects:
  7390 ;;		On entry : 0/0
  7391 ;;		On exit  : 0/0
  7392 ;;		Unchanged: 0/0
  7393 ;; Data sizes:     COMRAM   BANK0   BANK1   BANK2   BANK3   BANK4   BANK5
  7394 ;;      Params:         2       0       0       0       0       0       0
  7395 ;;      Locals:         1       0       0       0       0       0       0
  7396 ;;      Temps:          4       0       0       0       0       0       0
  7397 ;;      Totals:         7       0       0       0       0       0       0
  7398 ;;Total ram usage:        7 bytes
  7399 ;; Hardware stack levels used: 1
  7400 ;; This function calls:
  7401 ;;		Nothing
  7402 ;; This function is called by:
  7403 ;;		_strtof
  7404 ;; This function uses a non-reentrant model
  7405 ;;
  7406                           
  7407                           	psect	text40
  7408   002BF6                     __ptext40:
  7409                           	callstack 0
  7410   002BF6                     _isxdigit:
  7411                           	callstack 20
  7412   002BF6  0E01               	movlw	1
  7413   002BF8  6E07               	movwf	_isxdigit$1933^0,c
  7414   002BFA  C001  F003         	movff	isxdigit@c,??_isxdigit
  7415   002BFE  0ED0               	movlw	208
  7416   002C00  2603               	addwf	??_isxdigit^0,f,c
  7417   002C02  0E09               	movlw	9
  7418   002C04  6403               	cpfsgt	??_isxdigit^0,c
  7419   002C06  EF07  F016         	goto	i2u312_41
  7420   002C0A  EF09  F016         	goto	i2u312_40
  7421   002C0E                     i2u312_41:
  7422   002C0E  EF21  F016         	goto	i2l1212
  7423   002C12                     i2u312_40:
  7424   002C12  0E20               	movlw	32
  7425   002C14  1001               	iorwf	isxdigit@c^0,w,c
  7426   002C16  6E03               	movwf	??_isxdigit^0,c
  7427   002C18  0E00               	movlw	0
  7428   002C1A  1002               	iorwf	(isxdigit@c+1)^0,w,c
  7429   002C1C  6E04               	movwf	(??_isxdigit+1)^0,c
  7430   002C1E  0E9F               	movlw	159
  7431   002C20  2403               	addwf	??_isxdigit^0,w,c
  7432   002C22  6E05               	movwf	(??_isxdigit+2)^0,c
  7433   002C24  0EFF               	movlw	255
  7434   002C26  2004               	addwfc	(??_isxdigit+1)^0,w,c
  7435   002C28  6E06               	movwf	(??_isxdigit+3)^0,c
  7436   002C2A  5006               	movf	(??_isxdigit+3)^0,w,c
  7437   002C2C  E109               	bnz	i2u313_40
  7438   002C2E  0E06               	movlw	6
  7439   002C30  5C05               	subwf	(??_isxdigit+2)^0,w,c
  7440   002C32  A0D8               	btfss	status,0,c
  7441   002C34  EF1E  F016         	goto	i2u313_41
  7442   002C38  EF20  F016         	goto	i2u313_40
  7443   002C3C                     i2u313_41:
  7444   002C3C  EF21  F016         	goto	i2l1212
  7445   002C40                     i2u313_40:
  7446   002C40  6A07               	clrf	_isxdigit$1933^0,c
  7447   002C42                     i2l1212:
  7448   002C42  C007  F001         	movff	_isxdigit$1933,?_isxdigit
  7449   002C46  6A02               	clrf	(?_isxdigit+1)^0,c
  7450   002C48  0012               	return		;funcret
  7451   002C4A                     __end_of_isxdigit:
  7452                           	callstack 0
  7453                           
  7454 ;; *************** function _isdigit *****************
  7455 ;; Defined at:
  7456 ;;		line 5 in file "C:\Program Files\Microchip\xc8\v3.00\pic\sources\c99\common\isdigit.c"
  7457 ;; Parameters:    Size  Location     Type
  7458 ;;  c               2    0[COMRAM] int 
  7459 ;; Auto vars:     Size  Location     Type
  7460 ;;		None
  7461 ;; Return value:  Size  Location     Type
  7462 ;;                  2    0[COMRAM] int 
  7463 ;; Registers used:
  7464 ;;		wreg, status,2, status,0
  7465 ;; Tracked objects:
  7466 ;;		On entry : 0/0
  7467 ;;		On exit  : 0/0
  7468 ;;		Unchanged: 0/0
  7469 ;; Data sizes:     COMRAM   BANK0   BANK1   BANK2   BANK3   BANK4   BANK5
  7470 ;;      Params:         2       0       0       0       0       0       0
  7471 ;;      Locals:         0       0       0       0       0       0       0
  7472 ;;      Temps:          2       0       0       0       0       0       0
  7473 ;;      Totals:         4       0       0       0       0       0       0
  7474 ;;Total ram usage:        4 bytes
  7475 ;; Hardware stack levels used: 1
  7476 ;; This function calls:
  7477 ;;		Nothing
  7478 ;; This function is called by:
  7479 ;;		_strtof
  7480 ;; This function uses a non-reentrant model
  7481 ;;
  7482                           
  7483                           	psect	text41
  7484   002EBE                     __ptext41:
  7485                           	callstack 0
  7486   002EBE                     _isdigit:
  7487                           	callstack 20
  7488   002EBE  0ED0               	movlw	208
  7489   002EC0  2401               	addwf	isdigit@c^0,w,c
  7490   002EC2  6E03               	movwf	??_isdigit^0,c
  7491   002EC4  0EFF               	movlw	255
  7492   002EC6  2002               	addwfc	(isdigit@c+1)^0,w,c
  7493   002EC8  6E04               	movwf	(??_isdigit+1)^0,c
  7494   002ECA  5004               	movf	(??_isdigit+1)^0,w,c
  7495   002ECC  E10A               	bnz	i2u314_40
  7496   002ECE  0E0A               	movlw	10
  7497   002ED0  5C03               	subwf	??_isdigit^0,w,c
  7498   002ED2  A0D8               	btfss	status,0,c
  7499   002ED4  EF6E  F017         	goto	i2u314_41
  7500   002ED8  EF71  F017         	goto	i2u314_40
  7501   002EDC                     i2u314_41:
  7502   002EDC  0E01               	movlw	1
  7503   002EDE  EF72  F017         	goto	i2u315_40
  7504   002EE2                     i2u314_40:
  7505   002EE2  0E00               	movlw	0
  7506   002EE4                     i2u315_40:
  7507   002EE4  6E01               	movwf	?_isdigit^0,c
  7508   002EE6  6A02               	clrf	(?_isdigit+1)^0,c
  7509   002EE8  0012               	return		;funcret
  7510   002EEA                     __end_of_isdigit:
  7511                           	callstack 0
  7512                           
  7513 ;; *************** function ___xxtofl *****************
  7514 ;; Defined at:
  7515 ;;		line 10 in file "C:\Program Files\Microchip\xc8\v3.00\pic\sources\c99\common\xxtofl.c"
  7516 ;; Parameters:    Size  Location     Type
  7517 ;;  sign            1    wreg     unsigned char 
  7518 ;;  val             4    0[COMRAM] long 
  7519 ;; Auto vars:     Size  Location     Type
  7520 ;;  sign            1    8[COMRAM] unsigned char 
  7521 ;;  arg             4   10[COMRAM] unsigned long 
  7522 ;;  exp             1    9[COMRAM] unsigned char 
  7523 ;; Return value:  Size  Location     Type
  7524 ;;                  4    0[COMRAM] unsigned char 
  7525 ;; Registers used:
  7526 ;;		wreg, status,2, status,0
  7527 ;; Tracked objects:
  7528 ;;		On entry : 0/0
  7529 ;;		On exit  : 0/0
  7530 ;;		Unchanged: 0/0
  7531 ;; Data sizes:     COMRAM   BANK0   BANK1   BANK2   BANK3   BANK4   BANK5
  7532 ;;      Params:         4       0       0       0       0       0       0
  7533 ;;      Locals:         6       0       0       0       0       0       0
  7534 ;;      Temps:          4       0       0       0       0       0       0
  7535 ;;      Totals:        14       0       0       0       0       0       0
  7536 ;;Total ram usage:       14 bytes
  7537 ;; Hardware stack levels used: 1
  7538 ;; This function calls:
  7539 ;;		Nothing
  7540 ;; This function is called by:
  7541 ;;		_strtof
  7542 ;; This function uses a non-reentrant model
  7543 ;;
  7544                           
  7545                           	psect	text42
  7546   001D0E                     __ptext42:
  7547                           	callstack 0
  7548   001D0E                     ___xxtofl:
  7549                           	callstack 20
  7550                           
  7551                           ;incstack = 0
  7552                           ;___xxtofl@sign stored from wreg
  7553   001D0E  6E09               	movwf	___xxtofl@sign^0,c
  7554   001D10  5009               	movf	___xxtofl@sign^0,w,c
  7555   001D12  B4D8               	btfsc	status,2,c
  7556   001D14  EF8E  F00E         	goto	i2u302_41
  7557   001D18  EF90  F00E         	goto	i2u302_40
  7558   001D1C                     i2u302_41:
  7559   001D1C  EFB2  F00E         	goto	i2l995
  7560   001D20                     i2u302_40:
  7561   001D20  BE04               	btfsc	(___xxtofl@val+3)^0,7,c
  7562   001D22  EF97  F00E         	goto	i2u303_40
  7563   001D26  EF95  F00E         	goto	i2u303_41
  7564   001D2A                     i2u303_41:
  7565   001D2A  EFB2  F00E         	goto	i2l995
  7566   001D2E                     i2u303_40:
  7567   001D2E  C001  F005         	movff	___xxtofl@val,??___xxtofl
  7568   001D32  C002  F006         	movff	___xxtofl@val+1,??___xxtofl+1
  7569   001D36  C003  F007         	movff	___xxtofl@val+2,??___xxtofl+2
  7570   001D3A  C004  F008         	movff	___xxtofl@val+3,??___xxtofl+3
  7571   001D3E  1E05               	comf	??___xxtofl^0,f,c
  7572   001D40  1E06               	comf	(??___xxtofl+1)^0,f,c
  7573   001D42  1E07               	comf	(??___xxtofl+2)^0,f,c
  7574   001D44  1E08               	comf	(??___xxtofl+3)^0,f,c
  7575   001D46  2A05               	incf	??___xxtofl^0,f,c
  7576   001D48  0E00               	movlw	0
  7577   001D4A  2206               	addwfc	(??___xxtofl+1)^0,f,c
  7578   001D4C  2207               	addwfc	(??___xxtofl+2)^0,f,c
  7579   001D4E  2208               	addwfc	(??___xxtofl+3)^0,f,c
  7580   001D50  C005  F00B         	movff	??___xxtofl,___xxtofl@arg
  7581   001D54  C006  F00C         	movff	??___xxtofl+1,___xxtofl@arg+1
  7582   001D58  C007  F00D         	movff	??___xxtofl+2,___xxtofl@arg+2
  7583   001D5C  C008  F00E         	movff	??___xxtofl+3,___xxtofl@arg+3
  7584   001D60  EFBA  F00E         	goto	i2l3028
  7585   001D64                     i2l995:
  7586   001D64  C001  F00B         	movff	___xxtofl@val,___xxtofl@arg
  7587   001D68  C002  F00C         	movff	___xxtofl@val+1,___xxtofl@arg+1
  7588   001D6C  C003  F00D         	movff	___xxtofl@val+2,___xxtofl@arg+2
  7589   001D70  C004  F00E         	movff	___xxtofl@val+3,___xxtofl@arg+3
  7590   001D74                     i2l3028:
  7591   001D74  5001               	movf	___xxtofl@val^0,w,c
  7592   001D76  1002               	iorwf	(___xxtofl@val+1)^0,w,c
  7593   001D78  1003               	iorwf	(___xxtofl@val+2)^0,w,c
  7594   001D7A  1004               	iorwf	(___xxtofl@val+3)^0,w,c
  7595   001D7C  A4D8               	btfss	status,2,c
  7596   001D7E  EFC3  F00E         	goto	i2u304_41
  7597   001D82  EFC5  F00E         	goto	i2u304_40
  7598   001D86                     i2u304_41:
  7599   001D86  EFCF  F00E         	goto	i2l3034
  7600   001D8A                     i2u304_40:
  7601   001D8A  0E00               	movlw	0
  7602   001D8C  6E01               	movwf	?___xxtofl^0,c
  7603   001D8E  0E00               	movlw	0
  7604   001D90  6E02               	movwf	(?___xxtofl+1)^0,c
  7605   001D92  0E00               	movlw	0
  7606   001D94  6E03               	movwf	(?___xxtofl+2)^0,c
  7607   001D96  0E00               	movlw	0
  7608   001D98  6E04               	movwf	(?___xxtofl+3)^0,c
  7609   001D9A  EF60  F00F         	goto	i2l998
  7610   001D9E                     i2l3034:
  7611   001D9E  0E96               	movlw	150
  7612   001DA0  6E0A               	movwf	___xxtofl@exp^0,c
  7613   001DA2  EFD9  F00E         	goto	i2l3038
  7614   001DA6                     i2l3036:
  7615   001DA6  2A0A               	incf	___xxtofl@exp^0,f,c
  7616   001DA8  90D8               	bcf	status,0,c
  7617   001DAA  320E               	rrcf	(___xxtofl@arg+3)^0,f,c
  7618   001DAC  320D               	rrcf	(___xxtofl@arg+2)^0,f,c
  7619   001DAE  320C               	rrcf	(___xxtofl@arg+1)^0,f,c
  7620   001DB0  320B               	rrcf	___xxtofl@arg^0,f,c
  7621   001DB2                     i2l3038:
  7622   001DB2  0E00               	movlw	0
  7623   001DB4  140B               	andwf	___xxtofl@arg^0,w,c
  7624   001DB6  6E05               	movwf	??___xxtofl^0,c
  7625   001DB8  0E00               	movlw	0
  7626   001DBA  140C               	andwf	(___xxtofl@arg+1)^0,w,c
  7627   001DBC  6E06               	movwf	(??___xxtofl+1)^0,c
  7628   001DBE  0E00               	movlw	0
  7629   001DC0  140D               	andwf	(___xxtofl@arg+2)^0,w,c
  7630   001DC2  6E07               	movwf	(??___xxtofl+2)^0,c
  7631   001DC4  0EFE               	movlw	254
  7632   001DC6  140E               	andwf	(___xxtofl@arg+3)^0,w,c
  7633   001DC8  6E08               	movwf	(??___xxtofl+3)^0,c
  7634   001DCA  5005               	movf	??___xxtofl^0,w,c
  7635   001DCC  1006               	iorwf	(??___xxtofl+1)^0,w,c
  7636   001DCE  1007               	iorwf	(??___xxtofl+2)^0,w,c
  7637   001DD0  1008               	iorwf	(??___xxtofl+3)^0,w,c
  7638   001DD2  A4D8               	btfss	status,2,c
  7639   001DD4  EFEE  F00E         	goto	i2u305_41
  7640   001DD8  EFF0  F00E         	goto	i2u305_40
  7641   001DDC                     i2u305_41:
  7642   001DDC  EFD3  F00E         	goto	i2l3036
  7643   001DE0                     i2u305_40:
  7644   001DE0  EFFE  F00E         	goto	i2l1002
  7645   001DE4                     i2l3040:
  7646   001DE4  2A0A               	incf	___xxtofl@exp^0,f,c
  7647   001DE6  0E01               	movlw	1
  7648   001DE8  260B               	addwf	___xxtofl@arg^0,f,c
  7649   001DEA  0E00               	movlw	0
  7650   001DEC  220C               	addwfc	(___xxtofl@arg+1)^0,f,c
  7651   001DEE  220D               	addwfc	(___xxtofl@arg+2)^0,f,c
  7652   001DF0  220E               	addwfc	(___xxtofl@arg+3)^0,f,c
  7653   001DF2  90D8               	bcf	status,0,c
  7654   001DF4  320E               	rrcf	(___xxtofl@arg+3)^0,f,c
  7655   001DF6  320D               	rrcf	(___xxtofl@arg+2)^0,f,c
  7656   001DF8  320C               	rrcf	(___xxtofl@arg+1)^0,f,c
  7657   001DFA  320B               	rrcf	___xxtofl@arg^0,f,c
  7658   001DFC                     i2l1002:
  7659   001DFC  0E00               	movlw	0
  7660   001DFE  140B               	andwf	___xxtofl@arg^0,w,c
  7661   001E00  6E05               	movwf	??___xxtofl^0,c
  7662   001E02  0E00               	movlw	0
  7663   001E04  140C               	andwf	(___xxtofl@arg+1)^0,w,c
  7664   001E06  6E06               	movwf	(??___xxtofl+1)^0,c
  7665   001E08  0E00               	movlw	0
  7666   001E0A  140D               	andwf	(___xxtofl@arg+2)^0,w,c
  7667   001E0C  6E07               	movwf	(??___xxtofl+2)^0,c
  7668   001E0E  0EFF               	movlw	255
  7669   001E10  140E               	andwf	(___xxtofl@arg+3)^0,w,c
  7670   001E12  6E08               	movwf	(??___xxtofl+3)^0,c
  7671   001E14  5005               	movf	??___xxtofl^0,w,c
  7672   001E16  1006               	iorwf	(??___xxtofl+1)^0,w,c
  7673   001E18  1007               	iorwf	(??___xxtofl+2)^0,w,c
  7674   001E1A  1008               	iorwf	(??___xxtofl+3)^0,w,c
  7675   001E1C  A4D8               	btfss	status,2,c
  7676   001E1E  EF13  F00F         	goto	i2u306_41
  7677   001E22  EF15  F00F         	goto	i2u306_40
  7678   001E26                     i2u306_41:
  7679   001E26  EFF2  F00E         	goto	i2l3040
  7680   001E2A                     i2u306_40:
  7681   001E2A  EF1D  F00F         	goto	i2l3048
  7682   001E2E                     i2l3046:
  7683   001E2E  060A               	decf	___xxtofl@exp^0,f,c
  7684   001E30  90D8               	bcf	status,0,c
  7685   001E32  360B               	rlcf	___xxtofl@arg^0,f,c
  7686   001E34  360C               	rlcf	(___xxtofl@arg+1)^0,f,c
  7687   001E36  360D               	rlcf	(___xxtofl@arg+2)^0,f,c
  7688   001E38  360E               	rlcf	(___xxtofl@arg+3)^0,f,c
  7689   001E3A                     i2l3048:
  7690   001E3A  BE0D               	btfsc	(___xxtofl@arg+2)^0,7,c
  7691   001E3C  EF22  F00F         	goto	i2u307_41
  7692   001E40  EF24  F00F         	goto	i2u307_40
  7693   001E44                     i2u307_41:
  7694   001E44  EF2C  F00F         	goto	i2l1009
  7695   001E48                     i2u307_40:
  7696   001E48  0E02               	movlw	2
  7697   001E4A  600A               	cpfslt	___xxtofl@exp^0,c
  7698   001E4C  EF2A  F00F         	goto	i2u308_41
  7699   001E50  EF2C  F00F         	goto	i2u308_40
  7700   001E54                     i2u308_41:
  7701   001E54  EF17  F00F         	goto	i2l3046
  7702   001E58                     i2u308_40:
  7703   001E58                     i2l1009:
  7704   001E58  B00A               	btfsc	___xxtofl@exp^0,0,c
  7705   001E5A  EF31  F00F         	goto	i2u309_41
  7706   001E5E  EF33  F00F         	goto	i2u309_40
  7707   001E62                     i2u309_41:
  7708   001E62  EF34  F00F         	goto	i2l3054
  7709   001E66                     i2u309_40:
  7710   001E66  9E0D               	bcf	(___xxtofl@arg+2)^0,7,c
  7711   001E68                     i2l3054:
  7712   001E68  90D8               	bcf	status,0,c
  7713   001E6A  320A               	rrcf	___xxtofl@exp^0,f,c
  7714   001E6C  C00A  F005         	movff	___xxtofl@exp,??___xxtofl
  7715   001E70  6A06               	clrf	(??___xxtofl+1)^0,c
  7716   001E72  6A07               	clrf	(??___xxtofl+2)^0,c
  7717   001E74  6A08               	clrf	(??___xxtofl+3)^0,c
  7718   001E76  C005  F008         	movff	??___xxtofl,??___xxtofl+3
  7719   001E7A  6A07               	clrf	(??___xxtofl+2)^0,c
  7720   001E7C  6A06               	clrf	(??___xxtofl+1)^0,c
  7721   001E7E  6A05               	clrf	??___xxtofl^0,c
  7722   001E80  5005               	movf	??___xxtofl^0,w,c
  7723   001E82  120B               	iorwf	___xxtofl@arg^0,f,c
  7724   001E84  5006               	movf	(??___xxtofl+1)^0,w,c
  7725   001E86  120C               	iorwf	(___xxtofl@arg+1)^0,f,c
  7726   001E88  5007               	movf	(??___xxtofl+2)^0,w,c
  7727   001E8A  120D               	iorwf	(___xxtofl@arg+2)^0,f,c
  7728   001E8C  5008               	movf	(??___xxtofl+3)^0,w,c
  7729   001E8E  120E               	iorwf	(___xxtofl@arg+3)^0,f,c
  7730   001E90  5009               	movf	___xxtofl@sign^0,w,c
  7731   001E92  B4D8               	btfsc	status,2,c
  7732   001E94  EF4E  F00F         	goto	i2u310_41
  7733   001E98  EF50  F00F         	goto	i2u310_40
  7734   001E9C                     i2u310_41:
  7735   001E9C  EF58  F00F         	goto	i2l3064
  7736   001EA0                     i2u310_40:
  7737   001EA0  BE04               	btfsc	(___xxtofl@val+3)^0,7,c
  7738   001EA2  EF57  F00F         	goto	i2u311_40
  7739   001EA6  EF55  F00F         	goto	i2u311_41
  7740   001EAA                     i2u311_41:
  7741   001EAA  EF58  F00F         	goto	i2l3064
  7742   001EAE                     i2u311_40:
  7743   001EAE  8E0E               	bsf	(___xxtofl@arg+3)^0,7,c
  7744   001EB0                     i2l3064:
  7745   001EB0  C00B  F001         	movff	___xxtofl@arg,?___xxtofl
  7746   001EB4  C00C  F002         	movff	___xxtofl@arg+1,?___xxtofl+1
  7747   001EB8  C00D  F003         	movff	___xxtofl@arg+2,?___xxtofl+2
  7748   001EBC  C00E  F004         	movff	___xxtofl@arg+3,?___xxtofl+3
  7749   001EC0                     i2l998:
  7750   001EC0  0012               	return		;funcret
  7751   001EC2                     __end_of___xxtofl:
  7752                           	callstack 0
  7753                           
  7754 ;; *************** function ___wmul *****************
  7755 ;; Defined at:
  7756 ;;		line 15 in file "C:\Program Files\Microchip\xc8\v3.00\pic\sources\c99\common\Umul16.c"
  7757 ;; Parameters:    Size  Location     Type
  7758 ;;  multiplier      2    0[COMRAM] unsigned int 
  7759 ;;  multiplicand    2    2[COMRAM] unsigned int 
  7760 ;; Auto vars:     Size  Location     Type
  7761 ;;  product         2    4[COMRAM] unsigned int 
  7762 ;; Return value:  Size  Location     Type
  7763 ;;                  2    0[COMRAM] unsigned int 
  7764 ;; Registers used:
  7765 ;;		wreg, status,2, status,0, prodl, prodh
  7766 ;; Tracked objects:
  7767 ;;		On entry : 0/0
  7768 ;;		On exit  : 0/0
  7769 ;;		Unchanged: 0/0
  7770 ;; Data sizes:     COMRAM   BANK0   BANK1   BANK2   BANK3   BANK4   BANK5
  7771 ;;      Params:         4       0       0       0       0       0       0
  7772 ;;      Locals:         2       0       0       0       0       0       0
  7773 ;;      Temps:          0       0       0       0       0       0       0
  7774 ;;      Totals:         6       0       0       0       0       0       0
  7775 ;;Total ram usage:        6 bytes
  7776 ;; Hardware stack levels used: 1
  7777 ;; This function calls:
  7778 ;;		Nothing
  7779 ;; This function is called by:
  7780 ;;		_strtof
  7781 ;; This function uses a non-reentrant model
  7782 ;;
  7783                           
  7784                           	psect	text43
  7785   002F10                     __ptext43:
  7786                           	callstack 0
  7787   002F10                     ___wmul:
  7788                           	callstack 20
  7789   002F10  5001               	movf	___wmul@multiplier^0,w,c
  7790   002F12  0203               	mulwf	___wmul@multiplicand^0,c
  7791   002F14  CFF3 F005          	movff	prodl,___wmul@product
  7792   002F18  CFF4 F006          	movff	prodh,___wmul@product+1
  7793   002F1C  5001               	movf	___wmul@multiplier^0,w,c
  7794   002F1E  0204               	mulwf	(___wmul@multiplicand+1)^0,c
  7795   002F20  50F3               	movf	243,w,c
  7796   002F22  2606               	addwf	(___wmul@product+1)^0,f,c
  7797   002F24  5002               	movf	(___wmul@multiplier+1)^0,w,c
  7798   002F26  0203               	mulwf	___wmul@multiplicand^0,c
  7799   002F28  50F3               	movf	243,w,c
  7800   002F2A  2606               	addwf	(___wmul@product+1)^0,f,c
  7801   002F2C  C005  F001         	movff	___wmul@product,?___wmul
  7802   002F30  C006  F002         	movff	___wmul@product+1,?___wmul+1
  7803   002F34  0012               	return		;funcret
  7804   002F36                     __end_of___wmul:
  7805                           	callstack 0
  7806                           
  7807 ;; *************** function ___flneg *****************
  7808 ;; Defined at:
  7809 ;;		line 15 in file "C:\Program Files\Microchip\xc8\v3.00\pic\sources\c99\common\flneg.c"
  7810 ;; Parameters:    Size  Location     Type
  7811 ;;  f1              4    0[COMRAM] unsigned int 
  7812 ;; Auto vars:     Size  Location     Type
  7813 ;;		None
  7814 ;; Return value:  Size  Location     Type
  7815 ;;                  4    0[COMRAM] unsigned int 
  7816 ;; Registers used:
  7817 ;;		wreg, status,2, status,0
  7818 ;; Tracked objects:
  7819 ;;		On entry : 0/0
  7820 ;;		On exit  : 0/0
  7821 ;;		Unchanged: 0/0
  7822 ;; Data sizes:     COMRAM   BANK0   BANK1   BANK2   BANK3   BANK4   BANK5
  7823 ;;      Params:         4       0       0       0       0       0       0
  7824 ;;      Locals:         0       0       0       0       0       0       0
  7825 ;;      Temps:          0       0       0       0       0       0       0
  7826 ;;      Totals:         4       0       0       0       0       0       0
  7827 ;;Total ram usage:        4 bytes
  7828 ;; Hardware stack levels used: 1
  7829 ;; This function calls:
  7830 ;;		Nothing
  7831 ;; This function is called by:
  7832 ;;		_strtof
  7833 ;; This function uses a non-reentrant model
  7834 ;;
  7835                           
  7836                           	psect	text44
  7837   002D96                     __ptext44:
  7838                           	callstack 0
  7839   002D96                     ___flneg:
  7840                           	callstack 20
  7841   002D96  5001               	movf	___flneg@f1^0,w,c
  7842   002D98  1002               	iorwf	(___flneg@f1+1)^0,w,c
  7843   002D9A  1003               	iorwf	(___flneg@f1+2)^0,w,c
  7844   002D9C  1004               	iorwf	(___flneg@f1+3)^0,w,c
  7845   002D9E  B4D8               	btfsc	status,2,c
  7846   002DA0  EFD4  F016         	goto	i2u301_41
  7847   002DA4  EFD6  F016         	goto	i2u301_40
  7848   002DA8                     i2u301_41:
  7849   002DA8  EFDE  F016         	goto	i2l3018
  7850   002DAC                     i2u301_40:
  7851   002DAC  0E00               	movlw	0
  7852   002DAE  1A01               	xorwf	___flneg@f1^0,f,c
  7853   002DB0  0E00               	movlw	0
  7854   002DB2  1A02               	xorwf	(___flneg@f1+1)^0,f,c
  7855   002DB4  0E00               	movlw	0
  7856   002DB6  1A03               	xorwf	(___flneg@f1+2)^0,f,c
  7857   002DB8  0E80               	movlw	128
  7858   002DBA  1A04               	xorwf	(___flneg@f1+3)^0,f,c
  7859   002DBC                     i2l3018:
  7860   002DBC  C001  F001         	movff	___flneg@f1,?___flneg
  7861   002DC0  C002  F002         	movff	___flneg@f1+1,?___flneg+1
  7862   002DC4  C003  F003         	movff	___flneg@f1+2,?___flneg+2
  7863   002DC8  C004  F004         	movff	___flneg@f1+3,?___flneg+3
  7864   002DCC  0012               	return		;funcret
  7865   002DCE                     __end_of___flneg:
  7866                           	callstack 0
  7867                           
  7868 ;; *************** function ___flmul *****************
  7869 ;; Defined at:
  7870 ;;		line 8 in file "C:\Program Files\Microchip\xc8\v3.00\pic\sources\c99\common\sprcmul.c"
  7871 ;; Parameters:    Size  Location     Type
  7872 ;;  b               4    0[COMRAM] unsigned int 
  7873 ;;  a               4    4[COMRAM] unsigned int 
  7874 ;; Auto vars:     Size  Location     Type
  7875 ;;  prod            4   19[COMRAM] struct .
  7876 ;;  grs             4   13[COMRAM] unsigned long 
  7877 ;;  temp            2   23[COMRAM] struct .
  7878 ;;  bexp            1   18[COMRAM] unsigned char 
  7879 ;;  aexp            1   17[COMRAM] unsigned char 
  7880 ;;  sign            1   12[COMRAM] unsigned char 
  7881 ;; Return value:  Size  Location     Type
  7882 ;;                  4    0[COMRAM] unsigned char 
  7883 ;; Registers used:
  7884 ;;		wreg, status,2, status,0, prodl, prodh
  7885 ;; Tracked objects:
  7886 ;;		On entry : 0/0
  7887 ;;		On exit  : 0/0
  7888 ;;		Unchanged: 0/0
  7889 ;; Data sizes:     COMRAM   BANK0   BANK1   BANK2   BANK3   BANK4   BANK5
  7890 ;;      Params:         8       0       0       0       0       0       0
  7891 ;;      Locals:        13       0       0       0       0       0       0
  7892 ;;      Temps:          4       0       0       0       0       0       0
  7893 ;;      Totals:        25       0       0       0       0       0       0
  7894 ;;Total ram usage:       25 bytes
  7895 ;; Hardware stack levels used: 1
  7896 ;; This function calls:
  7897 ;;		Nothing
  7898 ;; This function is called by:
  7899 ;;		_strtof
  7900 ;; This function uses a non-reentrant model
  7901 ;;
  7902                           
  7903                           	psect	text45
  7904   001558                     __ptext45:
  7905                           	callstack 0
  7906   001558                     ___flmul:
  7907                           	callstack 20
  7908   001558  5004               	movf	(___flmul@b+3)^0,w,c
  7909   00155A  0B80               	andlw	128
  7910   00155C  6E0D               	movwf	___flmul@sign^0,c
  7911   00155E  5004               	movf	(___flmul@b+3)^0,w,c
  7912   001560  2404               	addwf	(___flmul@b+3)^0,w,c
  7913   001562  6E13               	movwf	___flmul@bexp^0,c
  7914   001564  AE03               	btfss	(___flmul@b+2)^0,7,c
  7915   001566  EFB7  F00A         	goto	i2u274_41
  7916   00156A  EFB9  F00A         	goto	i2u274_40
  7917   00156E                     i2u274_41:
  7918   00156E  EFBA  F00A         	goto	i2l2854
  7919   001572                     i2u274_40:
  7920   001572  8013               	bsf	___flmul@bexp^0,0,c
  7921   001574                     i2l2854:
  7922   001574  5013               	movf	___flmul@bexp^0,w,c
  7923   001576  B4D8               	btfsc	status,2,c
  7924   001578  EFC0  F00A         	goto	i2u275_41
  7925   00157C  EFC2  F00A         	goto	i2u275_40
  7926   001580                     i2u275_41:
  7927   001580  EFD5  F00A         	goto	i2l2862
  7928   001584                     i2u275_40:
  7929   001584  2813               	incf	___flmul@bexp^0,w,c
  7930   001586  A4D8               	btfss	status,2,c
  7931   001588  EFC8  F00A         	goto	i2u276_41
  7932   00158C  EFCA  F00A         	goto	i2u276_40
  7933   001590                     i2u276_41:
  7934   001590  EFD2  F00A         	goto	i2l2860
  7935   001594                     i2u276_40:
  7936   001594  0E00               	movlw	0
  7937   001596  6E01               	movwf	___flmul@b^0,c
  7938   001598  0E00               	movlw	0
  7939   00159A  6E02               	movwf	(___flmul@b+1)^0,c
  7940   00159C  0E00               	movlw	0
  7941   00159E  6E03               	movwf	(___flmul@b+2)^0,c
  7942   0015A0  0E00               	movlw	0
  7943   0015A2  6E04               	movwf	(___flmul@b+3)^0,c
  7944   0015A4                     i2l2860:
  7945   0015A4  8E03               	bsf	(___flmul@b+2)^0,7,c
  7946   0015A6  EFDD  F00A         	goto	i2l2864
  7947   0015AA                     i2l2862:
  7948   0015AA  0E00               	movlw	0
  7949   0015AC  6E01               	movwf	___flmul@b^0,c
  7950   0015AE  0E00               	movlw	0
  7951   0015B0  6E02               	movwf	(___flmul@b+1)^0,c
  7952   0015B2  0E00               	movlw	0
  7953   0015B4  6E03               	movwf	(___flmul@b+2)^0,c
  7954   0015B6  0E00               	movlw	0
  7955   0015B8  6E04               	movwf	(___flmul@b+3)^0,c
  7956   0015BA                     i2l2864:
  7957   0015BA  5008               	movf	(___flmul@a+3)^0,w,c
  7958   0015BC  0B80               	andlw	128
  7959   0015BE  1A0D               	xorwf	___flmul@sign^0,f,c
  7960   0015C0  5008               	movf	(___flmul@a+3)^0,w,c
  7961   0015C2  2408               	addwf	(___flmul@a+3)^0,w,c
  7962   0015C4  6E12               	movwf	___flmul@aexp^0,c
  7963   0015C6  AE07               	btfss	(___flmul@a+2)^0,7,c
  7964   0015C8  EFE8  F00A         	goto	i2u277_41
  7965   0015CC  EFEA  F00A         	goto	i2u277_40
  7966   0015D0                     i2u277_41:
  7967   0015D0  EFEB  F00A         	goto	i2l2872
  7968   0015D4                     i2u277_40:
  7969   0015D4  8012               	bsf	___flmul@aexp^0,0,c
  7970   0015D6                     i2l2872:
  7971   0015D6  5012               	movf	___flmul@aexp^0,w,c
  7972   0015D8  B4D8               	btfsc	status,2,c
  7973   0015DA  EFF1  F00A         	goto	i2u278_41
  7974   0015DE  EFF3  F00A         	goto	i2u278_40
  7975   0015E2                     i2u278_41:
  7976   0015E2  EF06  F00B         	goto	i2l2880
  7977   0015E6                     i2u278_40:
  7978   0015E6  2812               	incf	___flmul@aexp^0,w,c
  7979   0015E8  A4D8               	btfss	status,2,c
  7980   0015EA  EFF9  F00A         	goto	i2u279_41
  7981   0015EE  EFFB  F00A         	goto	i2u279_40
  7982   0015F2                     i2u279_41:
  7983   0015F2  EF03  F00B         	goto	i2l2878
  7984   0015F6                     i2u279_40:
  7985   0015F6  0E00               	movlw	0
  7986   0015F8  6E05               	movwf	___flmul@a^0,c
  7987   0015FA  0E00               	movlw	0
  7988   0015FC  6E06               	movwf	(___flmul@a+1)^0,c
  7989   0015FE  0E00               	movlw	0
  7990   001600  6E07               	movwf	(___flmul@a+2)^0,c
  7991   001602  0E00               	movlw	0
  7992   001604  6E08               	movwf	(___flmul@a+3)^0,c
  7993   001606                     i2l2878:
  7994   001606  8E07               	bsf	(___flmul@a+2)^0,7,c
  7995   001608  EF0E  F00B         	goto	i2l954
  7996   00160C                     i2l2880:
  7997   00160C  0E00               	movlw	0
  7998   00160E  6E05               	movwf	___flmul@a^0,c
  7999   001610  0E00               	movlw	0
  8000   001612  6E06               	movwf	(___flmul@a+1)^0,c
  8001   001614  0E00               	movlw	0
  8002   001616  6E07               	movwf	(___flmul@a+2)^0,c
  8003   001618  0E00               	movlw	0
  8004   00161A  6E08               	movwf	(___flmul@a+3)^0,c
  8005   00161C                     i2l954:
  8006   00161C  5012               	movf	___flmul@aexp^0,w,c
  8007   00161E  B4D8               	btfsc	status,2,c
  8008   001620  EF14  F00B         	goto	i2u280_41
  8009   001624  EF16  F00B         	goto	i2u280_40
  8010   001628                     i2u280_41:
  8011   001628  EF1E  F00B         	goto	i2l2884
  8012   00162C                     i2u280_40:
  8013   00162C  5013               	movf	___flmul@bexp^0,w,c
  8014   00162E  A4D8               	btfss	status,2,c
  8015   001630  EF1C  F00B         	goto	i2u281_41
  8016   001634  EF1E  F00B         	goto	i2u281_40
  8017   001638                     i2u281_41:
  8018   001638  EF28  F00B         	goto	i2l2888
  8019   00163C                     i2u281_40:
  8020   00163C                     i2l2884:
  8021   00163C  0E00               	movlw	0
  8022   00163E  6E01               	movwf	?___flmul^0,c
  8023   001640  0E00               	movlw	0
  8024   001642  6E02               	movwf	(?___flmul+1)^0,c
  8025   001644  0E00               	movlw	0
  8026   001646  6E03               	movwf	(?___flmul+2)^0,c
  8027   001648  0E00               	movlw	0
  8028   00164A  6E04               	movwf	(?___flmul+3)^0,c
  8029   00164C  EFBE  F00C         	goto	i2l958
  8030   001650                     i2l2888:
  8031   001650  5007               	movf	(___flmul@a+2)^0,w,c
  8032   001652  0201               	mulwf	___flmul@b^0,c
  8033   001654  CFF3 F018          	movff	prodl,___flmul@temp
  8034   001658  CFF4 F019          	movff	prodh,___flmul@temp+1
  8035   00165C  5018               	movf	___flmul@temp^0,w,c
  8036   00165E  6E0E               	movwf	___flmul@grs^0,c
  8037   001660  6A0F               	clrf	(___flmul@grs+1)^0,c
  8038   001662  6A10               	clrf	(___flmul@grs+2)^0,c
  8039   001664  6A11               	clrf	(___flmul@grs+3)^0,c
  8040   001666  5019               	movf	(___flmul@temp+1)^0,w,c
  8041   001668  6E14               	movwf	___flmul@prod^0,c
  8042   00166A  6A15               	clrf	(___flmul@prod+1)^0,c
  8043   00166C  6A16               	clrf	(___flmul@prod+2)^0,c
  8044   00166E  6A17               	clrf	(___flmul@prod+3)^0,c
  8045   001670  5006               	movf	(___flmul@a+1)^0,w,c
  8046   001672  0202               	mulwf	(___flmul@b+1)^0,c
  8047   001674  CFF3 F018          	movff	prodl,___flmul@temp
  8048   001678  CFF4 F019          	movff	prodh,___flmul@temp+1
  8049   00167C  5018               	movf	___flmul@temp^0,w,c
  8050   00167E  260E               	addwf	___flmul@grs^0,f,c
  8051   001680  0E00               	movlw	0
  8052   001682  220F               	addwfc	(___flmul@grs+1)^0,f,c
  8053   001684  2210               	addwfc	(___flmul@grs+2)^0,f,c
  8054   001686  2211               	addwfc	(___flmul@grs+3)^0,f,c
  8055   001688  5019               	movf	(___flmul@temp+1)^0,w,c
  8056   00168A  2614               	addwf	___flmul@prod^0,f,c
  8057   00168C  0E00               	movlw	0
  8058   00168E  2215               	addwfc	(___flmul@prod+1)^0,f,c
  8059   001690  2216               	addwfc	(___flmul@prod+2)^0,f,c
  8060   001692  2217               	addwfc	(___flmul@prod+3)^0,f,c
  8061   001694  5005               	movf	___flmul@a^0,w,c
  8062   001696  0203               	mulwf	(___flmul@b+2)^0,c
  8063   001698  CFF3 F018          	movff	prodl,___flmul@temp
  8064   00169C  CFF4 F019          	movff	prodh,___flmul@temp+1
  8065   0016A0  5018               	movf	___flmul@temp^0,w,c
  8066   0016A2  260E               	addwf	___flmul@grs^0,f,c
  8067   0016A4  0E00               	movlw	0
  8068   0016A6  220F               	addwfc	(___flmul@grs+1)^0,f,c
  8069   0016A8  2210               	addwfc	(___flmul@grs+2)^0,f,c
  8070   0016AA  2211               	addwfc	(___flmul@grs+3)^0,f,c
  8071   0016AC  5019               	movf	(___flmul@temp+1)^0,w,c
  8072   0016AE  2614               	addwf	___flmul@prod^0,f,c
  8073   0016B0  0E00               	movlw	0
  8074   0016B2  2215               	addwfc	(___flmul@prod+1)^0,f,c
  8075   0016B4  2216               	addwfc	(___flmul@prod+2)^0,f,c
  8076   0016B6  2217               	addwfc	(___flmul@prod+3)^0,f,c
  8077   0016B8  C010  F011         	movff	___flmul@grs+2,___flmul@grs+3
  8078   0016BC  C00F  F010         	movff	___flmul@grs+1,___flmul@grs+2
  8079   0016C0  C00E  F00F         	movff	___flmul@grs,___flmul@grs+1
  8080   0016C4  6A0E               	clrf	___flmul@grs^0,c
  8081   0016C6  5005               	movf	___flmul@a^0,w,c
  8082   0016C8  0202               	mulwf	(___flmul@b+1)^0,c
  8083   0016CA  CFF3 F018          	movff	prodl,___flmul@temp
  8084   0016CE  CFF4 F019          	movff	prodh,___flmul@temp+1
  8085   0016D2  5018               	movf	___flmul@temp^0,w,c
  8086   0016D4  260E               	addwf	___flmul@grs^0,f,c
  8087   0016D6  5019               	movf	(___flmul@temp+1)^0,w,c
  8088   0016D8  220F               	addwfc	(___flmul@grs+1)^0,f,c
  8089   0016DA  0E00               	movlw	0
  8090   0016DC  2210               	addwfc	(___flmul@grs+2)^0,f,c
  8091   0016DE  0E00               	movlw	0
  8092   0016E0  2211               	addwfc	(___flmul@grs+3)^0,f,c
  8093   0016E2  5006               	movf	(___flmul@a+1)^0,w,c
  8094   0016E4  0201               	mulwf	___flmul@b^0,c
  8095   0016E6  CFF3 F018          	movff	prodl,___flmul@temp
  8096   0016EA  CFF4 F019          	movff	prodh,___flmul@temp+1
  8097   0016EE  5018               	movf	___flmul@temp^0,w,c
  8098   0016F0  260E               	addwf	___flmul@grs^0,f,c
  8099   0016F2  5019               	movf	(___flmul@temp+1)^0,w,c
  8100   0016F4  220F               	addwfc	(___flmul@grs+1)^0,f,c
  8101   0016F6  0E00               	movlw	0
  8102   0016F8  2210               	addwfc	(___flmul@grs+2)^0,f,c
  8103   0016FA  0E00               	movlw	0
  8104   0016FC  2211               	addwfc	(___flmul@grs+3)^0,f,c
  8105   0016FE  C010  F011         	movff	___flmul@grs+2,___flmul@grs+3
  8106   001702  C00F  F010         	movff	___flmul@grs+1,___flmul@grs+2
  8107   001706  C00E  F00F         	movff	___flmul@grs,___flmul@grs+1
  8108   00170A  6A0E               	clrf	___flmul@grs^0,c
  8109   00170C  5005               	movf	___flmul@a^0,w,c
  8110   00170E  0201               	mulwf	___flmul@b^0,c
  8111   001710  CFF3 F018          	movff	prodl,___flmul@temp
  8112   001714  CFF4 F019          	movff	prodh,___flmul@temp+1
  8113   001718  5018               	movf	___flmul@temp^0,w,c
  8114   00171A  260E               	addwf	___flmul@grs^0,f,c
  8115   00171C  5019               	movf	(___flmul@temp+1)^0,w,c
  8116   00171E  220F               	addwfc	(___flmul@grs+1)^0,f,c
  8117   001720  0E00               	movlw	0
  8118   001722  2210               	addwfc	(___flmul@grs+2)^0,f,c
  8119   001724  0E00               	movlw	0
  8120   001726  2211               	addwfc	(___flmul@grs+3)^0,f,c
  8121   001728  5007               	movf	(___flmul@a+2)^0,w,c
  8122   00172A  0202               	mulwf	(___flmul@b+1)^0,c
  8123   00172C  CFF3 F018          	movff	prodl,___flmul@temp
  8124   001730  CFF4 F019          	movff	prodh,___flmul@temp+1
  8125   001734  5018               	movf	___flmul@temp^0,w,c
  8126   001736  2614               	addwf	___flmul@prod^0,f,c
  8127   001738  5019               	movf	(___flmul@temp+1)^0,w,c
  8128   00173A  2215               	addwfc	(___flmul@prod+1)^0,f,c
  8129   00173C  0E00               	movlw	0
  8130   00173E  2216               	addwfc	(___flmul@prod+2)^0,f,c
  8131   001740  0E00               	movlw	0
  8132   001742  2217               	addwfc	(___flmul@prod+3)^0,f,c
  8133   001744  5006               	movf	(___flmul@a+1)^0,w,c
  8134   001746  0203               	mulwf	(___flmul@b+2)^0,c
  8135   001748  CFF3 F018          	movff	prodl,___flmul@temp
  8136   00174C  CFF4 F019          	movff	prodh,___flmul@temp+1
  8137   001750  5018               	movf	___flmul@temp^0,w,c
  8138   001752  2614               	addwf	___flmul@prod^0,f,c
  8139   001754  5019               	movf	(___flmul@temp+1)^0,w,c
  8140   001756  2215               	addwfc	(___flmul@prod+1)^0,f,c
  8141   001758  0E00               	movlw	0
  8142   00175A  2216               	addwfc	(___flmul@prod+2)^0,f,c
  8143   00175C  0E00               	movlw	0
  8144   00175E  2217               	addwfc	(___flmul@prod+3)^0,f,c
  8145   001760  5007               	movf	(___flmul@a+2)^0,w,c
  8146   001762  0203               	mulwf	(___flmul@b+2)^0,c
  8147   001764  CFF3 F018          	movff	prodl,___flmul@temp
  8148   001768  CFF4 F019          	movff	prodh,___flmul@temp+1
  8149   00176C  5018               	movf	___flmul@temp^0,w,c
  8150   00176E  6E09               	movwf	??___flmul^0,c
  8151   001770  5019               	movf	(___flmul@temp+1)^0,w,c
  8152   001772  6E0A               	movwf	(??___flmul+1)^0,c
  8153   001774  6A0B               	clrf	(??___flmul+2)^0,c
  8154   001776  6A0C               	clrf	(??___flmul+3)^0,c
  8155   001778  C00B  F00C         	movff	??___flmul+2,??___flmul+3
  8156   00177C  C00A  F00B         	movff	??___flmul+1,??___flmul+2
  8157   001780  C009  F00A         	movff	??___flmul,??___flmul+1
  8158   001784  6A09               	clrf	??___flmul^0,c
  8159   001786  5009               	movf	??___flmul^0,w,c
  8160   001788  2614               	addwf	___flmul@prod^0,f,c
  8161   00178A  500A               	movf	(??___flmul+1)^0,w,c
  8162   00178C  2215               	addwfc	(___flmul@prod+1)^0,f,c
  8163   00178E  500B               	movf	(??___flmul+2)^0,w,c
  8164   001790  2216               	addwfc	(___flmul@prod+2)^0,f,c
  8165   001792  500C               	movf	(??___flmul+3)^0,w,c
  8166   001794  2217               	addwfc	(___flmul@prod+3)^0,f,c
  8167   001796  C00E  F009         	movff	___flmul@grs,??___flmul
  8168   00179A  C00F  F00A         	movff	___flmul@grs+1,??___flmul+1
  8169   00179E  C010  F00B         	movff	___flmul@grs+2,??___flmul+2
  8170   0017A2  C011  F00C         	movff	___flmul@grs+3,??___flmul+3
  8171   0017A6  0E19               	movlw	25
  8172   0017A8  EFDB  F00B         	goto	i2u282_40
  8173   0017AC                     i2u282_45:
  8174   0017AC  90D8               	bcf	status,0,c
  8175   0017AE  320C               	rrcf	(??___flmul+3)^0,f,c
  8176   0017B0  320B               	rrcf	(??___flmul+2)^0,f,c
  8177   0017B2  320A               	rrcf	(??___flmul+1)^0,f,c
  8178   0017B4  3209               	rrcf	??___flmul^0,f,c
  8179   0017B6                     i2u282_40:
  8180   0017B6  2EE8               	decfsz	wreg,f,c
  8181   0017B8  EFD6  F00B         	goto	i2u282_45
  8182   0017BC  5009               	movf	??___flmul^0,w,c
  8183   0017BE  2614               	addwf	___flmul@prod^0,f,c
  8184   0017C0  500A               	movf	(??___flmul+1)^0,w,c
  8185   0017C2  2215               	addwfc	(___flmul@prod+1)^0,f,c
  8186   0017C4  500B               	movf	(??___flmul+2)^0,w,c
  8187   0017C6  2216               	addwfc	(___flmul@prod+2)^0,f,c
  8188   0017C8  500C               	movf	(??___flmul+3)^0,w,c
  8189   0017CA  2217               	addwfc	(___flmul@prod+3)^0,f,c
  8190   0017CC  C010  F011         	movff	___flmul@grs+2,___flmul@grs+3
  8191   0017D0  C00F  F010         	movff	___flmul@grs+1,___flmul@grs+2
  8192   0017D4  C00E  F00F         	movff	___flmul@grs,___flmul@grs+1
  8193   0017D8  6A0E               	clrf	___flmul@grs^0,c
  8194   0017DA  5012               	movf	___flmul@aexp^0,w,c
  8195   0017DC  C013  F009         	movff	___flmul@bexp,??___flmul
  8196   0017E0  6A0A               	clrf	(??___flmul+1)^0,c
  8197   0017E2  2609               	addwf	??___flmul^0,f,c
  8198   0017E4  0E00               	movlw	0
  8199   0017E6  220A               	addwfc	(??___flmul+1)^0,f,c
  8200   0017E8  0E82               	movlw	130
  8201   0017EA  2409               	addwf	??___flmul^0,w,c
  8202   0017EC  6E18               	movwf	___flmul@temp^0,c
  8203   0017EE  0EFF               	movlw	255
  8204   0017F0  200A               	addwfc	(??___flmul+1)^0,w,c
  8205   0017F2  6E19               	movwf	(___flmul@temp+1)^0,c
  8206   0017F4  EF11  F00C         	goto	i2l2936
  8207   0017F8                     i2l2930:
  8208   0017F8  90D8               	bcf	status,0,c
  8209   0017FA  3614               	rlcf	___flmul@prod^0,f,c
  8210   0017FC  3615               	rlcf	(___flmul@prod+1)^0,f,c
  8211   0017FE  3616               	rlcf	(___flmul@prod+2)^0,f,c
  8212   001800  3617               	rlcf	(___flmul@prod+3)^0,f,c
  8213   001802  AE11               	btfss	(___flmul@grs+3)^0,7,c
  8214   001804  EF06  F00C         	goto	i2u283_41
  8215   001808  EF08  F00C         	goto	i2u283_40
  8216   00180C                     i2u283_41:
  8217   00180C  EF09  F00C         	goto	i2l961
  8218   001810                     i2u283_40:
  8219   001810  8014               	bsf	___flmul@prod^0,0,c
  8220   001812                     i2l961:
  8221   001812  90D8               	bcf	status,0,c
  8222   001814  360E               	rlcf	___flmul@grs^0,f,c
  8223   001816  360F               	rlcf	(___flmul@grs+1)^0,f,c
  8224   001818  3610               	rlcf	(___flmul@grs+2)^0,f,c
  8225   00181A  3611               	rlcf	(___flmul@grs+3)^0,f,c
  8226   00181C  0618               	decf	___flmul@temp^0,f,c
  8227   00181E  A0D8               	btfss	status,0,c
  8228   001820  0619               	decf	(___flmul@temp+1)^0,f,c
  8229   001822                     i2l2936:
  8230   001822  AE16               	btfss	(___flmul@prod+2)^0,7,c
  8231   001824  EF16  F00C         	goto	i2u284_41
  8232   001828  EF18  F00C         	goto	i2u284_40
  8233   00182C                     i2u284_41:
  8234   00182C  EFFC  F00B         	goto	i2l2930
  8235   001830                     i2u284_40:
  8236   001830  6A12               	clrf	___flmul@aexp^0,c
  8237   001832  AE11               	btfss	(___flmul@grs+3)^0,7,c
  8238   001834  EF1E  F00C         	goto	i2u285_41
  8239   001838  EF20  F00C         	goto	i2u285_40
  8240   00183C                     i2u285_41:
  8241   00183C  EF44  F00C         	goto	i2l963
  8242   001840                     i2u285_40:
  8243   001840  0EFF               	movlw	255
  8244   001842  140E               	andwf	___flmul@grs^0,w,c
  8245   001844  6E09               	movwf	??___flmul^0,c
  8246   001846  0EFF               	movlw	255
  8247   001848  140F               	andwf	(___flmul@grs+1)^0,w,c
  8248   00184A  6E0A               	movwf	(??___flmul+1)^0,c
  8249   00184C  0EFF               	movlw	255
  8250   00184E  1410               	andwf	(___flmul@grs+2)^0,w,c
  8251   001850  6E0B               	movwf	(??___flmul+2)^0,c
  8252   001852  0E7F               	movlw	127
  8253   001854  1411               	andwf	(___flmul@grs+3)^0,w,c
  8254   001856  6E0C               	movwf	(??___flmul+3)^0,c
  8255   001858  5009               	movf	??___flmul^0,w,c
  8256   00185A  100A               	iorwf	(??___flmul+1)^0,w,c
  8257   00185C  100B               	iorwf	(??___flmul+2)^0,w,c
  8258   00185E  100C               	iorwf	(??___flmul+3)^0,w,c
  8259   001860  B4D8               	btfsc	status,2,c
  8260   001862  EF35  F00C         	goto	i2u286_41
  8261   001866  EF37  F00C         	goto	i2u286_40
  8262   00186A                     i2u286_41:
  8263   00186A  EF3B  F00C         	goto	i2l964
  8264   00186E                     i2u286_40:
  8265   00186E                     i2l2940:
  8266   00186E  0E01               	movlw	1
  8267   001870  6E12               	movwf	___flmul@aexp^0,c
  8268   001872  EF44  F00C         	goto	i2l963
  8269   001876                     i2l964:
  8270   001876  A014               	btfss	___flmul@prod^0,0,c
  8271   001878  EF40  F00C         	goto	i2u287_41
  8272   00187C  EF42  F00C         	goto	i2u287_40
  8273   001880                     i2u287_41:
  8274   001880  EF44  F00C         	goto	i2l963
  8275   001884                     i2u287_40:
  8276   001884  EF37  F00C         	goto	i2l2940
  8277   001888                     i2l963:
  8278   001888  5012               	movf	___flmul@aexp^0,w,c
  8279   00188A  B4D8               	btfsc	status,2,c
  8280   00188C  EF4A  F00C         	goto	i2u288_41
  8281   001890  EF4C  F00C         	goto	i2u288_40
  8282   001894                     i2u288_41:
  8283   001894  EF70  F00C         	goto	i2l2952
  8284   001898                     i2u288_40:
  8285   001898  0E01               	movlw	1
  8286   00189A  2614               	addwf	___flmul@prod^0,f,c
  8287   00189C  0E00               	movlw	0
  8288   00189E  2215               	addwfc	(___flmul@prod+1)^0,f,c
  8289   0018A0  2216               	addwfc	(___flmul@prod+2)^0,f,c
  8290   0018A2  2217               	addwfc	(___flmul@prod+3)^0,f,c
  8291   0018A4  A017               	btfss	(___flmul@prod+3)^0,0,c
  8292   0018A6  EF57  F00C         	goto	i2u289_41
  8293   0018AA  EF59  F00C         	goto	i2u289_40
  8294   0018AE                     i2u289_41:
  8295   0018AE  EF70  F00C         	goto	i2l2952
  8296   0018B2                     i2u289_40:
  8297   0018B2  C014  F009         	movff	___flmul@prod,??___flmul
  8298   0018B6  C015  F00A         	movff	___flmul@prod+1,??___flmul+1
  8299   0018BA  C016  F00B         	movff	___flmul@prod+2,??___flmul+2
  8300   0018BE  C017  F00C         	movff	___flmul@prod+3,??___flmul+3
  8301   0018C2  340C               	rlcf	(??___flmul+3)^0,w,c
  8302   0018C4  320C               	rrcf	(??___flmul+3)^0,f,c
  8303   0018C6  320B               	rrcf	(??___flmul+2)^0,f,c
  8304   0018C8  320A               	rrcf	(??___flmul+1)^0,f,c
  8305   0018CA  3209               	rrcf	??___flmul^0,f,c
  8306   0018CC  C009  F014         	movff	??___flmul,___flmul@prod
  8307   0018D0  C00A  F015         	movff	??___flmul+1,___flmul@prod+1
  8308   0018D4  C00B  F016         	movff	??___flmul+2,___flmul@prod+2
  8309   0018D8  C00C  F017         	movff	??___flmul+3,___flmul@prod+3
  8310   0018DC  4A18               	infsnz	___flmul@temp^0,f,c
  8311   0018DE  2A19               	incf	(___flmul@temp+1)^0,f,c
  8312   0018E0                     i2l2952:
  8313   0018E0  BE19               	btfsc	(___flmul@temp+1)^0,7,c
  8314   0018E2  EF7B  F00C         	goto	i2u290_41
  8315   0018E6  5019               	movf	(___flmul@temp+1)^0,w,c
  8316   0018E8  E108               	bnz	i2u290_40
  8317   0018EA  2818               	incf	___flmul@temp^0,w,c
  8318   0018EC  A0D8               	btfss	status,0,c
  8319   0018EE  EF7B  F00C         	goto	i2u290_41
  8320   0018F2  EF7D  F00C         	goto	i2u290_40
  8321   0018F6                     i2u290_41:
  8322   0018F6  EF87  F00C         	goto	i2l2956
  8323   0018FA                     i2u290_40:
  8324   0018FA  0E00               	movlw	0
  8325   0018FC  6E14               	movwf	___flmul@prod^0,c
  8326   0018FE  0E00               	movlw	0
  8327   001900  6E15               	movwf	(___flmul@prod+1)^0,c
  8328   001902  0E80               	movlw	128
  8329   001904  6E16               	movwf	(___flmul@prod+2)^0,c
  8330   001906  0E7F               	movlw	127
  8331   001908  6E17               	movwf	(___flmul@prod+3)^0,c
  8332   00190A  EFB4  F00C         	goto	i2l2970
  8333   00190E                     i2l2956:
  8334   00190E  BE19               	btfsc	(___flmul@temp+1)^0,7,c
  8335   001910  EF94  F00C         	goto	i2u291_40
  8336   001914  5019               	movf	(___flmul@temp+1)^0,w,c
  8337   001916  E106               	bnz	i2u291_41
  8338   001918  0418               	decf	___flmul@temp^0,w,c
  8339   00191A  B0D8               	btfsc	status,0,c
  8340   00191C  EF92  F00C         	goto	i2u291_41
  8341   001920  EF94  F00C         	goto	i2u291_40
  8342   001924                     i2u291_41:
  8343   001924  EF9F  F00C         	goto	i2l971
  8344   001928                     i2u291_40:
  8345   001928  0E00               	movlw	0
  8346   00192A  6E14               	movwf	___flmul@prod^0,c
  8347   00192C  0E00               	movlw	0
  8348   00192E  6E15               	movwf	(___flmul@prod+1)^0,c
  8349   001930  0E00               	movlw	0
  8350   001932  6E16               	movwf	(___flmul@prod+2)^0,c
  8351   001934  0E00               	movlw	0
  8352   001936  6E17               	movwf	(___flmul@prod+3)^0,c
  8353   001938  6A0D               	clrf	___flmul@sign^0,c
  8354   00193A  EFB4  F00C         	goto	i2l2970
  8355   00193E                     i2l971:
  8356   00193E  C018  F013         	movff	___flmul@temp,___flmul@bexp
  8357   001942  0EFF               	movlw	255
  8358   001944  1614               	andwf	___flmul@prod^0,f,c
  8359   001946  0EFF               	movlw	255
  8360   001948  1615               	andwf	(___flmul@prod+1)^0,f,c
  8361   00194A  0E7F               	movlw	127
  8362   00194C  1616               	andwf	(___flmul@prod+2)^0,f,c
  8363   00194E  0E00               	movlw	0
  8364   001950  1617               	andwf	(___flmul@prod+3)^0,f,c
  8365   001952  A013               	btfss	___flmul@bexp^0,0,c
  8366   001954  EFAE  F00C         	goto	i2u292_41
  8367   001958  EFB0  F00C         	goto	i2u292_40
  8368   00195C                     i2u292_41:
  8369   00195C  EFB1  F00C         	goto	i2l2968
  8370   001960                     i2u292_40:
  8371   001960  8E16               	bsf	(___flmul@prod+2)^0,7,c
  8372   001962                     i2l2968:
  8373   001962  90D8               	bcf	status,0,c
  8374   001964  3013               	rrcf	___flmul@bexp^0,w,c
  8375   001966  6E17               	movwf	(___flmul@prod+3)^0,c
  8376   001968                     i2l2970:
  8377   001968  500D               	movf	___flmul@sign^0,w,c
  8378   00196A  1217               	iorwf	(___flmul@prod+3)^0,f,c
  8379   00196C  C014  F001         	movff	___flmul@prod,?___flmul
  8380   001970  C015  F002         	movff	___flmul@prod+1,?___flmul+1
  8381   001974  C016  F003         	movff	___flmul@prod+2,?___flmul+2
  8382   001978  C017  F004         	movff	___flmul@prod+3,?___flmul+3
  8383   00197C                     i2l958:
  8384   00197C  0012               	return		;funcret
  8385   00197E                     __end_of___flmul:
  8386                           	callstack 0
  8387                           
  8388 ;; *************** function ___flge *****************
  8389 ;; Defined at:
  8390 ;;		line 4 in file "C:\Program Files\Microchip\xc8\v3.00\pic\sources\c99\common\flge.c"
  8391 ;; Parameters:    Size  Location     Type
  8392 ;;  ff1             4    0[COMRAM] unsigned char 
  8393 ;;  ff2             4    4[COMRAM] unsigned char 
  8394 ;; Auto vars:     Size  Location     Type
  8395 ;;		None
  8396 ;; Return value:  Size  Location     Type
  8397 ;;		None               void
  8398 ;; Registers used:
  8399 ;;		wreg, status,2, status,0
  8400 ;; Tracked objects:
  8401 ;;		On entry : 0/0
  8402 ;;		On exit  : 0/0
  8403 ;;		Unchanged: 0/0
  8404 ;; Data sizes:     COMRAM   BANK0   BANK1   BANK2   BANK3   BANK4   BANK5
  8405 ;;      Params:         8       0       0       0       0       0       0
  8406 ;;      Locals:         0       0       0       0       0       0       0
  8407 ;;      Temps:          4       0       0       0       0       0       0
  8408 ;;      Totals:        12       0       0       0       0       0       0
  8409 ;;Total ram usage:       12 bytes
  8410 ;; Hardware stack levels used: 1
  8411 ;; This function calls:
  8412 ;;		Nothing
  8413 ;; This function is called by:
  8414 ;;		_strtof
  8415 ;; This function uses a non-reentrant model
  8416 ;;
  8417                           
  8418                           	psect	text46
  8419   002176                     __ptext46:
  8420                           	callstack 0
  8421   002176                     ___flge:
  8422                           	callstack 20
  8423   002176  0E00               	movlw	0
  8424   002178  1401               	andwf	___flge@ff1^0,w,c
  8425   00217A  6E09               	movwf	??___flge^0,c
  8426   00217C  0E00               	movlw	0
  8427   00217E  1402               	andwf	(___flge@ff1+1)^0,w,c
  8428   002180  6E0A               	movwf	(??___flge+1)^0,c
  8429   002182  0E80               	movlw	128
  8430   002184  1403               	andwf	(___flge@ff1+2)^0,w,c
  8431   002186  6E0B               	movwf	(??___flge+2)^0,c
  8432   002188  0E7F               	movlw	127
  8433   00218A  1404               	andwf	(___flge@ff1+3)^0,w,c
  8434   00218C  6E0C               	movwf	(??___flge+3)^0,c
  8435   00218E  5009               	movf	??___flge^0,w,c
  8436   002190  100A               	iorwf	(??___flge+1)^0,w,c
  8437   002192  100B               	iorwf	(??___flge+2)^0,w,c
  8438   002194  100C               	iorwf	(??___flge+3)^0,w,c
  8439   002196  A4D8               	btfss	status,2,c
  8440   002198  EFD0  F010         	goto	i2u296_41
  8441   00219C  EFD2  F010         	goto	i2u296_40
  8442   0021A0                     i2u296_41:
  8443   0021A0  EFDA  F010         	goto	i2l2996
  8444   0021A4                     i2u296_40:
  8445   0021A4  0E00               	movlw	0
  8446   0021A6  6E01               	movwf	___flge@ff1^0,c
  8447   0021A8  0E00               	movlw	0
  8448   0021AA  6E02               	movwf	(___flge@ff1+1)^0,c
  8449   0021AC  0E00               	movlw	0
  8450   0021AE  6E03               	movwf	(___flge@ff1+2)^0,c
  8451   0021B0  0E00               	movlw	0
  8452   0021B2  6E04               	movwf	(___flge@ff1+3)^0,c
  8453   0021B4                     i2l2996:
  8454   0021B4  0E00               	movlw	0
  8455   0021B6  1405               	andwf	___flge@ff2^0,w,c
  8456   0021B8  6E09               	movwf	??___flge^0,c
  8457   0021BA  0E00               	movlw	0
  8458   0021BC  1406               	andwf	(___flge@ff2+1)^0,w,c
  8459   0021BE  6E0A               	movwf	(??___flge+1)^0,c
  8460   0021C0  0E80               	movlw	128
  8461   0021C2  1407               	andwf	(___flge@ff2+2)^0,w,c
  8462   0021C4  6E0B               	movwf	(??___flge+2)^0,c
  8463   0021C6  0E7F               	movlw	127
  8464   0021C8  1408               	andwf	(___flge@ff2+3)^0,w,c
  8465   0021CA  6E0C               	movwf	(??___flge+3)^0,c
  8466   0021CC  5009               	movf	??___flge^0,w,c
  8467   0021CE  100A               	iorwf	(??___flge+1)^0,w,c
  8468   0021D0  100B               	iorwf	(??___flge+2)^0,w,c
  8469   0021D2  100C               	iorwf	(??___flge+3)^0,w,c
  8470   0021D4  A4D8               	btfss	status,2,c
  8471   0021D6  EFEF  F010         	goto	i2u297_41
  8472   0021DA  EFF1  F010         	goto	i2u297_40
  8473   0021DE                     i2u297_41:
  8474   0021DE  EFF9  F010         	goto	i2l3000
  8475   0021E2                     i2u297_40:
  8476   0021E2  0E00               	movlw	0
  8477   0021E4  6E05               	movwf	___flge@ff2^0,c
  8478   0021E6  0E00               	movlw	0
  8479   0021E8  6E06               	movwf	(___flge@ff2+1)^0,c
  8480   0021EA  0E00               	movlw	0
  8481   0021EC  6E07               	movwf	(___flge@ff2+2)^0,c
  8482   0021EE  0E00               	movlw	0
  8483   0021F0  6E08               	movwf	(___flge@ff2+3)^0,c
  8484   0021F2                     i2l3000:
  8485   0021F2  AE04               	btfss	(___flge@ff1+3)^0,7,c
  8486   0021F4  EFFE  F010         	goto	i2u298_41
  8487   0021F8  EF00  F011         	goto	i2u298_40
  8488   0021FC                     i2u298_41:
  8489   0021FC  EF09  F011         	goto	i2l3004
  8490   002200                     i2u298_40:
  8491   002200  6C01               	negf	___flge@ff1^0,c
  8492   002202  1E02               	comf	(___flge@ff1+1)^0,f,c
  8493   002204  B0D8               	btfsc	status,0,c
  8494   002206  2A02               	incf	(___flge@ff1+1)^0,f,c
  8495   002208  1E03               	comf	(___flge@ff1+2)^0,f,c
  8496   00220A  B0D8               	btfsc	status,0,c
  8497   00220C  2A03               	incf	(___flge@ff1+2)^0,f,c
  8498   00220E  0E80               	movlw	128
  8499   002210  5604               	subfwb	(___flge@ff1+3)^0,f,c
  8500   002212                     i2l3004:
  8501   002212  AE08               	btfss	(___flge@ff2+3)^0,7,c
  8502   002214  EF0E  F011         	goto	i2u299_41
  8503   002218  EF10  F011         	goto	i2u299_40
  8504   00221C                     i2u299_41:
  8505   00221C  EF19  F011         	goto	i2l605
  8506   002220                     i2u299_40:
  8507   002220  6C05               	negf	___flge@ff2^0,c
  8508   002222  1E06               	comf	(___flge@ff2+1)^0,f,c
  8509   002224  B0D8               	btfsc	status,0,c
  8510   002226  2A06               	incf	(___flge@ff2+1)^0,f,c
  8511   002228  1E07               	comf	(___flge@ff2+2)^0,f,c
  8512   00222A  B0D8               	btfsc	status,0,c
  8513   00222C  2A07               	incf	(___flge@ff2+2)^0,f,c
  8514   00222E  0E80               	movlw	128
  8515   002230  5608               	subfwb	(___flge@ff2+3)^0,f,c
  8516   002232                     i2l605:
  8517   002232  0E00               	movlw	0
  8518   002234  1A01               	xorwf	___flge@ff1^0,f,c
  8519   002236  0E00               	movlw	0
  8520   002238  1A02               	xorwf	(___flge@ff1+1)^0,f,c
  8521   00223A  0E00               	movlw	0
  8522   00223C  1A03               	xorwf	(___flge@ff1+2)^0,f,c
  8523   00223E  0E80               	movlw	128
  8524   002240  1A04               	xorwf	(___flge@ff1+3)^0,f,c
  8525   002242  0E00               	movlw	0
  8526   002244  1A05               	xorwf	___flge@ff2^0,f,c
  8527   002246  0E00               	movlw	0
  8528   002248  1A06               	xorwf	(___flge@ff2+1)^0,f,c
  8529   00224A  0E00               	movlw	0
  8530   00224C  1A07               	xorwf	(___flge@ff2+2)^0,f,c
  8531   00224E  0E80               	movlw	128
  8532   002250  1A08               	xorwf	(___flge@ff2+3)^0,f,c
  8533   002252  5005               	movf	___flge@ff2^0,w,c
  8534   002254  5C01               	subwf	___flge@ff1^0,w,c
  8535   002256  5006               	movf	(___flge@ff2+1)^0,w,c
  8536   002258  5802               	subwfb	(___flge@ff1+1)^0,w,c
  8537   00225A  5007               	movf	(___flge@ff2+2)^0,w,c
  8538   00225C  5803               	subwfb	(___flge@ff1+2)^0,w,c
  8539   00225E  5008               	movf	(___flge@ff2+3)^0,w,c
  8540   002260  5804               	subwfb	(___flge@ff1+3)^0,w,c
  8541   002262  B0D8               	btfsc	status,0,c
  8542   002264  EF36  F011         	goto	i2u300_41
  8543   002268  EF38  F011         	goto	i2u300_40
  8544   00226C                     i2u300_41:
  8545   00226C  EF3B  F011         	goto	i2l3010
  8546   002270                     i2u300_40:
  8547   002270  90D8               	bcf	status,0,c
  8548   002272  EF3C  F011         	goto	i2l610
  8549   002276                     i2l3010:
  8550   002276  80D8               	bsf	status,0,c
  8551   002278                     i2l610:
  8552   002278  0012               	return		;funcret
  8553   00227A                     __end_of___flge:
  8554                           	callstack 0
  8555                           
  8556 ;; *************** function ___fleq *****************
  8557 ;; Defined at:
  8558 ;;		line 4 in file "C:\Program Files\Microchip\xc8\v3.00\pic\sources\c99\common\fleq.c"
  8559 ;; Parameters:    Size  Location     Type
  8560 ;;  ff1             4    0[COMRAM] unsigned char 
  8561 ;;  ff2             4    4[COMRAM] unsigned char 
  8562 ;; Auto vars:     Size  Location     Type
  8563 ;;		None
  8564 ;; Return value:  Size  Location     Type
  8565 ;;		None               void
  8566 ;; Registers used:
  8567 ;;		wreg, status,2, status,0
  8568 ;; Tracked objects:
  8569 ;;		On entry : 0/0
  8570 ;;		On exit  : 0/0
  8571 ;;		Unchanged: 0/0
  8572 ;; Data sizes:     COMRAM   BANK0   BANK1   BANK2   BANK3   BANK4   BANK5
  8573 ;;      Params:         8       0       0       0       0       0       0
  8574 ;;      Locals:         0       0       0       0       0       0       0
  8575 ;;      Temps:          4       0       0       0       0       0       0
  8576 ;;      Totals:        12       0       0       0       0       0       0
  8577 ;;Total ram usage:       12 bytes
  8578 ;; Hardware stack levels used: 1
  8579 ;; This function calls:
  8580 ;;		Nothing
  8581 ;; This function is called by:
  8582 ;;		_strtof
  8583 ;; This function uses a non-reentrant model
  8584 ;;
  8585                           
  8586                           	psect	text47
  8587   0024FA                     __ptext47:
  8588                           	callstack 0
  8589   0024FA                     ___fleq:
  8590                           	callstack 20
  8591   0024FA  0E00               	movlw	0
  8592   0024FC  1401               	andwf	___fleq@ff1^0,w,c
  8593   0024FE  6E09               	movwf	??___fleq^0,c
  8594   002500  0E00               	movlw	0
  8595   002502  1402               	andwf	(___fleq@ff1+1)^0,w,c
  8596   002504  6E0A               	movwf	(??___fleq+1)^0,c
  8597   002506  0E80               	movlw	128
  8598   002508  1403               	andwf	(___fleq@ff1+2)^0,w,c
  8599   00250A  6E0B               	movwf	(??___fleq+2)^0,c
  8600   00250C  0E7F               	movlw	127
  8601   00250E  1404               	andwf	(___fleq@ff1+3)^0,w,c
  8602   002510  6E0C               	movwf	(??___fleq+3)^0,c
  8603   002512  5009               	movf	??___fleq^0,w,c
  8604   002514  100A               	iorwf	(??___fleq+1)^0,w,c
  8605   002516  100B               	iorwf	(??___fleq+2)^0,w,c
  8606   002518  100C               	iorwf	(??___fleq+3)^0,w,c
  8607   00251A  A4D8               	btfss	status,2,c
  8608   00251C  EF92  F012         	goto	i2u293_41
  8609   002520  EF94  F012         	goto	i2u293_40
  8610   002524                     i2u293_41:
  8611   002524  EF9C  F012         	goto	i2l2980
  8612   002528                     i2u293_40:
  8613   002528  0E00               	movlw	0
  8614   00252A  6E01               	movwf	___fleq@ff1^0,c
  8615   00252C  0E00               	movlw	0
  8616   00252E  6E02               	movwf	(___fleq@ff1+1)^0,c
  8617   002530  0E00               	movlw	0
  8618   002532  6E03               	movwf	(___fleq@ff1+2)^0,c
  8619   002534  0E00               	movlw	0
  8620   002536  6E04               	movwf	(___fleq@ff1+3)^0,c
  8621   002538                     i2l2980:
  8622   002538  0E00               	movlw	0
  8623   00253A  1405               	andwf	___fleq@ff2^0,w,c
  8624   00253C  6E09               	movwf	??___fleq^0,c
  8625   00253E  0E00               	movlw	0
  8626   002540  1406               	andwf	(___fleq@ff2+1)^0,w,c
  8627   002542  6E0A               	movwf	(??___fleq+1)^0,c
  8628   002544  0E80               	movlw	128
  8629   002546  1407               	andwf	(___fleq@ff2+2)^0,w,c
  8630   002548  6E0B               	movwf	(??___fleq+2)^0,c
  8631   00254A  0E7F               	movlw	127
  8632   00254C  1408               	andwf	(___fleq@ff2+3)^0,w,c
  8633   00254E  6E0C               	movwf	(??___fleq+3)^0,c
  8634   002550  5009               	movf	??___fleq^0,w,c
  8635   002552  100A               	iorwf	(??___fleq+1)^0,w,c
  8636   002554  100B               	iorwf	(??___fleq+2)^0,w,c
  8637   002556  100C               	iorwf	(??___fleq+3)^0,w,c
  8638   002558  A4D8               	btfss	status,2,c
  8639   00255A  EFB1  F012         	goto	i2u294_41
  8640   00255E  EFB3  F012         	goto	i2u294_40
  8641   002562                     i2u294_41:
  8642   002562  EFBB  F012         	goto	i2l2984
  8643   002566                     i2u294_40:
  8644   002566  0E00               	movlw	0
  8645   002568  6E05               	movwf	___fleq@ff2^0,c
  8646   00256A  0E00               	movlw	0
  8647   00256C  6E06               	movwf	(___fleq@ff2+1)^0,c
  8648   00256E  0E00               	movlw	0
  8649   002570  6E07               	movwf	(___fleq@ff2+2)^0,c
  8650   002572  0E00               	movlw	0
  8651   002574  6E08               	movwf	(___fleq@ff2+3)^0,c
  8652   002576                     i2l2984:
  8653   002576  5005               	movf	___fleq@ff2^0,w,c
  8654   002578  1801               	xorwf	___fleq@ff1^0,w,c
  8655   00257A  E10F               	bnz	i2u295_40
  8656   00257C  5006               	movf	(___fleq@ff2+1)^0,w,c
  8657   00257E  1802               	xorwf	(___fleq@ff1+1)^0,w,c
  8658   002580  E10C               	bnz	i2u295_40
  8659   002582  5007               	movf	(___fleq@ff2+2)^0,w,c
  8660   002584  1803               	xorwf	(___fleq@ff1+2)^0,w,c
  8661   002586  E109               	bnz	i2u295_40
  8662   002588  5008               	movf	(___fleq@ff2+3)^0,w,c
  8663   00258A  1804               	xorwf	(___fleq@ff1+3)^0,w,c
  8664   00258C  B4D8               	btfsc	status,2,c
  8665   00258E  EFCB  F012         	goto	i2u295_41
  8666   002592  EFCD  F012         	goto	i2u295_40
  8667   002596                     i2u295_41:
  8668   002596  EFD0  F012         	goto	i2l2988
  8669   00259A                     i2u295_40:
  8670   00259A  90D8               	bcf	status,0,c
  8671   00259C  EFD1  F012         	goto	i2l599
  8672   0025A0                     i2l2988:
  8673   0025A0  80D8               	bsf	status,0,c
  8674   0025A2                     i2l599:
  8675   0025A2  0012               	return		;funcret
  8676   0025A4                     __end_of___fleq:
  8677                           	callstack 0
  8678                           
  8679 ;; *************** function ___fldiv *****************
  8680 ;; Defined at:
  8681 ;;		line 11 in file "C:\Program Files\Microchip\xc8\v3.00\pic\sources\c99\common\sprcdiv.c"
  8682 ;; Parameters:    Size  Location     Type
  8683 ;;  b               4    0[COMRAM] unsigned char 
  8684 ;;  a               4    4[COMRAM] unsigned char 
  8685 ;; Auto vars:     Size  Location     Type
  8686 ;;  grs             4   19[COMRAM] unsigned long 
  8687 ;;  rem             4   12[COMRAM] unsigned long 
  8688 ;;  new_exp         2   17[COMRAM] short 
  8689 ;;  aexp            1   24[COMRAM] unsigned char 
  8690 ;;  bexp            1   23[COMRAM] unsigned char 
  8691 ;;  sign            1   16[COMRAM] unsigned char 
  8692 ;; Return value:  Size  Location     Type
  8693 ;;                  4    0[COMRAM] unsigned char 
  8694 ;; Registers used:
  8695 ;;		wreg, status,2, status,0
  8696 ;; Tracked objects:
  8697 ;;		On entry : 0/0
  8698 ;;		On exit  : 0/0
  8699 ;;		Unchanged: 0/0
  8700 ;; Data sizes:     COMRAM   BANK0   BANK1   BANK2   BANK3   BANK4   BANK5
  8701 ;;      Params:         8       0       0       0       0       0       0
  8702 ;;      Locals:        13       0       0       0       0       0       0
  8703 ;;      Temps:          4       0       0       0       0       0       0
  8704 ;;      Totals:        25       0       0       0       0       0       0
  8705 ;;Total ram usage:       25 bytes
  8706 ;; Hardware stack levels used: 1
  8707 ;; This function calls:
  8708 ;;		Nothing
  8709 ;; This function is called by:
  8710 ;;		_strtof
  8711 ;; This function uses a non-reentrant model
  8712 ;;
  8713                           
  8714                           	psect	text48
  8715   00197E                     __ptext48:
  8716                           	callstack 0
  8717   00197E                     ___fldiv:
  8718                           	callstack 20
  8719   00197E  5004               	movf	(___fldiv@b+3)^0,w,c
  8720   001980  0B80               	andlw	128
  8721   001982  6E11               	movwf	___fldiv@sign^0,c
  8722   001984  5004               	movf	(___fldiv@b+3)^0,w,c
  8723   001986  2404               	addwf	(___fldiv@b+3)^0,w,c
  8724   001988  6E18               	movwf	___fldiv@bexp^0,c
  8725   00198A  AE03               	btfss	(___fldiv@b+2)^0,7,c
  8726   00198C  EFCA  F00C         	goto	i2u251_41
  8727   001990  EFCC  F00C         	goto	i2u251_40
  8728   001994                     i2u251_41:
  8729   001994  EFCD  F00C         	goto	i2l2718
  8730   001998                     i2u251_40:
  8731   001998  8018               	bsf	___fldiv@bexp^0,0,c
  8732   00199A                     i2l2718:
  8733   00199A  5018               	movf	___fldiv@bexp^0,w,c
  8734   00199C  B4D8               	btfsc	status,2,c
  8735   00199E  EFD3  F00C         	goto	i2u252_41
  8736   0019A2  EFD5  F00C         	goto	i2u252_40
  8737   0019A6                     i2u252_41:
  8738   0019A6  EFE9  F00C         	goto	i2l2728
  8739   0019AA                     i2u252_40:
  8740   0019AA  2818               	incf	___fldiv@bexp^0,w,c
  8741   0019AC  A4D8               	btfss	status,2,c
  8742   0019AE  EFDB  F00C         	goto	i2u253_41
  8743   0019B2  EFDD  F00C         	goto	i2u253_40
  8744   0019B6                     i2u253_41:
  8745   0019B6  EFE5  F00C         	goto	i2l2724
  8746   0019BA                     i2u253_40:
  8747   0019BA  0E00               	movlw	0
  8748   0019BC  6E01               	movwf	___fldiv@b^0,c
  8749   0019BE  0E00               	movlw	0
  8750   0019C0  6E02               	movwf	(___fldiv@b+1)^0,c
  8751   0019C2  0E00               	movlw	0
  8752   0019C4  6E03               	movwf	(___fldiv@b+2)^0,c
  8753   0019C6  0E00               	movlw	0
  8754   0019C8  6E04               	movwf	(___fldiv@b+3)^0,c
  8755   0019CA                     i2l2724:
  8756   0019CA  8E03               	bsf	(___fldiv@b+2)^0,7,c
  8757   0019CC  6A04               	clrf	(___fldiv@b+3)^0,c
  8758   0019CE  EFF1  F00C         	goto	i2l2730
  8759   0019D2                     i2l2728:
  8760   0019D2  0E00               	movlw	0
  8761   0019D4  6E01               	movwf	___fldiv@b^0,c
  8762   0019D6  0E00               	movlw	0
  8763   0019D8  6E02               	movwf	(___fldiv@b+1)^0,c
  8764   0019DA  0E00               	movlw	0
  8765   0019DC  6E03               	movwf	(___fldiv@b+2)^0,c
  8766   0019DE  0E00               	movlw	0
  8767   0019E0  6E04               	movwf	(___fldiv@b+3)^0,c
  8768   0019E2                     i2l2730:
  8769   0019E2  5008               	movf	(___fldiv@a+3)^0,w,c
  8770   0019E4  0B80               	andlw	128
  8771   0019E6  1A11               	xorwf	___fldiv@sign^0,f,c
  8772   0019E8  5008               	movf	(___fldiv@a+3)^0,w,c
  8773   0019EA  2408               	addwf	(___fldiv@a+3)^0,w,c
  8774   0019EC  6E19               	movwf	___fldiv@aexp^0,c
  8775   0019EE  AE07               	btfss	(___fldiv@a+2)^0,7,c
  8776   0019F0  EFFC  F00C         	goto	i2u254_41
  8777   0019F4  EFFE  F00C         	goto	i2u254_40
  8778   0019F8                     i2u254_41:
  8779   0019F8  EFFF  F00C         	goto	i2l2738
  8780   0019FC                     i2u254_40:
  8781   0019FC  8019               	bsf	___fldiv@aexp^0,0,c
  8782   0019FE                     i2l2738:
  8783   0019FE  5019               	movf	___fldiv@aexp^0,w,c
  8784   001A00  B4D8               	btfsc	status,2,c
  8785   001A02  EF05  F00D         	goto	i2u255_41
  8786   001A06  EF07  F00D         	goto	i2u255_40
  8787   001A0A                     i2u255_41:
  8788   001A0A  EF1B  F00D         	goto	i2l2748
  8789   001A0E                     i2u255_40:
  8790   001A0E  2819               	incf	___fldiv@aexp^0,w,c
  8791   001A10  A4D8               	btfss	status,2,c
  8792   001A12  EF0D  F00D         	goto	i2u256_41
  8793   001A16  EF0F  F00D         	goto	i2u256_40
  8794   001A1A                     i2u256_41:
  8795   001A1A  EF17  F00D         	goto	i2l2744
  8796   001A1E                     i2u256_40:
  8797   001A1E  0E00               	movlw	0
  8798   001A20  6E05               	movwf	___fldiv@a^0,c
  8799   001A22  0E00               	movlw	0
  8800   001A24  6E06               	movwf	(___fldiv@a+1)^0,c
  8801   001A26  0E00               	movlw	0
  8802   001A28  6E07               	movwf	(___fldiv@a+2)^0,c
  8803   001A2A  0E00               	movlw	0
  8804   001A2C  6E08               	movwf	(___fldiv@a+3)^0,c
  8805   001A2E                     i2l2744:
  8806   001A2E  8E07               	bsf	(___fldiv@a+2)^0,7,c
  8807   001A30  6A08               	clrf	(___fldiv@a+3)^0,c
  8808   001A32  EF23  F00D         	goto	i2l2750
  8809   001A36                     i2l2748:
  8810   001A36  0E00               	movlw	0
  8811   001A38  6E05               	movwf	___fldiv@a^0,c
  8812   001A3A  0E00               	movlw	0
  8813   001A3C  6E06               	movwf	(___fldiv@a+1)^0,c
  8814   001A3E  0E00               	movlw	0
  8815   001A40  6E07               	movwf	(___fldiv@a+2)^0,c
  8816   001A42  0E00               	movlw	0
  8817   001A44  6E08               	movwf	(___fldiv@a+3)^0,c
  8818   001A46                     i2l2750:
  8819   001A46  5005               	movf	___fldiv@a^0,w,c
  8820   001A48  1006               	iorwf	(___fldiv@a+1)^0,w,c
  8821   001A4A  1007               	iorwf	(___fldiv@a+2)^0,w,c
  8822   001A4C  1008               	iorwf	(___fldiv@a+3)^0,w,c
  8823   001A4E  A4D8               	btfss	status,2,c
  8824   001A50  EF2C  F00D         	goto	i2u257_41
  8825   001A54  EF2E  F00D         	goto	i2u257_40
  8826   001A58                     i2u257_41:
  8827   001A58  EF46  F00D         	goto	i2l2762
  8828   001A5C                     i2u257_40:
  8829   001A5C  0E00               	movlw	0
  8830   001A5E  6E01               	movwf	___fldiv@b^0,c
  8831   001A60  0E00               	movlw	0
  8832   001A62  6E02               	movwf	(___fldiv@b+1)^0,c
  8833   001A64  0E00               	movlw	0
  8834   001A66  6E03               	movwf	(___fldiv@b+2)^0,c
  8835   001A68  0E00               	movlw	0
  8836   001A6A  6E04               	movwf	(___fldiv@b+3)^0,c
  8837   001A6C  0E80               	movlw	128
  8838   001A6E  1203               	iorwf	(___fldiv@b+2)^0,f,c
  8839   001A70  0E7F               	movlw	127
  8840   001A72  1204               	iorwf	(___fldiv@b+3)^0,f,c
  8841   001A74                     i2l2756:
  8842   001A74  5011               	movf	___fldiv@sign^0,w,c
  8843   001A76  1204               	iorwf	(___fldiv@b+3)^0,f,c
  8844   001A78  C001  F001         	movff	___fldiv@b,?___fldiv
  8845   001A7C  C002  F002         	movff	___fldiv@b+1,?___fldiv+1
  8846   001A80  C003  F003         	movff	___fldiv@b+2,?___fldiv+2
  8847   001A84  C004  F004         	movff	___fldiv@b+3,?___fldiv+3
  8848   001A88  EF86  F00E         	goto	i2l922
  8849   001A8C                     i2l2762:
  8850   001A8C  5018               	movf	___fldiv@bexp^0,w,c
  8851   001A8E  A4D8               	btfss	status,2,c
  8852   001A90  EF4C  F00D         	goto	i2u258_41
  8853   001A94  EF4E  F00D         	goto	i2u258_40
  8854   001A98                     i2u258_41:
  8855   001A98  EF58  F00D         	goto	i2l2770
  8856   001A9C                     i2u258_40:
  8857   001A9C  0E00               	movlw	0
  8858   001A9E  6E01               	movwf	?___fldiv^0,c
  8859   001AA0  0E00               	movlw	0
  8860   001AA2  6E02               	movwf	(?___fldiv+1)^0,c
  8861   001AA4  0E00               	movlw	0
  8862   001AA6  6E03               	movwf	(?___fldiv+2)^0,c
  8863   001AA8  0E00               	movlw	0
  8864   001AAA  6E04               	movwf	(?___fldiv+3)^0,c
  8865   001AAC  EF86  F00E         	goto	i2l922
  8866   001AB0                     i2l2770:
  8867   001AB0  5019               	movf	___fldiv@aexp^0,w,c
  8868   001AB2  C018  F009         	movff	___fldiv@bexp,??___fldiv
  8869   001AB6  6A0A               	clrf	(??___fldiv+1)^0,c
  8870   001AB8  5E09               	subwf	??___fldiv^0,f,c
  8871   001ABA  0E00               	movlw	0
  8872   001ABC  5A0A               	subwfb	(??___fldiv+1)^0,f,c
  8873   001ABE  0E7F               	movlw	127
  8874   001AC0  2409               	addwf	??___fldiv^0,w,c
  8875   001AC2  6E12               	movwf	___fldiv@new_exp^0,c
  8876   001AC4  0E00               	movlw	0
  8877   001AC6  200A               	addwfc	(??___fldiv+1)^0,w,c
  8878   001AC8  6E13               	movwf	(___fldiv@new_exp+1)^0,c
  8879   001ACA  C001  F00D         	movff	___fldiv@b,___fldiv@rem
  8880   001ACE  C002  F00E         	movff	___fldiv@b+1,___fldiv@rem+1
  8881   001AD2  C003  F00F         	movff	___fldiv@b+2,___fldiv@rem+2
  8882   001AD6  C004  F010         	movff	___fldiv@b+3,___fldiv@rem+3
  8883   001ADA  0E00               	movlw	0
  8884   001ADC  6E01               	movwf	___fldiv@b^0,c
  8885   001ADE  0E00               	movlw	0
  8886   001AE0  6E02               	movwf	(___fldiv@b+1)^0,c
  8887   001AE2  0E00               	movlw	0
  8888   001AE4  6E03               	movwf	(___fldiv@b+2)^0,c
  8889   001AE6  0E00               	movlw	0
  8890   001AE8  6E04               	movwf	(___fldiv@b+3)^0,c
  8891   001AEA  0E00               	movlw	0
  8892   001AEC  6E14               	movwf	___fldiv@grs^0,c
  8893   001AEE  0E00               	movlw	0
  8894   001AF0  6E15               	movwf	(___fldiv@grs+1)^0,c
  8895   001AF2  0E00               	movlw	0
  8896   001AF4  6E16               	movwf	(___fldiv@grs+2)^0,c
  8897   001AF6  0E00               	movlw	0
  8898   001AF8  6E17               	movwf	(___fldiv@grs+3)^0,c
  8899   001AFA  6A19               	clrf	___fldiv@aexp^0,c
  8900   001AFC  EFB8  F00D         	goto	i2l924
  8901   001B00                     i2l2780:
  8902   001B00  5019               	movf	___fldiv@aexp^0,w,c
  8903   001B02  B4D8               	btfsc	status,2,c
  8904   001B04  EF86  F00D         	goto	i2u259_41
  8905   001B08  EF88  F00D         	goto	i2u259_40
  8906   001B0C                     i2u259_41:
  8907   001B0C  EF9F  F00D         	goto	i2l2788
  8908   001B10                     i2u259_40:
  8909   001B10  90D8               	bcf	status,0,c
  8910   001B12  360D               	rlcf	___fldiv@rem^0,f,c
  8911   001B14  360E               	rlcf	(___fldiv@rem+1)^0,f,c
  8912   001B16  360F               	rlcf	(___fldiv@rem+2)^0,f,c
  8913   001B18  3610               	rlcf	(___fldiv@rem+3)^0,f,c
  8914   001B1A  90D8               	bcf	status,0,c
  8915   001B1C  3601               	rlcf	___fldiv@b^0,f,c
  8916   001B1E  3602               	rlcf	(___fldiv@b+1)^0,f,c
  8917   001B20  3603               	rlcf	(___fldiv@b+2)^0,f,c
  8918   001B22  3604               	rlcf	(___fldiv@b+3)^0,f,c
  8919   001B24  AE17               	btfss	(___fldiv@grs+3)^0,7,c
  8920   001B26  EF97  F00D         	goto	i2u260_41
  8921   001B2A  EF99  F00D         	goto	i2u260_40
  8922   001B2E                     i2u260_41:
  8923   001B2E  EF9A  F00D         	goto	i2l927
  8924   001B32                     i2u260_40:
  8925   001B32  8001               	bsf	___fldiv@b^0,0,c
  8926   001B34                     i2l927:
  8927   001B34  90D8               	bcf	status,0,c
  8928   001B36  3614               	rlcf	___fldiv@grs^0,f,c
  8929   001B38  3615               	rlcf	(___fldiv@grs+1)^0,f,c
  8930   001B3A  3616               	rlcf	(___fldiv@grs+2)^0,f,c
  8931   001B3C  3617               	rlcf	(___fldiv@grs+3)^0,f,c
  8932   001B3E                     i2l2788:
  8933   001B3E  5005               	movf	___fldiv@a^0,w,c
  8934   001B40  5C0D               	subwf	___fldiv@rem^0,w,c
  8935   001B42  5006               	movf	(___fldiv@a+1)^0,w,c
  8936   001B44  580E               	subwfb	(___fldiv@rem+1)^0,w,c
  8937   001B46  5007               	movf	(___fldiv@a+2)^0,w,c
  8938   001B48  580F               	subwfb	(___fldiv@rem+2)^0,w,c
  8939   001B4A  5008               	movf	(___fldiv@a+3)^0,w,c
  8940   001B4C  5810               	subwfb	(___fldiv@rem+3)^0,w,c
  8941   001B4E  A0D8               	btfss	status,0,c
  8942   001B50  EFAC  F00D         	goto	i2u261_41
  8943   001B54  EFAE  F00D         	goto	i2u261_40
  8944   001B58                     i2u261_41:
  8945   001B58  EFB7  F00D         	goto	i2l2794
  8946   001B5C                     i2u261_40:
  8947   001B5C  8C17               	bsf	(___fldiv@grs+3)^0,6,c
  8948   001B5E  5005               	movf	___fldiv@a^0,w,c
  8949   001B60  5E0D               	subwf	___fldiv@rem^0,f,c
  8950   001B62  5006               	movf	(___fldiv@a+1)^0,w,c
  8951   001B64  5A0E               	subwfb	(___fldiv@rem+1)^0,f,c
  8952   001B66  5007               	movf	(___fldiv@a+2)^0,w,c
  8953   001B68  5A0F               	subwfb	(___fldiv@rem+2)^0,f,c
  8954   001B6A  5008               	movf	(___fldiv@a+3)^0,w,c
  8955   001B6C  5A10               	subwfb	(___fldiv@rem+3)^0,f,c
  8956   001B6E                     i2l2794:
  8957   001B6E  2A19               	incf	___fldiv@aexp^0,f,c
  8958   001B70                     i2l924:
  8959   001B70  0E19               	movlw	25
  8960   001B72  6419               	cpfsgt	___fldiv@aexp^0,c
  8961   001B74  EFBE  F00D         	goto	i2u262_41
  8962   001B78  EFC0  F00D         	goto	i2u262_40
  8963   001B7C                     i2u262_41:
  8964   001B7C  EF80  F00D         	goto	i2l2780
  8965   001B80                     i2u262_40:
  8966   001B80  500D               	movf	___fldiv@rem^0,w,c
  8967   001B82  100E               	iorwf	(___fldiv@rem+1)^0,w,c
  8968   001B84  100F               	iorwf	(___fldiv@rem+2)^0,w,c
  8969   001B86  1010               	iorwf	(___fldiv@rem+3)^0,w,c
  8970   001B88  B4D8               	btfsc	status,2,c
  8971   001B8A  EFC9  F00D         	goto	i2u263_41
  8972   001B8E  EFCB  F00D         	goto	i2u263_40
  8973   001B92                     i2u263_41:
  8974   001B92  EFE3  F00D         	goto	i2l2806
  8975   001B96                     i2u263_40:
  8976   001B96  8014               	bsf	___fldiv@grs^0,0,c
  8977   001B98  EFE3  F00D         	goto	i2l2806
  8978   001B9C                     i2l2800:
  8979   001B9C  90D8               	bcf	status,0,c
  8980   001B9E  3601               	rlcf	___fldiv@b^0,f,c
  8981   001BA0  3602               	rlcf	(___fldiv@b+1)^0,f,c
  8982   001BA2  3603               	rlcf	(___fldiv@b+2)^0,f,c
  8983   001BA4  3604               	rlcf	(___fldiv@b+3)^0,f,c
  8984   001BA6  AE17               	btfss	(___fldiv@grs+3)^0,7,c
  8985   001BA8  EFD8  F00D         	goto	i2u264_41
  8986   001BAC  EFDA  F00D         	goto	i2u264_40
  8987   001BB0                     i2u264_41:
  8988   001BB0  EFDB  F00D         	goto	i2l933
  8989   001BB4                     i2u264_40:
  8990   001BB4  8001               	bsf	___fldiv@b^0,0,c
  8991   001BB6                     i2l933:
  8992   001BB6  90D8               	bcf	status,0,c
  8993   001BB8  3614               	rlcf	___fldiv@grs^0,f,c
  8994   001BBA  3615               	rlcf	(___fldiv@grs+1)^0,f,c
  8995   001BBC  3616               	rlcf	(___fldiv@grs+2)^0,f,c
  8996   001BBE  3617               	rlcf	(___fldiv@grs+3)^0,f,c
  8997   001BC0  0612               	decf	___fldiv@new_exp^0,f,c
  8998   001BC2  A0D8               	btfss	status,0,c
  8999   001BC4  0613               	decf	(___fldiv@new_exp+1)^0,f,c
  9000   001BC6                     i2l2806:
  9001   001BC6  AE03               	btfss	(___fldiv@b+2)^0,7,c
  9002   001BC8  EFE8  F00D         	goto	i2u265_41
  9003   001BCC  EFEA  F00D         	goto	i2u265_40
  9004   001BD0                     i2u265_41:
  9005   001BD0  EFCE  F00D         	goto	i2l2800
  9006   001BD4                     i2u265_40:
  9007   001BD4  6A19               	clrf	___fldiv@aexp^0,c
  9008   001BD6  AE17               	btfss	(___fldiv@grs+3)^0,7,c
  9009   001BD8  EFF0  F00D         	goto	i2u266_41
  9010   001BDC  EFF2  F00D         	goto	i2u266_40
  9011   001BE0                     i2u266_41:
  9012   001BE0  EF16  F00E         	goto	i2l935
  9013   001BE4                     i2u266_40:
  9014   001BE4  0EFF               	movlw	255
  9015   001BE6  1414               	andwf	___fldiv@grs^0,w,c
  9016   001BE8  6E09               	movwf	??___fldiv^0,c
  9017   001BEA  0EFF               	movlw	255
  9018   001BEC  1415               	andwf	(___fldiv@grs+1)^0,w,c
  9019   001BEE  6E0A               	movwf	(??___fldiv+1)^0,c
  9020   001BF0  0EFF               	movlw	255
  9021   001BF2  1416               	andwf	(___fldiv@grs+2)^0,w,c
  9022   001BF4  6E0B               	movwf	(??___fldiv+2)^0,c
  9023   001BF6  0E7F               	movlw	127
  9024   001BF8  1417               	andwf	(___fldiv@grs+3)^0,w,c
  9025   001BFA  6E0C               	movwf	(??___fldiv+3)^0,c
  9026   001BFC  5009               	movf	??___fldiv^0,w,c
  9027   001BFE  100A               	iorwf	(??___fldiv+1)^0,w,c
  9028   001C00  100B               	iorwf	(??___fldiv+2)^0,w,c
  9029   001C02  100C               	iorwf	(??___fldiv+3)^0,w,c
  9030   001C04  B4D8               	btfsc	status,2,c
  9031   001C06  EF07  F00E         	goto	i2u267_41
  9032   001C0A  EF09  F00E         	goto	i2u267_40
  9033   001C0E                     i2u267_41:
  9034   001C0E  EF0D  F00E         	goto	i2l936
  9035   001C12                     i2u267_40:
  9036   001C12                     i2l2810:
  9037   001C12  0E01               	movlw	1
  9038   001C14  6E19               	movwf	___fldiv@aexp^0,c
  9039   001C16  EF16  F00E         	goto	i2l935
  9040   001C1A                     i2l936:
  9041   001C1A  A001               	btfss	___fldiv@b^0,0,c
  9042   001C1C  EF12  F00E         	goto	i2u268_41
  9043   001C20  EF14  F00E         	goto	i2u268_40
  9044   001C24                     i2u268_41:
  9045   001C24  EF16  F00E         	goto	i2l935
  9046   001C28                     i2u268_40:
  9047   001C28  EF09  F00E         	goto	i2l2810
  9048   001C2C                     i2l935:
  9049   001C2C  5019               	movf	___fldiv@aexp^0,w,c
  9050   001C2E  B4D8               	btfsc	status,2,c
  9051   001C30  EF1C  F00E         	goto	i2u269_41
  9052   001C34  EF1E  F00E         	goto	i2u269_40
  9053   001C38                     i2u269_41:
  9054   001C38  EF42  F00E         	goto	i2l2822
  9055   001C3C                     i2u269_40:
  9056   001C3C  0E01               	movlw	1
  9057   001C3E  2601               	addwf	___fldiv@b^0,f,c
  9058   001C40  0E00               	movlw	0
  9059   001C42  2202               	addwfc	(___fldiv@b+1)^0,f,c
  9060   001C44  2203               	addwfc	(___fldiv@b+2)^0,f,c
  9061   001C46  2204               	addwfc	(___fldiv@b+3)^0,f,c
  9062   001C48  A004               	btfss	(___fldiv@b+3)^0,0,c
  9063   001C4A  EF29  F00E         	goto	i2u270_41
  9064   001C4E  EF2B  F00E         	goto	i2u270_40
  9065   001C52                     i2u270_41:
  9066   001C52  EF42  F00E         	goto	i2l2822
  9067   001C56                     i2u270_40:
  9068   001C56  C001  F009         	movff	___fldiv@b,??___fldiv
  9069   001C5A  C002  F00A         	movff	___fldiv@b+1,??___fldiv+1
  9070   001C5E  C003  F00B         	movff	___fldiv@b+2,??___fldiv+2
  9071   001C62  C004  F00C         	movff	___fldiv@b+3,??___fldiv+3
  9072   001C66  340C               	rlcf	(??___fldiv+3)^0,w,c
  9073   001C68  320C               	rrcf	(??___fldiv+3)^0,f,c
  9074   001C6A  320B               	rrcf	(??___fldiv+2)^0,f,c
  9075   001C6C  320A               	rrcf	(??___fldiv+1)^0,f,c
  9076   001C6E  3209               	rrcf	??___fldiv^0,f,c
  9077   001C70  C009  F001         	movff	??___fldiv,___fldiv@b
  9078   001C74  C00A  F002         	movff	??___fldiv+1,___fldiv@b+1
  9079   001C78  C00B  F003         	movff	??___fldiv+2,___fldiv@b+2
  9080   001C7C  C00C  F004         	movff	??___fldiv+3,___fldiv@b+3
  9081   001C80  4A12               	infsnz	___fldiv@new_exp^0,f,c
  9082   001C82  2A13               	incf	(___fldiv@new_exp+1)^0,f,c
  9083   001C84                     i2l2822:
  9084   001C84  BE13               	btfsc	(___fldiv@new_exp+1)^0,7,c
  9085   001C86  EF4D  F00E         	goto	i2u271_41
  9086   001C8A  5013               	movf	(___fldiv@new_exp+1)^0,w,c
  9087   001C8C  E108               	bnz	i2u271_40
  9088   001C8E  2812               	incf	___fldiv@new_exp^0,w,c
  9089   001C90  A0D8               	btfss	status,0,c
  9090   001C92  EF4D  F00E         	goto	i2u271_41
  9091   001C96  EF4F  F00E         	goto	i2u271_40
  9092   001C9A                     i2u271_41:
  9093   001C9A  EF5A  F00E         	goto	i2l2826
  9094   001C9E                     i2u271_40:
  9095   001C9E  0E00               	movlw	0
  9096   001CA0  6E13               	movwf	(___fldiv@new_exp+1)^0,c
  9097   001CA2  6812               	setf	___fldiv@new_exp^0,c
  9098   001CA4  0E00               	movlw	0
  9099   001CA6  6E01               	movwf	___fldiv@b^0,c
  9100   001CA8  0E00               	movlw	0
  9101   001CAA  6E02               	movwf	(___fldiv@b+1)^0,c
  9102   001CAC  0E00               	movlw	0
  9103   001CAE  6E03               	movwf	(___fldiv@b+2)^0,c
  9104   001CB0  0E00               	movlw	0
  9105   001CB2  6E04               	movwf	(___fldiv@b+3)^0,c
  9106   001CB4                     i2l2826:
  9107   001CB4  BE13               	btfsc	(___fldiv@new_exp+1)^0,7,c
  9108   001CB6  EF67  F00E         	goto	i2u272_40
  9109   001CBA  5013               	movf	(___fldiv@new_exp+1)^0,w,c
  9110   001CBC  E106               	bnz	i2u272_41
  9111   001CBE  0412               	decf	___fldiv@new_exp^0,w,c
  9112   001CC0  B0D8               	btfsc	status,0,c
  9113   001CC2  EF65  F00E         	goto	i2u272_41
  9114   001CC6  EF67  F00E         	goto	i2u272_40
  9115   001CCA                     i2u272_41:
  9116   001CCA  EF74  F00E         	goto	i2l2832
  9117   001CCE                     i2u272_40:
  9118   001CCE  0E00               	movlw	0
  9119   001CD0  6E13               	movwf	(___fldiv@new_exp+1)^0,c
  9120   001CD2  0E00               	movlw	0
  9121   001CD4  6E12               	movwf	___fldiv@new_exp^0,c
  9122   001CD6  0E00               	movlw	0
  9123   001CD8  6E01               	movwf	___fldiv@b^0,c
  9124   001CDA  0E00               	movlw	0
  9125   001CDC  6E02               	movwf	(___fldiv@b+1)^0,c
  9126   001CDE  0E00               	movlw	0
  9127   001CE0  6E03               	movwf	(___fldiv@b+2)^0,c
  9128   001CE2  0E00               	movlw	0
  9129   001CE4  6E04               	movwf	(___fldiv@b+3)^0,c
  9130   001CE6  6A11               	clrf	___fldiv@sign^0,c
  9131   001CE8                     i2l2832:
  9132   001CE8  C012  F018         	movff	___fldiv@new_exp,___fldiv@bexp
  9133   001CEC  A018               	btfss	___fldiv@bexp^0,0,c
  9134   001CEE  EF7B  F00E         	goto	i2u273_41
  9135   001CF2  EF7D  F00E         	goto	i2u273_40
  9136   001CF6                     i2u273_41:
  9137   001CF6  EF80  F00E         	goto	i2l2838
  9138   001CFA                     i2u273_40:
  9139   001CFA  8E03               	bsf	(___fldiv@b+2)^0,7,c
  9140   001CFC  EF81  F00E         	goto	i2l2840
  9141   001D00                     i2l2838:
  9142   001D00  9E03               	bcf	(___fldiv@b+2)^0,7,c
  9143   001D02                     i2l2840:
  9144   001D02  90D8               	bcf	status,0,c
  9145   001D04  3018               	rrcf	___fldiv@bexp^0,w,c
  9146   001D06  6E04               	movwf	(___fldiv@b+3)^0,c
  9147   001D08  EF3A  F00D         	goto	i2l2756
  9148   001D0C                     i2l922:
  9149   001D0C  0012               	return		;funcret
  9150   001D0E                     __end_of___fldiv:
  9151                           	callstack 0
  9152                           
  9153 ;; *************** function _strlen *****************
  9154 ;; Defined at:
  9155 ;;		line 5 in file "C:\Program Files\Microchip\xc8\v3.00\pic\sources\c99\common\strlen.c"
  9156 ;; Parameters:    Size  Location     Type
  9157 ;;  s               1    0[COMRAM] PTR const unsigned char 
  9158 ;;		 -> mystring(20), 
  9159 ;; Auto vars:     Size  Location     Type
  9160 ;;  a               1    2[COMRAM] PTR const unsigned char 
  9161 ;;		 -> mystring(20), 
  9162 ;; Return value:  Size  Location     Type
  9163 ;;                  2    0[COMRAM] unsigned int 
  9164 ;; Registers used:
  9165 ;;		wreg, fsr2l, fsr2h, status,2, status,0
  9166 ;; Tracked objects:
  9167 ;;		On entry : 0/0
  9168 ;;		On exit  : 0/0
  9169 ;;		Unchanged: 0/0
  9170 ;; Data sizes:     COMRAM   BANK0   BANK1   BANK2   BANK3   BANK4   BANK5
  9171 ;;      Params:         2       0       0       0       0       0       0
  9172 ;;      Locals:         1       0       0       0       0       0       0
  9173 ;;      Temps:          0       0       0       0       0       0       0
  9174 ;;      Totals:         3       0       0       0       0       0       0
  9175 ;;Total ram usage:        3 bytes
  9176 ;; Hardware stack levels used: 1
  9177 ;; This function calls:
  9178 ;;		Nothing
  9179 ;; This function is called by:
  9180 ;;		_MyusartRead
  9181 ;; This function uses a non-reentrant model
  9182 ;;
  9183                           
  9184                           	psect	text49
  9185   002E64                     __ptext49:
  9186                           	callstack 0
  9187   002E64                     _strlen:
  9188                           	callstack 21
  9189   002E64  C001  F003         	movff	strlen@s,strlen@a
  9190   002E68  EF37  F017         	goto	i2l3270
  9191   002E6C                     i2l3268:
  9192   002E6C  2A01               	incf	strlen@s^0,f,c
  9193   002E6E                     i2l3270:
  9194   002E6E  5001               	movf	strlen@s^0,w,c
  9195   002E70  6ED9               	movwf	fsr2l,c
  9196   002E72  6ADA               	clrf	fsr2h,c
  9197   002E74  50DF               	movf	indf2,w,c
  9198   002E76  A4D8               	btfss	status,2,c
  9199   002E78  EF40  F017         	goto	i2u331_41
  9200   002E7C  EF42  F017         	goto	i2u331_40
  9201   002E80                     i2u331_41:
  9202   002E80  EF36  F017         	goto	i2l3268
  9203   002E84                     i2u331_40:
  9204   002E84  5003               	movf	strlen@a^0,w,c
  9205   002E86  5C01               	subwf	strlen@s^0,w,c
  9206   002E88  6E01               	movwf	?_strlen^0,c
  9207   002E8A  6A02               	clrf	(?_strlen+1)^0,c
  9208   002E8C  BE01               	btfsc	?_strlen^0,7,c
  9209   002E8E  0602               	decf	(?_strlen+1)^0,f,c
  9210   002E90  0012               	return		;funcret
  9211   002E92                     __end_of_strlen:
  9212                           	callstack 0
  9213                           
  9214 ;; *************** function _strcmp *****************
  9215 ;; Defined at:
  9216 ;;		line 3 in file "C:\Program Files\Microchip\xc8\v3.00\pic\sources\c99\common\strcmp.c"
  9217 ;; Parameters:    Size  Location     Type
  9218 ;;  l               1    0[COMRAM] PTR const unsigned char 
  9219 ;;		 -> mystring(20), 
  9220 ;;  r               1    1[COMRAM] PTR const unsigned char 
  9221 ;;		 -> STR_2(7), STR_1(6), 
  9222 ;; Auto vars:     Size  Location     Type
  9223 ;;		None
  9224 ;; Return value:  Size  Location     Type
  9225 ;;                  2    0[COMRAM] int 
  9226 ;; Registers used:
  9227 ;;		wreg, fsr2l, fsr2h, status,2, status,0, tblptrl, tblptrh, tblptru
  9228 ;; Tracked objects:
  9229 ;;		On entry : 0/0
  9230 ;;		On exit  : 0/0
  9231 ;;		Unchanged: 0/0
  9232 ;; Data sizes:     COMRAM   BANK0   BANK1   BANK2   BANK3   BANK4   BANK5
  9233 ;;      Params:         2       0       0       0       0       0       0
  9234 ;;      Locals:         0       0       0       0       0       0       0
  9235 ;;      Temps:          1       0       0       0       0       0       0
  9236 ;;      Totals:         3       0       0       0       0       0       0
  9237 ;;Total ram usage:        3 bytes
  9238 ;; Hardware stack levels used: 1
  9239 ;; This function calls:
  9240 ;;		Nothing
  9241 ;; This function is called by:
  9242 ;;		_MyusartRead
  9243 ;; This function uses a non-reentrant model
  9244 ;;
  9245                           
  9246                           	psect	text50
  9247   002B98                     __ptext50:
  9248                           	callstack 0
  9249   002B98                     _strcmp:
  9250                           	callstack 21
  9251   002B98  EFD0  F015         	goto	i2l3280
  9252   002B9C                     i2l3278:
  9253   002B9C  2A01               	incf	strcmp@l^0,f,c
  9254   002B9E  2A02               	incf	strcmp@r^0,f,c
  9255   002BA0                     i2l3280:
  9256   002BA0  5001               	movf	strcmp@l^0,w,c
  9257   002BA2  6ED9               	movwf	fsr2l,c
  9258   002BA4  6ADA               	clrf	fsr2h,c
  9259   002BA6  50DF               	movf	indf2,w,c
  9260   002BA8  6E03               	movwf	??_strcmp^0,c
  9261   002BAA  C002  FFF6         	movff	strcmp@r,tblptrl
  9262   002BAE                     	if	0	;There is only one active tblptr byte
  9263   002BAE                     	endif
  9264   002BAE                     	if	0	;tblptru may be non-zero
  9265   002BAE                     	endif
  9266   002BAE                     	if	0	;tblptru may be non-zero
  9267   002BAE                     	endif
  9268   002BAE  0008               	tblrd		*
  9269   002BB0  50F5               	movf	tablat,w,c
  9270   002BB2  1803               	xorwf	??_strcmp^0,w,c
  9271   002BB4  A4D8               	btfss	status,2,c
  9272   002BB6  EFDF  F015         	goto	i2u332_41
  9273   002BBA  EFE1  F015         	goto	i2u332_40
  9274   002BBE                     i2u332_41:
  9275   002BBE  EFEC  F015         	goto	i2l3284
  9276   002BC2                     i2u332_40:
  9277   002BC2  5001               	movf	strcmp@l^0,w,c
  9278   002BC4  6ED9               	movwf	fsr2l,c
  9279   002BC6  6ADA               	clrf	fsr2h,c
  9280   002BC8  50DF               	movf	indf2,w,c
  9281   002BCA  A4D8               	btfss	status,2,c
  9282   002BCC  EFEA  F015         	goto	i2u333_41
  9283   002BD0  EFEC  F015         	goto	i2u333_40
  9284   002BD4                     i2u333_41:
  9285   002BD4  EFCE  F015         	goto	i2l3278
  9286   002BD8                     i2u333_40:
  9287   002BD8                     i2l3284:
  9288   002BD8  5001               	movf	strcmp@l^0,w,c
  9289   002BDA  6ED9               	movwf	fsr2l,c
  9290   002BDC  6ADA               	clrf	fsr2h,c
  9291   002BDE  50DF               	movf	indf2,w,c
  9292   002BE0  6E03               	movwf	??_strcmp^0,c
  9293   002BE2  C002  FFF6         	movff	strcmp@r,tblptrl
  9294   002BE6                     	if	0	;There is only one active tblptr byte
  9295   002BE6                     	endif
  9296   002BE6                     	if	0	;tblptru may be non-zero
  9297   002BE6                     	endif
  9298   002BE6                     	if	0	;tblptru may be non-zero
  9299   002BE6                     	endif
  9300   002BE6  0008               	tblrd		*
  9301   002BE8  50F5               	movf	tablat,w,c
  9302   002BEA  5C03               	subwf	??_strcmp^0,w,c
  9303   002BEC  6E01               	movwf	?_strcmp^0,c
  9304   002BEE  6A02               	clrf	(?_strcmp+1)^0,c
  9305   002BF0  A0D8               	btfss	status,0,c
  9306   002BF2  0602               	decf	(?_strcmp+1)^0,f,c
  9307   002BF4  0012               	return		;funcret
  9308   002BF6                     __end_of_strcmp:
  9309                           	callstack 0
  9310                           
  9311 ;; *************** function ___fltol *****************
  9312 ;; Defined at:
  9313 ;;		line 43 in file "C:\Program Files\Microchip\xc8\v3.00\pic\sources\c99\common\fltol.c"
  9314 ;; Parameters:    Size  Location     Type
  9315 ;;  f1              4   50[COMRAM] int 
  9316 ;; Auto vars:     Size  Location     Type
  9317 ;;  exp1            1   59[COMRAM] unsigned char 
  9318 ;;  sign1           1   58[COMRAM] unsigned char 
  9319 ;; Return value:  Size  Location     Type
  9320 ;;                  4   50[COMRAM] long 
  9321 ;; Registers used:
  9322 ;;		wreg, status,2, status,0
  9323 ;; Tracked objects:
  9324 ;;		On entry : 0/0
  9325 ;;		On exit  : 0/0
  9326 ;;		Unchanged: 0/0
  9327 ;; Data sizes:     COMRAM   BANK0   BANK1   BANK2   BANK3   BANK4   BANK5
  9328 ;;      Params:         4       0       0       0       0       0       0
  9329 ;;      Locals:         2       0       0       0       0       0       0
  9330 ;;      Temps:          4       0       0       0       0       0       0
  9331 ;;      Totals:        10       0       0       0       0       0       0
  9332 ;;Total ram usage:       10 bytes
  9333 ;; Hardware stack levels used: 1
  9334 ;; This function calls:
  9335 ;;		Nothing
  9336 ;; This function is called by:
  9337 ;;		_MyusartRead
  9338 ;; This function uses a non-reentrant model
  9339 ;;
  9340                           
  9341                           	psect	text51
  9342   002070                     __ptext51:
  9343                           	callstack 0
  9344   002070                     ___fltol:
  9345                           	callstack 21
  9346   002070  3435               	rlcf	(___fltol@f1+2)^0,w,c
  9347   002072  3436               	rlcf	(___fltol@f1+3)^0,w,c
  9348   002074  6E3C               	movwf	___fltol@exp1^0,c
  9349   002076  503C               	movf	___fltol@exp1^0,w,c
  9350   002078  A4D8               	btfss	status,2,c
  9351   00207A  EF41  F010         	goto	i2u427_41
  9352   00207E  EF43  F010         	goto	i2u427_40
  9353   002082                     i2u427_41:
  9354   002082  EF4D  F010         	goto	i2l3688
  9355   002086                     i2u427_40:
  9356   002086                     i2l3684:
  9357   002086  0E00               	movlw	0
  9358   002088  6E33               	movwf	?___fltol^0,c
  9359   00208A  0E00               	movlw	0
  9360   00208C  6E34               	movwf	(?___fltol+1)^0,c
  9361   00208E  0E00               	movlw	0
  9362   002090  6E35               	movwf	(?___fltol+2)^0,c
  9363   002092  0E00               	movlw	0
  9364   002094  6E36               	movwf	(?___fltol+3)^0,c
  9365   002096  EFBA  F010         	goto	i2l637
  9366   00209A                     i2l3688:
  9367   00209A  C033  F037         	movff	___fltol@f1,??___fltol
  9368   00209E  C034  F038         	movff	___fltol@f1+1,??___fltol+1
  9369   0020A2  C035  F039         	movff	___fltol@f1+2,??___fltol+2
  9370   0020A6  C036  F03A         	movff	___fltol@f1+3,??___fltol+3
  9371   0020AA  0E20               	movlw	32
  9372   0020AC  EF5D  F010         	goto	i2u428_40
  9373   0020B0                     i2u428_45:
  9374   0020B0  90D8               	bcf	status,0,c
  9375   0020B2  323A               	rrcf	(??___fltol+3)^0,f,c
  9376   0020B4  3239               	rrcf	(??___fltol+2)^0,f,c
  9377   0020B6  3238               	rrcf	(??___fltol+1)^0,f,c
  9378   0020B8  3237               	rrcf	??___fltol^0,f,c
  9379   0020BA                     i2u428_40:
  9380   0020BA  2EE8               	decfsz	wreg,f,c
  9381   0020BC  EF58  F010         	goto	i2u428_45
  9382   0020C0  5037               	movf	??___fltol^0,w,c
  9383   0020C2  6E3B               	movwf	___fltol@sign1^0,c
  9384   0020C4  8E35               	bsf	(___fltol@f1+2)^0,7,c
  9385   0020C6  0EFF               	movlw	255
  9386   0020C8  1633               	andwf	___fltol@f1^0,f,c
  9387   0020CA  0EFF               	movlw	255
  9388   0020CC  1634               	andwf	(___fltol@f1+1)^0,f,c
  9389   0020CE  0EFF               	movlw	255
  9390   0020D0  1635               	andwf	(___fltol@f1+2)^0,f,c
  9391   0020D2  0E00               	movlw	0
  9392   0020D4  1636               	andwf	(___fltol@f1+3)^0,f,c
  9393   0020D6  0E96               	movlw	150
  9394   0020D8  5E3C               	subwf	___fltol@exp1^0,f,c
  9395   0020DA  BE3C               	btfsc	___fltol@exp1^0,7,c
  9396   0020DC  EF74  F010         	goto	i2u429_40
  9397   0020E0  EF72  F010         	goto	i2u429_41
  9398   0020E4                     i2u429_41:
  9399   0020E4  EF8A  F010         	goto	i2l3708
  9400   0020E8                     i2u429_40:
  9401   0020E8  503C               	movf	___fltol@exp1^0,w,c
  9402   0020EA  0A80               	xorlw	128
  9403   0020EC  0F97               	addlw	151
  9404   0020EE  B0D8               	btfsc	status,0,c
  9405   0020F0  EF7C  F010         	goto	i2u430_41
  9406   0020F4  EF7E  F010         	goto	i2u430_40
  9407   0020F8                     i2u430_41:
  9408   0020F8  EF80  F010         	goto	i2l3704
  9409   0020FC                     i2u430_40:
  9410   0020FC  EF43  F010         	goto	i2l3684
  9411   002100                     i2l3704:
  9412   002100  90D8               	bcf	status,0,c
  9413   002102  3236               	rrcf	(___fltol@f1+3)^0,f,c
  9414   002104  3235               	rrcf	(___fltol@f1+2)^0,f,c
  9415   002106  3234               	rrcf	(___fltol@f1+1)^0,f,c
  9416   002108  3233               	rrcf	___fltol@f1^0,f,c
  9417   00210A  3E3C               	incfsz	___fltol@exp1^0,f,c
  9418   00210C  EF80  F010         	goto	i2l3704
  9419   002110  EFA2  F010         	goto	i2l3718
  9420   002114                     i2l3708:
  9421   002114  0E1F               	movlw	31
  9422   002116  643C               	cpfsgt	___fltol@exp1^0,c
  9423   002118  EF90  F010         	goto	i2u431_41
  9424   00211C  EF92  F010         	goto	i2u431_40
  9425   002120                     i2u431_41:
  9426   002120  EF9A  F010         	goto	i2l3716
  9427   002124                     i2u431_40:
  9428   002124  EF43  F010         	goto	i2l3684
  9429   002128                     i2l3714:
  9430   002128  90D8               	bcf	status,0,c
  9431   00212A  3633               	rlcf	___fltol@f1^0,f,c
  9432   00212C  3634               	rlcf	(___fltol@f1+1)^0,f,c
  9433   00212E  3635               	rlcf	(___fltol@f1+2)^0,f,c
  9434   002130  3636               	rlcf	(___fltol@f1+3)^0,f,c
  9435   002132  063C               	decf	___fltol@exp1^0,f,c
  9436   002134                     i2l3716:
  9437   002134  503C               	movf	___fltol@exp1^0,w,c
  9438   002136  A4D8               	btfss	status,2,c
  9439   002138  EFA0  F010         	goto	i2u432_41
  9440   00213C  EFA2  F010         	goto	i2u432_40
  9441   002140                     i2u432_41:
  9442   002140  EF94  F010         	goto	i2l3714
  9443   002144                     i2u432_40:
  9444   002144                     i2l3718:
  9445   002144  503B               	movf	___fltol@sign1^0,w,c
  9446   002146  B4D8               	btfsc	status,2,c
  9447   002148  EFA8  F010         	goto	i2u433_41
  9448   00214C  EFAA  F010         	goto	i2u433_40
  9449   002150                     i2u433_41:
  9450   002150  EFB2  F010         	goto	i2l3722
  9451   002154                     i2u433_40:
  9452   002154  1E36               	comf	(___fltol@f1+3)^0,f,c
  9453   002156  1E35               	comf	(___fltol@f1+2)^0,f,c
  9454   002158  1E34               	comf	(___fltol@f1+1)^0,f,c
  9455   00215A  6C33               	negf	___fltol@f1^0,c
  9456   00215C  0E00               	movlw	0
  9457   00215E  2234               	addwfc	(___fltol@f1+1)^0,f,c
  9458   002160  2235               	addwfc	(___fltol@f1+2)^0,f,c
  9459   002162  2236               	addwfc	(___fltol@f1+3)^0,f,c
  9460   002164                     i2l3722:
  9461   002164  C033  F033         	movff	___fltol@f1,?___fltol
  9462   002168  C034  F034         	movff	___fltol@f1+1,?___fltol+1
  9463   00216C  C035  F035         	movff	___fltol@f1+2,?___fltol+2
  9464   002170  C036  F036         	movff	___fltol@f1+3,?___fltol+3
  9465   002174                     i2l637:
  9466   002174  0012               	return		;funcret
  9467   002176                     __end_of___fltol:
  9468                           	callstack 0
  9469                           
  9470 ;; *************** function _UART_Write *****************
  9471 ;; Defined at:
  9472 ;;		line 56 in file "setting_hardaware/uart.c"
  9473 ;; Parameters:    Size  Location     Type
  9474 ;;  data            1    wreg     unsigned char 
  9475 ;; Auto vars:     Size  Location     Type
  9476 ;;  data            1    0[COMRAM] unsigned char 
  9477 ;; Return value:  Size  Location     Type
  9478 ;;                  1    wreg      void 
  9479 ;; Registers used:
  9480 ;;		wreg
  9481 ;; Tracked objects:
  9482 ;;		On entry : 0/0
  9483 ;;		On exit  : 0/0
  9484 ;;		Unchanged: 0/0
  9485 ;; Data sizes:     COMRAM   BANK0   BANK1   BANK2   BANK3   BANK4   BANK5
  9486 ;;      Params:         0       0       0       0       0       0       0
  9487 ;;      Locals:         1       0       0       0       0       0       0
  9488 ;;      Temps:          0       0       0       0       0       0       0
  9489 ;;      Totals:         1       0       0       0       0       0       0
  9490 ;;Total ram usage:        1 bytes
  9491 ;; Hardware stack levels used: 1
  9492 ;; This function calls:
  9493 ;;		Nothing
  9494 ;; This function is called by:
  9495 ;;		_MyusartRead
  9496 ;;		_UART_PrintHex
  9497 ;;		_UART_DeleteN
  9498 ;;		_UART_Write_Text
  9499 ;;		_Update
  9500 ;; This function uses a non-reentrant model
  9501 ;;
  9502                           
  9503                           	psect	text52
  9504   002FC4                     __ptext52:
  9505                           	callstack 0
  9506   002FC4                     _UART_Write:
  9507                           	callstack 21
  9508                           
  9509                           ;incstack = 0
  9510                           ;UART_Write@data stored from wreg
  9511   002FC4  6E01               	movwf	UART_Write@data^0,c
  9512   002FC6                     i2l291:
  9513   002FC6  A2AC               	btfss	172,1,c	;volatile
  9514   002FC8  EFE8  F017         	goto	i2u330_41
  9515   002FCC  EFEA  F017         	goto	i2u330_40
  9516   002FD0                     i2u330_41:
  9517   002FD0  EFE3  F017         	goto	i2l291
  9518   002FD4                     i2u330_40:
  9519   002FD4                     
  9520                           ;setting_hardaware/uart.c: 59:     TXREG = data;
  9521   002FD4  C001  FFAD         	movff	UART_Write@data,4013	;volatile
  9522   002FD8  0012               	return		;funcret
  9523   002FDA                     __end_of_UART_Write:
  9524                           	callstack 0
  9525                           
  9526                           	psect	rparam
  9527   000001                     ___rparam_used  equ	1
  9528   000000                     ___param_bank   equ	0
  9529   000000                     __Lparam        equ	__Lrparam
  9530   000000                     __Hparam        equ	__Hrparam
  9531                           
  9532                           	psect	temp
  9533   000074                     btemp:
  9534                           	callstack 0
  9535   000074                     	ds	1
  9536   000074                     int$flags       set	btemp
  9537   000075                     wtemp8          set	btemp+1
  9538   000075                     ttemp5          set	btemp+1
  9539   000078                     ttemp6          set	btemp+4
  9540   00007C                     ttemp7          set	btemp+8
  9541                           
  9542                           	psect	idloc
  9543                           
  9544                           ;Config register IDLOC0 @ 0x200000
  9545                           ;	unspecified, using default values
  9546   200000                     	org	2097152
  9547   200000  FF                 	db	255
  9548                           
  9549                           ;Config register IDLOC1 @ 0x200001
  9550                           ;	unspecified, using default values
  9551   200001                     	org	2097153
  9552   200001  FF                 	db	255
  9553                           
  9554                           ;Config register IDLOC2 @ 0x200002
  9555                           ;	unspecified, using default values
  9556   200002                     	org	2097154
  9557   200002  FF                 	db	255
  9558                           
  9559                           ;Config register IDLOC3 @ 0x200003
  9560                           ;	unspecified, using default values
  9561   200003                     	org	2097155
  9562   200003  FF                 	db	255
  9563                           
  9564                           ;Config register IDLOC4 @ 0x200004
  9565                           ;	unspecified, using default values
  9566   200004                     	org	2097156
  9567   200004  FF                 	db	255
  9568                           
  9569                           ;Config register IDLOC5 @ 0x200005
  9570                           ;	unspecified, using default values
  9571   200005                     	org	2097157
  9572   200005  FF                 	db	255
  9573                           
  9574                           ;Config register IDLOC6 @ 0x200006
  9575                           ;	unspecified, using default values
  9576   200006                     	org	2097158
  9577   200006  FF                 	db	255
  9578                           
  9579                           ;Config register IDLOC7 @ 0x200007
  9580                           ;	unspecified, using default values
  9581   200007                     	org	2097159
  9582   200007  FF                 	db	255
  9583                           
  9584                           	psect	config
  9585                           
  9586                           ; Padding undefined space
  9587   300000                     	org	3145728
  9588   300000  FF                 	db	255
  9589                           
  9590                           ;Config register CONFIG1H @ 0x300001
  9591                           ;	Oscillator Selection bits
  9592                           ;	OSC = INTIO67, Internal oscillator block, port function on RA6 and RA7
  9593                           ;	Fail-Safe Clock Monitor Enable bit
  9594                           ;	FCMEN = OFF, Fail-Safe Clock Monitor disabled
  9595                           ;	Internal/External Oscillator Switchover bit
  9596                           ;	IESO = ON, Oscillator Switchover mode enabled
  9597   300001                     	org	3145729
  9598   300001  88                 	db	136
  9599                           
  9600                           ;Config register CONFIG2L @ 0x300002
  9601                           ;	Power-up Timer Enable bit
  9602                           ;	PWRT = OFF, PWRT disabled
  9603                           ;	Brown-out Reset Enable bits
  9604                           ;	BOREN = SBORDIS, Brown-out Reset enabled in hardware only (SBOREN is disabled)
  9605                           ;	Brown Out Reset Voltage bits
  9606                           ;	BORV = 3, Minimum setting
  9607   300002                     	org	3145730
  9608   300002  1F                 	db	31
  9609                           
  9610                           ;Config register CONFIG2H @ 0x300003
  9611                           ;	Watchdog Timer Enable bit
  9612                           ;	WDT = OFF, WDT disabled (control is placed on the SWDTEN bit)
  9613                           ;	Watchdog Timer Postscale Select bits
  9614                           ;	WDTPS = 1, 1:1
  9615   300003                     	org	3145731
  9616   300003  00                 	db	0
  9617                           
  9618                           ; Padding undefined space
  9619   300004                     	org	3145732
  9620   300004  FF                 	db	255
  9621                           
  9622                           ;Config register CONFIG3H @ 0x300005
  9623                           ;	CCP2 MUX bit
  9624                           ;	CCP2MX = PORTC, CCP2 input/output is multiplexed with RC1
  9625                           ;	PORTB A/D Enable bit
  9626                           ;	PBADEN = OFF, PORTB<4:0> pins are configured as digital I/O on Reset
  9627                           ;	Low-Power Timer1 Oscillator Enable bit
  9628                           ;	LPT1OSC = OFF, Timer1 configured for higher power operation
  9629                           ;	MCLR Pin Enable bit
  9630                           ;	MCLRE = ON, MCLR pin enabled; RE3 input pin disabled
  9631   300005                     	org	3145733
  9632   300005  81                 	db	129
  9633                           
  9634                           ;Config register CONFIG4L @ 0x300006
  9635                           ;	Stack Full/Underflow Reset Enable bit
  9636                           ;	STVREN = ON, Stack full/underflow will cause Reset
  9637                           ;	Single-Supply ICSP Enable bit
  9638                           ;	LVP = OFF, Single-Supply ICSP disabled
  9639                           ;	Extended Instruction Set Enable bit
  9640                           ;	XINST = OFF, Instruction set extension and Indexed Addressing mode disabled (Legacy mo
      +                          de)
  9641                           ;	Background Debugger Enable bit
  9642                           ;	DEBUG = 0x1, unprogrammed default
  9643   300006                     	org	3145734
  9644   300006  81                 	db	129
  9645                           
  9646                           ; Padding undefined space
  9647   300007                     	org	3145735
  9648   300007  FF                 	db	255
  9649                           
  9650                           ;Config register CONFIG5L @ 0x300008
  9651                           ;	Code Protection bit
  9652                           ;	CP0 = OFF, Block 0 (000800-001FFFh) not code-protected
  9653                           ;	Code Protection bit
  9654                           ;	CP1 = OFF, Block 1 (002000-003FFFh) not code-protected
  9655                           ;	Code Protection bit
  9656                           ;	CP2 = OFF, Block 2 (004000-005FFFh) not code-protected
  9657                           ;	Code Protection bit
  9658                           ;	CP3 = OFF, Block 3 (006000-007FFFh) not code-protected
  9659   300008                     	org	3145736
  9660   300008  0F                 	db	15
  9661                           
  9662                           ;Config register CONFIG5H @ 0x300009
  9663                           ;	Boot Block Code Protection bit
  9664                           ;	CPB = OFF, Boot block (000000-0007FFh) not code-protected
  9665                           ;	Data EEPROM Code Protection bit
  9666                           ;	CPD = OFF, Data EEPROM not code-protected
  9667   300009                     	org	3145737
  9668   300009  C0                 	db	192
  9669                           
  9670                           ;Config register CONFIG6L @ 0x30000A
  9671                           ;	Write Protection bit
  9672                           ;	WRT0 = OFF, Block 0 (000800-001FFFh) not write-protected
  9673                           ;	Write Protection bit
  9674                           ;	WRT1 = OFF, Block 1 (002000-003FFFh) not write-protected
  9675                           ;	Write Protection bit
  9676                           ;	WRT2 = OFF, Block 2 (004000-005FFFh) not write-protected
  9677                           ;	Write Protection bit
  9678                           ;	WRT3 = OFF, Block 3 (006000-007FFFh) not write-protected
  9679   30000A                     	org	3145738
  9680   30000A  0F                 	db	15
  9681                           
  9682                           ;Config register CONFIG6H @ 0x30000B
  9683                           ;	Configuration Register Write Protection bit
  9684                           ;	WRTC = OFF, Configuration registers (300000-3000FFh) not write-protected
  9685                           ;	Boot Block Write Protection bit
  9686                           ;	WRTB = OFF, Boot block (000000-0007FFh) not write-protected
  9687                           ;	Data EEPROM Write Protection bit
  9688                           ;	WRTD = OFF, Data EEPROM not write-protected
  9689   30000B                     	org	3145739
  9690   30000B  E0                 	db	224
  9691                           
  9692                           ;Config register CONFIG7L @ 0x30000C
  9693                           ;	Table Read Protection bit
  9694                           ;	EBTR0 = OFF, Block 0 (000800-001FFFh) not protected from table reads executed in other
      +                           blocks
  9695                           ;	Table Read Protection bit
  9696                           ;	EBTR1 = OFF, Block 1 (002000-003FFFh) not protected from table reads executed in other
      +                           blocks
  9697                           ;	Table Read Protection bit
  9698                           ;	EBTR2 = OFF, Block 2 (004000-005FFFh) not protected from table reads executed in other
      +                           blocks
  9699                           ;	Table Read Protection bit
  9700                           ;	EBTR3 = OFF, Block 3 (006000-007FFFh) not protected from table reads executed in other
      +                           blocks
  9701   30000C                     	org	3145740
  9702   30000C  0F                 	db	15
  9703                           
  9704                           ;Config register CONFIG7H @ 0x30000D
  9705                           ;	Boot Block Table Read Protection bit
  9706                           ;	EBTRB = OFF, Boot block (000000-0007FFh) not protected from table reads executed in ot
      +                          her blocks
  9707   30000D                     	org	3145741
  9708   30000D  40                 	db	64
  9709                           tosu	equ	0xFFF
  9710                           tosh	equ	0xFFE
  9711                           tosl	equ	0xFFD
  9712                           stkptr	equ	0xFFC
  9713                           pclatu	equ	0xFFB
  9714                           pclath	equ	0xFFA
  9715                           pcl	equ	0xFF9
  9716                           tblptru	equ	0xFF8
  9717                           tblptrh	equ	0xFF7
  9718                           tblptrl	equ	0xFF6
  9719                           tablat	equ	0xFF5
  9720                           prodh	equ	0xFF4
  9721                           prodl	equ	0xFF3
  9722                           indf0	equ	0xFEF
  9723                           postinc0	equ	0xFEE
  9724                           postdec0	equ	0xFED
  9725                           preinc0	equ	0xFEC
  9726                           plusw0	equ	0xFEB
  9727                           fsr0h	equ	0xFEA
  9728                           fsr0l	equ	0xFE9
  9729                           wreg	equ	0xFE8
  9730                           indf1	equ	0xFE7
  9731                           postinc1	equ	0xFE6
  9732                           postdec1	equ	0xFE5
  9733                           preinc1	equ	0xFE4
  9734                           plusw1	equ	0xFE3
  9735                           fsr1h	equ	0xFE2
  9736                           fsr1l	equ	0xFE1
  9737                           bsr	equ	0xFE0
  9738                           indf2	equ	0xFDF
  9739                           postinc2	equ	0xFDE
  9740                           postdec2	equ	0xFDD
  9741                           preinc2	equ	0xFDC
  9742                           plusw2	equ	0xFDB
  9743                           fsr2h	equ	0xFDA
  9744                           fsr2l	equ	0xFD9
  9745                           status	equ	0xFD8

Data Sizes:
    Strings     43
    Constant    17
    Data        12
    BSS         58
    Persistent  0
    Stack       0

Auto Spaces:
    Space          Size  Autos    Used
    COMRAM          126     73     115
    BANK0           128     51      79
    BANK1           256     36      36
    BANK2           256      0       0
    BANK3           256      0       0
    BANK4           256      0       0
    BANK5           256      0       0

Pointer List with Targets:

    nanf@s	PTR const unsigned char  size(1) Largest target is 1
		 -> STR_11(CODE[1]), 

    sp__GetString	PTR unsigned char  size(1) Largest target is 20
		 -> mystring(COMRAM[20]), 

    sp__strcpy	PTR unsigned char  size(1) Largest target is 20
		 -> str(BANK0[20]), 

    strcmp@l	PTR const unsigned char  size(1) Largest target is 20
		 -> mystring(COMRAM[20]), 

    strcmp@r	PTR const unsigned char  size(1) Largest target is 7
		 -> STR_1(CODE[6]), STR_2(CODE[7]), 

    strcpy@d	PTR unsigned char  size(1) Largest target is 20
		 -> str(BANK0[20]), 

    strcpy@dest	PTR unsigned char  size(1) Largest target is 20
		 -> str(BANK0[20]), 

    strcpy@src	PTR const unsigned char  size(1) Largest target is 20
		 -> mystring(COMRAM[20]), 

    strlen@a	PTR const unsigned char  size(1) Largest target is 20
		 -> mystring(COMRAM[20]), 

    strlen@s	PTR const unsigned char  size(1) Largest target is 20
		 -> mystring(COMRAM[20]), 

    strtof@res	PTR PTR unsigned char  size(2) Largest target is 0
		 -> NULL(NULL[0]), 

    strtof@s	PTR const unsigned char  size(1) Largest target is 20
		 -> mystring(COMRAM[20]), 


Critical Paths under _main in COMRAM

    None.

Critical Paths under _Lo_ISR in COMRAM

    None.

Critical Paths under _Hi_ISR in COMRAM

    _Hi_ISR->_MyusartRead
    _MyusartRead->___fltol
    i2_set_servo_angle->i2_AngleToDutyCycle
    i2_AngleToDutyCycle->i2___lldiv
    i2___lldiv->i2___lmul
    _strtof->___fldiv
    _strtof->___flmul
    ___fltol->_strtof

Critical Paths under _main in BANK0

    _main->_ClearBuffer
    _main->_GetString
    _strcpy->_GetString
    _set_servo_angle->_AngleToDutyCycle
    _set_servo_angle->_SetCCP1DutyCycle

Critical Paths under _Lo_ISR in BANK0

    _Lo_ISR->i1_set_servo_angle
    i1_set_servo_angle->i1_AngleToDutyCycle
    i1_AngleToDutyCycle->i1___lldiv
    i1___lldiv->i1___lmul

Critical Paths under _Hi_ISR in BANK0

    None.

Critical Paths under _main in BANK1

    _main->_set_servo_angle
    _set_servo_angle->_AngleToDutyCycle
    _AngleToDutyCycle->___lldiv
    ___lldiv->___lmul

Critical Paths under _Lo_ISR in BANK1

    None.

Critical Paths under _Hi_ISR in BANK1

    None.

Critical Paths under _main in BANK2

    None.

Critical Paths under _Lo_ISR in BANK2

    None.

Critical Paths under _Hi_ISR in BANK2

    None.

Critical Paths under _main in BANK3

    None.

Critical Paths under _Lo_ISR in BANK3

    None.

Critical Paths under _Hi_ISR in BANK3

    None.

Critical Paths under _main in BANK4

    None.

Critical Paths under _Lo_ISR in BANK4

    None.

Critical Paths under _Hi_ISR in BANK4

    None.

Critical Paths under _main in BANK5

    None.

Critical Paths under _Lo_ISR in BANK5

    None.

Critical Paths under _Hi_ISR in BANK5

    None.

Call Graph Tables:

 ---------------------------------------------------------------------------------
 (Depth) Function   	        Calls       Base Space   Used Autos Params    Refs
 ---------------------------------------------------------------------------------
 (0) _main                                                 0     0      0    1167
                        _ClearBuffer
                          _GetString
                              _Mode1
                              _Mode2
                  _SYSTEM_Initialize
                    _set_servo_angle
                             _strcpy
 ---------------------------------------------------------------------------------
 (1) _strcpy                                               3     1      2     109
                                              0 BANK1      3     1      2
                          _GetString (ARG)
 ---------------------------------------------------------------------------------
 (1) _set_servo_angle                                      6     4      2     990
                                             30 BANK1      6     4      2
                   _AngleToDutyCycle
                   _SetCCP1DutyCycle
 ---------------------------------------------------------------------------------
 (2) _SetCCP1DutyCycle                                     4     2      2      99
                                             49 BANK0      2     0      2
                                              0 BANK1      2     2      0
 ---------------------------------------------------------------------------------
 (2) _AngleToDutyCycle                                    11     9      2     721
                                             49 BANK0      2     0      2
                                             25 BANK1      5     5      0
                            ___lldiv
                             ___lmul
 ---------------------------------------------------------------------------------
 (3) ___lmul                                              12     4      8     142
                                              0 BANK1     12     4      8
 ---------------------------------------------------------------------------------
 (3) ___lldiv                                             13     5      8     247
                                             12 BANK1     13     5      8
                             ___lmul (ARG)
 ---------------------------------------------------------------------------------
 (1) _SYSTEM_Initialize                                    0     0      0       0
                     _ADC_Initialize
                    _CCP1_Initialize
                    _CCP2_Initialize
               _INTERRUPT_Initialize
              _OSCILLATOR_Initialize
             _PIN_MANAGER_Initialize
                    _TMR0_Initialize
                    _TMR1_Initialize
                    _TMR2_Initialize
                    _UART_Initialize
 ---------------------------------------------------------------------------------
 (2) _UART_Initialize                                      0     0      0       0
 ---------------------------------------------------------------------------------
 (2) _TMR2_Initialize                                      0     0      0       0
 ---------------------------------------------------------------------------------
 (2) _TMR1_Initialize                                      0     0      0       0
 ---------------------------------------------------------------------------------
 (2) _TMR0_Initialize                                      0     0      0       0
 ---------------------------------------------------------------------------------
 (2) _PIN_MANAGER_Initialize                               0     0      0       0
 ---------------------------------------------------------------------------------
 (2) _OSCILLATOR_Initialize                                0     0      0       0
 ---------------------------------------------------------------------------------
 (2) _INTERRUPT_Initialize                                 0     0      0       0
 ---------------------------------------------------------------------------------
 (2) _CCP2_Initialize                                      0     0      0       0
 ---------------------------------------------------------------------------------
 (2) _CCP1_Initialize                                      0     0      0       0
 ---------------------------------------------------------------------------------
 (2) _ADC_Initialize                                       0     0      0       0
 ---------------------------------------------------------------------------------
 (1) _Mode2                                                0     0      0       0
 ---------------------------------------------------------------------------------
 (1) _Mode1                                                0     0      0       0
 ---------------------------------------------------------------------------------
 (1) _GetString                                            2     0      2       0
                                             49 BANK0      2     0      2
 ---------------------------------------------------------------------------------
 (1) _ClearBuffer                                          2     2      0      68
                                             49 BANK0      2     2      0
 ---------------------------------------------------------------------------------
 Estimated maximum stack depth 3
 ---------------------------------------------------------------------------------
 (Depth) Function   	        Calls       Base Space   Used Autos Params    Refs
 ---------------------------------------------------------------------------------
 (4) _Lo_ISR                                              11    11      0    1127
                                             38 BANK0     11    11      0
                                _abs
                          i1___lldiv
                           i1___lmul
                  i1_set_servo_angle
 ---------------------------------------------------------------------------------
 (5) i1_set_servo_angle                                    6     4      2     664
                                             32 BANK0      6     4      2
                 i1_AngleToDutyCycle
                 i1_SetCCP1DutyCycle
 ---------------------------------------------------------------------------------
 (6) i1_SetCCP1DutyCycle                                   4     2      2      68
                                              0 BANK0      4     2      2
 ---------------------------------------------------------------------------------
 (6) i1_AngleToDutyCycle                                  11     9      2     481
                                             25 BANK0      7     5      2
                          i1___lldiv
                           i1___lmul
 ---------------------------------------------------------------------------------
 (7) i1___lmul                                            12     4      8      96
                                              0 BANK0     12     4      8
 ---------------------------------------------------------------------------------
 (7) i1___lldiv                                           13     5      8     166
                                             12 BANK0     13     5      8
                           i1___lmul (ARG)
 ---------------------------------------------------------------------------------
 (5) _abs                                                  4     2      2      67
                                              0 BANK0      4     2      2
 ---------------------------------------------------------------------------------
 Estimated maximum stack depth 7
 ---------------------------------------------------------------------------------
 (Depth) Function   	        Calls       Base Space   Used Autos Params    Refs
 ---------------------------------------------------------------------------------
 (8) _Hi_ISR                                               8     8      0    8909
                                             65 COMRAM     8     8      0
                        _MyusartRead
 ---------------------------------------------------------------------------------
 (9) _MyusartRead                                          5     5      0    8909
                                             60 COMRAM     5     5      0
                         _UART_Write
                            ___fltol
                             _strcmp
                             _strlen
                             _strtof
                      i2_ClearBuffer
                  i2_set_servo_angle
 ---------------------------------------------------------------------------------
 (10) i2_set_servo_angle                                   6     4      2     662
                                             32 COMRAM     6     4      2
                 i2_AngleToDutyCycle
                 i2_SetCCP1DutyCycle
 ---------------------------------------------------------------------------------
 (11) i2_SetCCP1DutyCycle                                  4     2      2      68
                                              0 COMRAM     4     2      2
 ---------------------------------------------------------------------------------
 (11) i2_AngleToDutyCycle                                 11     9      2     479
                                             25 COMRAM     7     5      2
                          i2___lldiv
                           i2___lmul
 ---------------------------------------------------------------------------------
 (12) i2___lldiv                                          13     5      8     164
                                             12 COMRAM    13     5      8
                           i2___lmul (ARG)
 ---------------------------------------------------------------------------------
 (10) i2_ClearBuffer                                       2     2      0      68
                                              0 COMRAM     2     2      0
 ---------------------------------------------------------------------------------
 (10) _strtof                                             25    21      4    7578
                                             25 COMRAM    25    21      4
                            ___fldiv
                             ___fleq
                             ___flge
                            ___flmul
                            ___flneg
                             ___wmul
                           ___xxtofl
                            _isdigit
                           _isxdigit
                               _nanf
                            _toupper
                           i2___lmul
 ---------------------------------------------------------------------------------
 (12) i2___lmul                                           12     4      8      96
                                              0 COMRAM    12     4      8
 ---------------------------------------------------------------------------------
 (11) _toupper                                             3     1      2      68
                                              0 COMRAM     3     1      2
 ---------------------------------------------------------------------------------
 (11) _nanf                                                8     4      4      24
                                              0 COMRAM     8     4      4
 ---------------------------------------------------------------------------------
 (11) _isxdigit                                            7     5      2      71
                                              0 COMRAM     7     5      2
 ---------------------------------------------------------------------------------
 (11) _isdigit                                             4     2      2      28
                                              0 COMRAM     4     2      2
 ---------------------------------------------------------------------------------
 (11) ___xxtofl                                           14    10      4     337
                                              0 COMRAM    14    10      4
 ---------------------------------------------------------------------------------
 (11) ___wmul                                              6     2      4     161
                                              0 COMRAM     6     2      4
 ---------------------------------------------------------------------------------
 (11) ___flneg                                             4     0      4      46
                                              0 COMRAM     4     0      4
 ---------------------------------------------------------------------------------
 (11) ___flmul                                            25    17      8    1470
                                              0 COMRAM    25    17      8
 ---------------------------------------------------------------------------------
 (11) ___flge                                             12     4      8     186
                                              0 COMRAM    12     4      8
 ---------------------------------------------------------------------------------
 (11) ___fleq                                             12     4      8      92
                                              0 COMRAM    12     4      8
 ---------------------------------------------------------------------------------
 (11) ___fldiv                                            25    17      8    1125
                                              0 COMRAM    25    17      8
 ---------------------------------------------------------------------------------
 (10) _strlen                                              3     1      2      91
                                              0 COMRAM     3     1      2
 ---------------------------------------------------------------------------------
 (10) _strcmp                                              3     1      2     116
                                              0 COMRAM     3     1      2
 ---------------------------------------------------------------------------------
 (10) ___fltol                                            10     6      4     230
                                             50 COMRAM    10     6      4
                             _strtof (ARG)
 ---------------------------------------------------------------------------------
 (10) _UART_Write                                          1     1      0      29
                                              0 COMRAM     1     1      0
 ---------------------------------------------------------------------------------
 Estimated maximum stack depth 12
 ---------------------------------------------------------------------------------

 Call Graph Graphs:

 _main (ROOT)
   _ClearBuffer
   _GetString
   _Mode1
   _Mode2
   _SYSTEM_Initialize
     _ADC_Initialize
     _CCP1_Initialize
     _CCP2_Initialize
     _INTERRUPT_Initialize
     _OSCILLATOR_Initialize
     _PIN_MANAGER_Initialize
     _TMR0_Initialize
     _TMR1_Initialize
     _TMR2_Initialize
     _UART_Initialize
   _set_servo_angle
     _AngleToDutyCycle
       ___lldiv
         ___lmul (ARG)
       ___lmul
     _SetCCP1DutyCycle
   _strcpy
     _GetString (ARG)

 _Lo_ISR (ROOT)
   _abs
   i1___lldiv
     i1___lmul (ARG)
   i1___lmul
   i1_set_servo_angle
     i1_AngleToDutyCycle
       i1___lldiv
       i1___lmul
     i1_SetCCP1DutyCycle

 _Hi_ISR (ROOT)
   _MyusartRead
     _UART_Write
     ___fltol
       _strtof (ARG)
         ___fldiv
         ___fleq
         ___flge
         ___flmul
         ___flneg
         ___wmul
         ___xxtofl
         _isdigit
         _isxdigit
         _nanf
         _toupper
         i2___lmul
     _strcmp
     _strlen
     _strtof
     i2_ClearBuffer
     i2_set_servo_angle
       i2_AngleToDutyCycle
         i2___lldiv
           i2___lmul (ARG)
         i2___lmul
       i2_SetCCP1DutyCycle

Address spaces:
Name               Size   Autos  Total    Usage
BIGRAM            1535      0       0      0.0%
BITBANK5           256      0       0      0.0%
BANK5              256      0       0      0.0%
BITBANK4           256      0       0      0.0%
BANK4              256      0       0      0.0%
BITBANK3           256      0       0      0.0%
BANK3              256      0       0      0.0%
BITBANK2           256      0       0      0.0%
BANK2              256      0       0      0.0%
BITBANK1           256      0       0      0.0%
BANK1              256     36      36     14.1%
BITBANK0           128      0       0      0.0%
BANK0              128     51      79     61.7%
BITCOMRAM          126      0       0      0.0%
COMRAM             126     73     115     91.3%
BITBIGSFRh          82      0       0      0.0%
BITBIGSFRllh        12      0       0      0.0%
BITBIGSFRllll       12      0       0      0.0%
BITBIGSFRlh         11      0       0      0.0%
BITBIGSFRlllh        7      0       0      0.0%
STACK                0      0       0      0.0%
DATA                 0      0     230      0.0%


Microchip Technology PIC18 Macro Assembler V3.00 build 20241204225717 
Symbol Table                                                                                   Wed Dec 03 18:28:06 2025

       AngleToDutyCycle@D_value 011A                    ___fldiv@aexp 0019                    ___fldiv@bexp 0018  
                             _a 0050                    ___fldiv@sign 0011           AngleToDutyCycle@angle 0119  
                            l70 302E                              l67 3030                              bsr 0FE0  
           ___wmul@multiplicand 0003         __end_of_CCP1_Initialize 2FFE                             l123 2F56  
                           l150 2FFC                             l230 3026                             l153 3014  
                           l233 2FC2                             l242 2E34                             l162 2C90  
                           l227 2FEA                             l236 2FAC                             l317 2D58  
                           l173 2910                             l239 3008                             l351 2A4E  
                           l352 2A5E                             l168 2350                             l337 302A  
                           l283 2F94                             l188 2F0E                             l374 2648  
                           l367 2638                             _PR2 0FCB                             _abs 2DCE  
                           _num 00B5                             _str 00B9       i1AngleToDutyCycle@D_value 009C  
               _TMR2_Initialize 2FFE                             wreg 0FE8                    ___flmul@aexp 0012  
                  ___flmul@bexp 0013                    ___flmul@sign 000D                    ___flmul@temp 0018  
                  ___flmul@prod 0014                    ___fltol@exp1 003C                            l1032 2EBC  
                          ?_abs 0080                            l3220 2EEA                            l3222 2FDA  
                          l3230 2FB4                            l4110 28EA                            l4102 28A0  
                          l3160 2F3C                            l3224 3020                            l3232 2FC0  
                          l3240 2FFE                            l4040 2A06                            l4112 28F6  
                          l4104 28BE                            l4120 2794                            l3162 2F42  
                          l3170 2FEC                            l3226 3024                            l3234 2F96  
                          l3242 3002                            l3250 2F88                            l4050 25B6  
                          l4042 2A14                            l4114 2904                            l4106 28C6  
                          l4130 27D0                            l4122 2798                            l3164 2F44  
                          l3156 2F36                            l3172 2FEE                            l3180 300A  
                          l3228 2FAE                            l3236 2F9A                            l3244 3006  
                          l3260 2F92                            l3252 2F8A                            l4060 25F8  
                          l4052 25CC                            l4044 2A24                            l4108 28E2  
                          l4116 2E92                            l4140 2812                            l4132 27E2  
                          l4124 27A6                            l3166 2F52                            l3158 2F38  
                          l3174 2FF6                            l3182 300C                            l3238 2FAA  
                          l3254 2F8C                            l3246 2F7A                            l4062 2616  
                          l4054 25D4                            l4046 2A2E                            l4038 29F4  
                          l4070 2C4A                            l4118 2E96                            l4134 27E6  
                          l4126 27AA                            l3168 2F54                            l3176 2FF8  
                          l3184 3010                            l3256 2F8E                            l3248 2F84  
                          l4064 2626                            l4056 25E0                            l4048 25A4  
                          l4080 227E                            l4072 2C5E                            l4136 27EE  
                          l4128 27BC                            l3178 2FFA                            l3186 3012  
                          l3258 2F90                            l4066 2628                            l4058 25EE  
                          l4090 22F2                            l4082 2290                            l4074 2C64  
                          l4138 2800                            l4068 2632                            l4092 230E  
                          l4084 2294                            l4076 2C7E                            l4094 231E  
                          l4086 22F2                            l4078 2C82                            l3800 2E1C  
                          l4096 2338                            l4088 22F2                            l3802 2E24  
                          l4098 2348                            l3804 2E28                            l3806 2E2C  
                          l3840 2D30                            l3832 2D1C                            l3824 3028  
                          l3808 2E30                            l3842 2D34                            l3844 2D50  
                          l3838 2D26                            l3790 2E04                            l3792 2E0C  
                          l3786 3030                            l3794 2E10                            l3788 302E  
                          l3796 2E14                            l3798 2E18                            _ADFM 7E07  
                          STR_1 062B                            STR_2 0624                            STR_3 061B  
                          STR_4 0612                            STR_5 0635                            STR_8 0639  
                          STR_9 0631                            _CREN 7D5C                            _LATD 0F8C  
                          u4440 2D50                            u4441 2D4C                            u4800 2A4E  
                          u4801 2A4A                            u4810 25CC                            u4811 25C8  
                          u4820 25EE                            u4900 2EBC                            u4821 25EA  
                          u4901 2EB8                            u4830 2616                            u4910 27D0  
                          u4831 2612                            u4911 27CC                            u4840 2C5E  
                          u4920 27E2                            u4841 2C5A                            u4921 27DE  
                          i1l90 015C                            u4850 2290                            u4930 2800  
                          u4851 228C                            u4931 27FC                            i1l92 01A0  
                          u4860 230E                            u4940 2812                            u4861 230A  
                          u4941 280E                            i1l86 0036                            u4790 2A14  
                          u4870 2338                            u4791 2A10                            u4871 2334  
                          i1l88 007A                            u4880 28BE                            u4881 28BA  
                          u4890 28E2                            u4891 28DE                            i2l97 2850  
                          _TMR2 0FCC                            abs@a 0080         __end_of_CCP2_Initialize 3016  
             i1___lldiv@divisor 0090                            _main 2794                            _nanf 2F58  
                          _tick 0070                            fsr1h 0FE2                            fsr2h 0FDA  
                          indf1 0FE7                            indf2 0FDF                            fsr1l 0FE1  
                          fsr2l 0FD9                            btemp 0074               i1___lldiv@counter 0098  
                          prodh 0FF4                            prodl 0FF3                            start 01B0  
               ___fldiv@new_exp 0012                    ___param_bank 0000                           ??_abs 0082  
              ?_UART_Initialize 0001         __end_of_TMR0_Initialize 2FC4              i2_AngleToDutyCycle 242A  
 __end_of_OSCILLATOR_Initialize 2FEC                   ___fltol@sign1 003B                           ?_main 0001  
                         ?_nanf 0001                 __end_of___fldiv 1D0E                 __end_of___flneg 2DCE  
                         STR_11 0634                 __end_of___flmul 197E                 __end_of___fltol 2176  
               __end_of___lldiv 264A                           _T2CON 0FCA                           i1l162 2CD6  
                         i2l100 287C                           i1l173 2982                           i1l351 2ABA  
                         i1l352 2ACA                           i1l168 2428                           i1l374 26EE  
                         i1l367 26DE                           i2l162 2D1A                           i2l330 206E  
                         i2l340 2F34                           i2l317 2D94                           i2l173 29F2  
                         i2l334 206E                           i2l351 2B24                           i2l352 2B34  
                         i2l168 24F8                           i2l610 2278                           i2l291 2FC6  
                         i2l605 2232                           i2l294 2FD8                           i2l614 2DCC  
                         i2l374 2792                           i2l367 2782                           i2l637 2174  
                         i2l922 1D0C                           i2l924 1B70                           i2l933 1BB6  
                         i2l934 1BD4                           i2l935 1C2C                           i2l927 1B34  
                         i2l599 25A2                           i2l936 1C1A                           i2l961 1812  
                         i2l962 1830                           i2l954 161C                           i2l971 193E  
                         i2l963 1888                           i2l964 1876                           i2l958 197C  
                         i2l995 1D64                           i2l998 1EC0                           _RCREG 0FAE  
                         _TMR0H 0FD7                           _TMR1H 0FCF                           _TMR0L 0FD6  
                         _TMR1L 0FCE                           _SPBRG 0FAF       i2set_servo_angle@duty_val 0025  
                         _TRISA 0F92                           _TRISD 0F95                           _TXREG 0FAD  
           ___lmul@multiplicand 0104                           _Mode1 3030                           _Mode2 302E  
           ?i2_AngleToDutyCycle 001A                     ?_UART_Write 0001              i1___lldiv@dividend 008C  
                         _angel 00CD                           _count 0054                           _index 004E  
                         _lastV 00B3                           _lastn 0052                           _errno 004A  
               __end_of_isdigit 2EEA                           _state 00B7                 _set_servo_angle 28A0  
                   _ClearBuffer 2D1C                           nanf@s 0001                           nanf@u 0005  
       __end_of_TMR1_Initialize 2FAE                __end_ofi1___lmul 2ACC                           tablat 0FF5  
              __end_ofi2___lmul 2B36                           ttemp5 0075                           ttemp6 0078  
                         ttemp7 007C                           status 0FD8                           wtemp8 0075  
               __end_of_toupper 2E64    i2SetCCP1DutyCycle@duty_value 0001            ??i2_AngleToDutyCycle 001C  
                  MyusartRead@c 0041                 __initialization 2B36               i2___lldiv@divisor 0011  
                  __end_of_main 281E                    __end_of_nanf 2F7A               i2___lldiv@counter 0019  
           i1___lmul@multiplier 0080              i1___lldiv@quotient 0094         __end_of_TMR2_Initialize 300A  
                        ??_main 00B3                          ??_nanf 0005                ?_CCP1_Initialize 0001  
                 __activetblptr 0001                          ?_Mode1 0001                          ?_Mode2 0001  
                        _ADCON0 0FC2                          _ADCON1 0FC1                          _ADCON2 0FC0  
                        _ADRESH 0FC4                          _ADRESL 0FC3                          _CCPR1L 0FBE  
                        _CCPR2L 0FBB      __end_ofi1_SetCCP1DutyCycle 2CD8                          i1l1015 2DEA  
                        i1l1018 2E02                          i1l3130 2A90                          i1l3140 267A  
                        i1l3132 2A9A                          i1l3124 2A60                          i1l3150 26CC  
                        i1l3142 2686                          i1l3134 264A                          i1l3126 2A72  
                        i1l3152 26CE                          i1l3144 2694                          i1l3136 265C  
                        i1l3128 2A80                          i2l1002 1DFC                          i1l3154 26D8  
                        i1l3146 269E                          i1l3138 2672                          i1l3148 26BC  
                        i2l1009 1E58                          i2l1026 2BF4                          i2l1212 2C42  
                        i2l1205 2EE8                          i2l1213 2C48                          i2l1038 2E90  
                        i2l1222 2E5A                          i2l1054 06C4                          i2l1223 2E62  
                        i2l1135 0E42                          i2l3000 21F2                          i2l1152 10E2  
                        i2l1136 1556                          i2l1064 07CA                          i2l1153 108C  
                        i2l3010 2276                          i2l3002 2200                          i2l1154 10F4  
                        i1l3730 2CAC                          i2l1219 2F78                          i2l1091 09D6  
                        i2l1147 100A                          i2l3004 2212                          i2l1164 1186  
                        i2l3100 2D0C                          i1l3740 236C                          i1l3732 2CC4  
                        i2l3006 2220                          i2l3014 2D96                          i2l3030 1D8A  
                        i2l3022 1D10                          i2l3110 249A                          i2l3102 242C  
                        i1l3750 23F6                          i1l3742 23CA                          i1l3734 2CC8  
                        i1l3726 2C92                          i1l3910 2938                          i2l3008 2270  
                        i2l3016 2DAC                          i2l3040 1DE4                          i2l3024 1D20  
                        i2l3120 24F0                          i2l3112 249A                          i2l3104 243C  
                        i1l3752 2410                          i1l3744 23CA                          i1l3736 2356  
                        i1l3728 2CA6                          i1l3912 2954                          i2l3018 2DBC  
                        i2l3050 1E48                          i2l3042 1DE6                          i2l3034 1D9E  
                        i2l3026 1D2E                          i2l3114 24B6                          i2l3106 2440  
                        i1l3754 2420                          i1l3746 23CA                          i1l3738 2368  
                        i1l3914 295C                          i1l3906 2912                          i2l3060 1EA0  
                        i2l3052 1E66                          i2l3044 1DF2                          i2l3036 1DA6  
                        i2l3028 1D74                          i2l3300 06C6                          i2l3116 24C6  
                        i2l3108 249A                          i1l3748 23E6                          i1l3916 2968  
                        i1l3908 2930                          i2l3062 1EAE                          i2l3054 1E68  
                        i2l3046 1E2E                          i2l3038 1DB2                          i2l3070 2F68  
                        i2l3310 06FC                          i2l3302 06DA                          i2l3118 24E0  
                        i1l3846 2DCE                          i1l3918 2976                          i1l3950 0046  
                        i2l3064 1EB0                          i2l3056 1E6C                          i2l3048 1E3A  
                        i2l3080 2C40                          i2l3400 0A2E                          i2l3320 0770  
                        i2l3312 0702                          i2l3304 06DE                          i1l3848 2DDE  
                        i1l3960 0088                          i1l3952 004E                          i1l3944 0026  
                        i2l3058 1E90                          i2l3082 2EBE                          i2l3074 2BF6  
                        i2l3410 0A7C                          i2l3402 0A48                          i2l3330 07B8  
                        i2l3322 0780                          i2l3314 0704                          i2l3306 06E4  
                        i1l3970 0136                          i1l3962 008A                          i1l3954 0064  
                        i1l3946 0034                          i2l3076 2BFA                          i2l3068 2F58  
                        i2l3500 0DF4                          i2l3420 0AF0                          i2l3412 0A7E  
                        i2l3404 0A4A                          i2l3340 083E                          i2l3332 07D0  
                        i2l3324 0790                          i2l3316 071C                          i2l3092 2CD8  
                        i1l3980 019E                          i1l3972 013E                          i1l3964 0098  
                        i1l3948 0044                          i1l3956 006A                          i2l3262 2FC6  
                        i2l3270 2E6E                          i2l3078 2C12                          i2l3086 2E36  
                        i2l3510 0E50                          i2l3502 0DF6                          i2l3430 0B5A  
                        i2l3422 0B2E                          i2l3414 0AA6                          i2l3350 0896  
                        i2l3342 0850                          i2l3334 07D2                          i2l3326 07A2  
                        i2l3318 0746                          i2l3094 2CEA                          i1l3974 0148  
                        i1l3966 00AC                          i1l3958 0078                          i2l3264 2FD4  
                        i2l3280 2BA0                          i2l3272 2E84                          i2l2800 1B9C  
                        i2l2720 19AA                          i2l2712 197E                          i2l3088 2E4E  
                        i2l3600 1210                          i2l3520 0E96                          i2l3512 0E58  
                        i2l3504 0E1E                          i2l3440 0BCA                          i2l3432 0B6C  
                        i2l3424 0B32                          i2l3416 0AB8                          i2l3408 0A54  
                        i2l3360 08EA                          i2l3352 089C                          i2l3344 0868  
                        i2l3336 07EA                          i2l3328 07B4                          i2l3096 2CF0  
                        i1l3976 0154                          i1l3968 00DA                          i2l3282 2BC2  
                        i2l3266 2E64                          i2l2810 1C12                          i2l2802 1BA6  
                        i2l2730 19E2                          i2l2722 19BA                          i2l2714 198A  
                        i2l2650 2B04                          i2l2642 2ACC                          i2l3610 124E  
                        i2l3602 121E                          i2l3530 0F00                          i2l3506 0E2E  
                        i2l3442 0BDC                          i2l3450 0C5A                          i2l3434 0B78  
                        i2l3426 0B3A                          i2l3418 0AD4                          i2l3514 0E60  
                        i2l3370 0922                          i2l3354 089E                          i2l3362 08EE  
                        i2l3346 087A                          i2l3338 0814                          i2l3290 0646  
                        i2l3098 2D08                          i1l3978 0172                          i2l3284 2BD8  
                        i2l3276 2B98                          i2l3268 2E6C                          i2l2820 1C80  
                        i2l2804 1BB4                          i2l2740 1A0E                          i2l2732 19E8  
                        i2l2724 19CA                          i2l2716 1998                          i2l2900 16AC  
                        i2l2644 2ADC                          i2l3620 12C6                          i2l3612 125A  
                        i2l3604 1226                          i2l3540 0F68                          i2l3532 0F0E  
                        i2l3524 0EAA                          i2l3516 0E72                          i2l3452 0C86  
                        i2l3460 0CCA                          i2l3444 0BF8                          i2l3436 0BA0  
                        i2l3428 0B40                          i2l3380 096E                          i2l3372 0928  
                        i2l3356 08B6                          i2l3348 087E                          i2l3364 08FE  
                        i2l3292 0658                          i2l2660 272A                          i2l2652 26F0  
                        i2l3278 2B9C                          i2l2830 1CE6                          i2l2814 1C3C  
                        i2l2822 1C84                          i2l2806 1BC6                          i2l2750 1A46  
                        i2l2742 1A1E                          i2l2734 19EE                          i2l2726 19CC  
                        i2l2718 199A                          i2l2910 16EE                          i2l2902 16B8  
                        i2l2646 2AEA                          i2l3630 133C                          i2l3622 12D4  
                        i2l3614 1280                          i2l3606 122E                          i2l3550 1038  
                        i2l3542 0F84                          i2l3534 0F2A                          i2l3526 0EDC  
                        i2l3518 0E80                          i2l3470 0D04                          i2l3462 0CCE  
                        i2l3454 0CB2                          i2l3446 0C14                          i2l3438 0BA2  
                        i2l3382 0988                          i2l3374 092A                          i2l3366 0916  
                        i2l3358 08D0                          i2l3294 0668                          i2l2670 2772  
                        i2l2662 2738                          i2l2654 2700                          i2l3720 2154  
                        i2l3704 2100                          i2l2840 1D02                          i2l2832 1CE8  
                        i2l2824 1C9E                          i2l2816 1C48                          i2l2808 1BE4  
                        i2l2752 1A5C                          i2l2744 1A2E                          i2l2736 19FC  
                        i2l2728 19D2                          i2l2920 1750                          i2l2912 16FE  
                        i2l2904 16C6                          i2l2648 2AFA                          i2l3640 13C8  
                        i2l3632 1370                          i2l3624 12E0                          i2l3616 12B2  
                        i2l3608 1240                          i2l3560 1086                          i2l3544 0FA8  
                        i2l3536 0F42                          i2l3528 0EF0                          i2l3480 0D48  
                        i2l3472 0D06                          i2l3464 0CD0                          i2l3448 0C52  
                        i2l3456 0CBA                          i2l3392 09DC                          i2l3384 09B4  
                        i2l3376 0944                          i2l3368 0918                          i2l3296 066A  
                        i2l3288 063E                          i2l2672 277C                          i2l2664 2742  
                        i2l2656 2716                          i2l3722 2164                          i2l3714 2128  
                        i2l3706 210A                          i2l2834 1CEC                          i2l2826 1CB4  
                        i2l2818 1C56                          i2l2770 1AB0                          i2l2754 1A6C  
                        i2l2762 1A8C                          i2l2746 1A30                          i2l2738 19FE  
                        i2l2930 17F8                          i2l2922 176C                          i2l2914 1718  
                        i2l2906 16D2                          i2l2850 1564                          i2l2674 2F10  
                        i2l3634 1376                          i2l3626 1314                          i2l3570 1102  
                        i2l3562 1090                          i2l3554 1062                          i2l3546 1018  
                        i2l3538 0F58                          i2l3490 0D82                          i2l3482 0D70  
                        i2l3474 0D22                          i2l3466 0CE8                          i2l3458 0CBC  
                        i2l3394 09F6                          i2l3378 0954                          i2l3298 069C  
                        i2l2666 2760                          i2l2658 271E                          i2l3716 2134  
                        i2l3708 2114                          i2l2836 1CFA                          i2l2828 1CCE  
                        i2l2780 1B00                          i2l2772 1ACA                          i2l2764 1A9C  
                        i2l2756 1A74                          i2l2748 1A36                          i2l2940 186E  
                        i2l2932 1802                          i2l2924 1796                          i2l2916 1728  
                        i2l2908 16E2                          i2l2860 15A4                          i2l2852 1572  
                        i2l2676 2F2C                          i2l3660 1498                          i2l3652 140E  
                        i2l3644 13DC                          i2l3636 1388                          i2l3628 131C  
                        i2l3580 116C                          i2l3572 111A                          i2l3564 10C4  
                        i2l3556 1064                          i2l3548 1030                          i2l3492 0D9C  
                        i2l3484 0D76                          i2l3476 0D28                          i2l3396 0A10  
                        i2l3388 09DA                          i2l2668 2770                          i2l3900 2066  
                        i2l3718 2144                          i2l2838 1D00                          i2l2790 1B5C  
                        i2l2782 1B10                          i2l2774 1ADA                          i2l2766 1A9C  
                        i2l2758 1A78                          i2l2950 18DC                          i2l2934 1810  
                        i2l2926 17CC                          i2l2918 1744                          i2l2870 15D4  
                        i2l2862 15AA                          i2l2854 1574                          i2l3670 14FC  
                        i2l3662 149E                          i2l3654 1442                          i2l3638 13BA  
                        i2l3590 11BA                          i2l3574 1132                          i2l3566 10F0  
                        i2l3558 1078                          i2l3494 0DA8                          i2l3486 0D7A  
                        i2l3478 0D44                          i2l2792 1B5E                          i2l2784 1B24  
                        i2l2776 1AEA                          i2l2960 1938                          i2l2944 1898  
                        i2l2952 18E0                          i2l2936 1822                          i2l2928 17DA  
                        i2l2880 160C                          i2l2872 15D6                          i2l2864 15BA  
                        i2l2856 1584                          i2l2848 1558                          i2l3672 1504  
                        i2l3664 14B0                          i2l3656 144A                          i2l3648 13F0  
                        i2l3592 11BC                          i2l3584 116E                          i2l3576 114C  
                        i2l3568 10FA                          i2l3496 0DB8                          i2l3488 0D80  
                        i2l3760 29A0                          i2l3690 20C4                          i2l3682 2070  
                        i2l2794 1B6E                          i2l2786 1B32                          i2l2778 1AFA  
                        i2l2962 1942                          i2l2970 1968                          i2l2954 18FA  
                        i2l2946 18A4                          i2l2938 1840                          i2l2890 165C  
                        i2l2882 162C                          i2l2874 15E6                          i2l2866 15C0  
                        i2l2858 1594                          i2l3674 1514                          i2l3666 14E2  
                        i2l3658 1464                          i2l3594 11E2                          i2l3586 118C  
                        i2l3578 1154                          i2l3498 0DD4                          i2l3770 29E6  
                        i2l3762 29A8                          i2l3850 1EC2                          i2l3692 20C6  
                        i2l3684 2086                          i2l2796 1B80                          i2l2788 1B3E  
                        i2l2980 2538                          i2l2972 196C                          i2l2964 1952  
                        i2l2956 190E                          i2l2948 18B2                          i2l2892 1666  
                        i2l2884 163C                          i2l2876 15F6                          i2l2868 15C6  
                        i2l3676 1522                          i2l3596 11F2                          i2l3588 11B8  
                        i2l3668 14EA                          i2l3780 2D6C                          i2l3772 2D5A  
                        i2l3764 29C4                          i2l3860 1EF4                          i2l3852 1EC6  
                        i2l3694 20D6                          i2l2798 1B96                          i2l2982 2566  
                        i2l2966 1960                          i2l2958 1928                          i2l2894 167C  
                        i2l2878 1606                          i2l3678 1546                          i2l3598 120E  
                        i2l3782 2D70                          i2l3766 29CC                          i2l3758 2984  
                        i2l3862 1F08                          i2l3870 1F5C                          i2l3854 1ECC  
                        i2l3696 20DA                          i2l3688 209A                          i2l2984 2576  
                        i2l2976 24FA                          i2l2992 2176                          i2l2968 1962  
                        i2l2896 1688                          i2l2888 1650                          i2l3784 2D8C  
                        i2l3768 29D8                          i2l3880 1FBC                          i2l3872 1F72  
                        i2l3864 1F26                          i2l3856 1EDE                          i2l3698 20E8  
                        i2l2986 259A                          i2l2978 2528                          i2l2994 21A4  
                        i2l2898 16A0                          i2l3778 2D62                          i2l3882 1FD0  
                        i2l3874 1F86                          i2l3866 1F34                          i2l3858 1EE4  
                        i2l3890 2018                          i2l2988 25A0                          i2l2996 21B4  
                        i2l3892 202A                          i2l3884 1FFC                          i2l3876 1F98  
                        i2l3868 1F52                          i2l2998 21E2                          i2l3894 2030  
                        i2l3886 2004                          i2l3878 1FB4                          i2l3990 286E  
                        i2l3896 203E                          i2l3888 2010                          i2l3992 2874  
                        i2l3984 2840                          i2l3898 205A                          i2l3994 2878  
                        i2l3986 284E                          i2l3988 285E          i2set_servo_angle@angle 0021  
              i2___lmul@product 0009                ?_CCP2_Initialize 0001                __end_of___xxtofl 1EC2  
                        _Hi_ISR 0008                          _Lo_ISR 0018      SetCCP1DutyCycle@duty_value 00B1  
                        ___flge 2176                          ___fleq 24FA         i2AngleToDutyCycle@angle 001C  
                        ___lmul 29F4                          ___wmul 2F10                       ??___fldiv 0009  
                     ??___flneg 0005                       ??___flmul 0009                       ??___fltol 0037  
                     ??___lldiv 00B1                          _lenStr 004C                ?_TMR0_Initialize 0001  
                        clear_0 2B74                          clear_1 2B80                          isa$std 0001  
                        _strcmp 2B98                          _strcpy 2E92                          _strlen 2E64  
                        _strtof 063E                __end_of_isxdigit 2C4A               __end_ofi1___lldiv 26F0  
                  __pdataCOMRAM 006A                       ??_isdigit 0003         __end_of_set_servo_angle 2912  
             __end_ofi2___lldiv 2794                    __mediumconst 0600                          tblptrh 0FF7  
                        tblptrl 0FF6                          tblptru 0FF8               ?_AngleToDutyCycle 00B1  
                     ??_toupper 0003              ??_AngleToDutyCycle 00B3           __end_ofi2_ClearBuffer 2D96  
                    ___flge@ff1 0001                      ___flge@ff2 0005                ?_TMR1_Initialize 0001  
                  ___xxtofl@arg 000B                    ___xxtofl@exp 000A               _SYSTEM_Initialize 2E04  
                  ___xxtofl@val 0001                      ___fleq@ff1 0001                      ___fleq@ff2 0005  
                    __accesstop 0080         __end_of__initialization 2B86                      ___flneg@f1 0001  
            ?_SYSTEM_Initialize 0001                   ___rparam_used 0001                      ___fltol@f1 0033  
             __end_of_GetString 302C                   __end_of_Mode1 3032                   __end_of_Mode2 3030  
                __pcstackCOMRAM 0001              i2___lldiv@dividend 000D                    __pidataBANK0 302C  
           ??_SYSTEM_Initialize 00B1       Lo_ISR@limited_range_angle 00AB                ?_TMR2_Initialize 0001  
                     ?i1___lmul 0080                _SetCCP1DutyCycle 2C4A                       ?i2___lmul 0001  
  i2set_servo_angle@angle_0_180 0023                   ??_MyusartRead 003D                         ??_Mode1 00B1  
                       ??_Mode2 00B1       __end_of_SYSTEM_Initialize 2E36              i2___lldiv@quotient 0015  
                    __pbssBANK0 00B3                         ?_Hi_ISR 0001                         ?_Lo_ISR 0001  
                       ?___flge 0001                         ?___fleq 0001                         ?___lmul 0100  
                       ?___wmul 0001      __end_ofi2_SetCCP1DutyCycle 2D1C                         _CCP1CON 0FBD  
                       _CCP2CON 0FBA                  ___lmul@product 0108                      ??i1___lmul 0088  
                       ?_strcmp 0001                         ?_strcpy 0100                         ?_strlen 0001  
                    ??i2___lmul 0009                         ?_strtof 001A                       ?___xxtofl 0001  
              ?_set_servo_angle 011E                    ??_UART_Write 0001      set_servo_angle@angle_0_180 0120  
                       Lo_ISR@v 00AF       i2AngleToDutyCycle@D_value 001D                    ?_ClearBuffer 0001  
           __end_of_MyusartRead 2070                         __Hparam 0000                       ?_isxdigit 0001  
  i1SetCCP1DutyCycle@duty_value 0080                         __Lparam 0000                         ___fldiv 197E  
                       ___flneg 2D96                         ___flmul 1558                         ___fltol 2070  
                       ___lldiv 25A4              __end_of_UART_Write 2FDA                    __psmallconst 0600  
                    _lighttable 006A                         __pcinit 2B36                         __ramtop 0600  
                       __ptext0 2794                         __ptext1 2E92                         __ptext2 28A0  
                       __ptext3 2C4A                         __ptext4 227A                         __ptext5 29F4  
                       __ptext6 25A4                         __ptext7 2E04                         __ptext8 2F7A  
                       __ptext9 2FFE                       _T0CONbits 0FD5                       _T1CONbits 0FCD  
         _OSCILLATOR_Initialize 2FDA                       _T2CONbits 0FCA                         _isdigit 2EBE  
                    ??___xxtofl 0005        ??_PIN_MANAGER_Initialize 00B1                  __pintcode_body 281E  
                       _toupper 2E36            end_of_initialization 2B86                         int_func 281E  
               ___lldiv@divisor 0110                      ??_isxdigit 0003                 ___lldiv@counter 0118  
            i1_SetCCP1DutyCycle 2C92                       _RCSTAbits 0FAB                         postdec1 0FE5  
                       postinc0 0FEE                         postinc2 0FDE             i2___lmul@multiplier 0001  
                       strcmp@l 0001                         strcmp@r 0002                         strcpy@d 0102  
                       strlen@a 0003                         strlen@s 0001                         strtof@i 0032  
                       strtof@s 001A             ?i1_SetCCP1DutyCycle 0080                  UART_Write@data 0001  
                 ___xxtofl@sign 0009                       _TRISCbits 0F94                     _MyusartRead 1EC2  
                   ___fldiv@grs 0014                     ___fldiv@rem 000D                       i1___lldiv 264A  
                     i2___lldiv 26F0                     ___flmul@grs 000E          i1set_servo_angle@angle 00A0  
          ??i1_SetCCP1DutyCycle 0082        __end_of_SetCCP1DutyCycle 2C92                     _CCP2CONbits 0FBA  
                     _TXSTAbits 0FAC                  __end_of_Hi_ISR 28A0                  __end_of_Lo_ISR 01B0  
                MyusartRead@len 003D                  MyusartRead@num 003F    __end_of_INTERRUPT_Initialize 2F10  
                __end_of___flge 227A                  __end_of___fleq 25A4                       _GetString 3028  
                __end_of___lmul 2A60                  __end_of___wmul 2F36                     _BAUDCONbits 0FB8  
                 __pidataCOMRAM 3016                  _ADC_Initialize 2F36          ?_OSCILLATOR_Initialize 0001  
                __end_of_strcmp 2BF6                  __end_of_strcpy 2EBE                  __end_of_strlen 2E92  
                __end_of_strtof 1558           i1___lmul@multiplicand 0084             start_initialization 2B36  
  i1set_servo_angle@angle_0_180 00A2                     __end_of_abs 2E04                      ?i1___lldiv 008C  
                    ?i2___lldiv 000D                    ClearBuffer@i 00B1               ??_UART_Initialize 00B1  
          set_servo_angle@angle 011E                        ??_Hi_ISR 0042                        ??_Lo_ISR 00A6  
                      ??___flge 0009                        ??___fleq 0009                   _isxdigit$1933 0007  
                      ??___lmul 00B1                        ??___wmul 0005          __end_of_ADC_Initialize 2F58  
                   __pdataBANK0 00CD                      ?_GetString 00B1      __end_ofUART_PrintHex@F3388 0612  
                      ??_strcmp 0003                        ??_strcpy 00B3                        ??_strlen 0003  
                      ??_strtof 001E      __end_ofi1_AngleToDutyCycle 242A                       ___fldiv@a 0005  
                     ___fldiv@b 0001                       ___flmul@a 0005                       ___flmul@b 0001  
                   __pbssCOMRAM 004A                   __pcstackBANK0 0080                   __pcstackBANK1 0100  
            i2_SetCCP1DutyCycle 2CD8                i1___lmul@product 0088             ?i2_SetCCP1DutyCycle 0001  
             ??_CCP1_Initialize 00B1          _PIN_MANAGER_Initialize 3020                       __pintcode 0008  
                      ?___fldiv 0001                        ?___flneg 0001                        ?___flmul 0001  
                      ?___fltol 0033                        ?___lldiv 010C                 ?_ADC_Initialize 0001  
                     _direction 0072                     __pintcodelo 0018            ??i2_SetCCP1DutyCycle 0003  
                   __smallconst 0600               ??_CCP2_Initialize 00B1                        ?_isdigit 0001  
             i1_set_servo_angle 2912                     ??i1___lldiv 0094                     ??i2___lldiv 0015  
                      ?_toupper 0001              ?i1_set_servo_angle 00A0            _INTERRUPT_Initialize 2EEA  
                 i2_ClearBuffer 2D5A               ??_TMR0_Initialize 00B1                  ___wmul@product 0005  
                      _IPR1bits 0F9F                        _IPR2bits 0FA2                        _PIE1bits 0F9D  
           ??i1_set_servo_angle 00A2         set_servo_angle@duty_val 0122                        i1u321_20 2A80  
                      i1u321_21 2A7C                        i1u322_20 2ABA                        i1u322_21 2AB6  
                      i1u323_20 2672                        i1u323_21 266E                        i1u324_20 2694  
                      i1u324_21 2690                        i1u325_20 26BC                        i1u325_21 26B8  
                      i1u434_20 2CA6                        i1u434_21 2CA2                        i1u435_20 2368  
                      i1u435_21 2364                        i1u436_20 23E6                        i1u436_21 23E2  
                      i2u300_40 2270                        i2u300_41 226C                        i1u445_20 2DDE  
                      i1u437_20 2410                        i1u445_21 2DDA                        i1u437_21 240C  
                      i2u301_40 2DAC                        i2u301_41 2DA8                        i2u310_40 1EA0  
                      i2u302_40 1D20                        i2u310_41 1E9C                        i2u302_41 1D1C  
                      i1u463_20 0034                        i1u463_21 0030                        i2u311_40 1EAE  
                      i2u303_40 1D2E                        i2u311_41 1EAA                        i2u303_41 1D2A  
                      i1u464_20 0044                        i1u464_21 0040                        i2u304_40 1D8A  
                      i2u312_40 2C12                        i2u400_40 105E                        i2u320_40 24E0  
                      i2u304_41 1D86                        i2u312_41 2C0E                        i2u400_41 105A  
                      i2u320_41 24DC                        i1u457_20 2930                        i1u465_20 0078  
                      i1u457_21 292C                        i1u465_21 0074                        i2u305_40 1DE0  
                      i2u313_40 2C40                        i2u241_40 2AEA                        i2u401_40 1078  
                      i2u305_41 1DDC                        i2u313_41 2C3C                        i2u241_41 2AE6  
                      i2u401_41 1074                        i1u458_20 2954                        i1u466_20 0088  
                      i1u458_21 2950                        i1u466_21 0084                        i2u330_40 2FD4  
                      i2u306_40 1E2A                        i2u314_40 2EE2                        i2u242_40 2B24  
                      i2u410_40 11F2                        i2u402_40 1086                        i2u330_41 2FD0  
                      i2u306_41 1E26                        i2u314_41 2EDC                        i2u242_41 2B20  
                      i2u410_41 11EE                        i2u402_41 1082                        i1u467_20 00AC  
                      i1u467_21 00A8                        i2u331_40 2E84                        i2u251_40 1998  
                      i2u307_40 1E48                        i2u315_40 2EE4                        i2u411_40 120E  
                      i2u403_40 10F0                        i2u243_40 2716                        i2u331_41 2E80  
                      i2u251_41 1994                        i2u307_41 1E44                        i2u411_41 120A  
                      i2u403_41 10EC                        i2u243_41 2712                        i1u468_20 00DA  
                      i1u468_21 00D6                        i2u332_40 2BC2                        i2u260_40 1B32  
                      i2u252_40 19AA                        i2u308_40 1E58                        i2u316_40 2E4E  
                      i2u420_40 13C8                        i2u412_40 121E                        i2u404_40 111A  
                      i2u340_40 06F8                        i2u244_40 2738                        i2u332_41 2BBE  
                      i2u260_41 1B2E                        i2u252_41 19A6                        i2u308_41 1E54  
                      i2u316_41 2E4A                        i2u420_41 13C4                        i2u412_41 121A  
                      i2u404_41 1116                        i2u340_41 06F4                        i2u244_41 2734  
                      i1u469_20 0172                        i1u469_21 016E                        i2u333_40 2BD8  
                      i2u261_40 1B5C                        i2u253_40 19BA                        i2u309_40 1E66  
                      i2u421_40 140A                        i2u413_40 1240                        i2u405_40 1132  
                      i2u341_40 071C                        i2u245_40 2760                        i2u317_40 2CEA  
                      i2u333_41 2BD4                        i2u261_41 1B58                        i2u253_41 19B6  
                      i2u309_41 1E62                        i2u421_41 1406                        i2u413_41 123C  
                      i2u405_41 112E                        i2u341_41 0718                        i2u245_41 275C  
                      i2u317_41 2CE6                        i2u430_40 20FC                        i2u270_40 1C56  
                      i2u262_40 1B80                        i2u254_40 19FC                        i2u422_40 1460  
                      i2u414_40 124E                        i2u406_40 114C                        i2u350_40 0850  
                      i2u342_40 0746                        i2u334_40 0658                        i2u318_40 243C  
                      i2u430_41 20F8                        i2u270_41 1C52                        i2u262_41 1B7C  
                      i2u254_41 19F8                        i2u422_41 145C                        i2u414_41 124A  
                      i2u406_41 1148                        i2u350_41 084C                        i2u342_41 0742  
                      i2u334_41 0654                        i2u318_41 2438                        i2u431_40 2124  
                      i2u271_40 1C9E                        i2u263_40 1B96                        i2u255_40 1A0E  
                      i2u423_40 14B0                        i2u415_40 12B2                        i2u407_40 116C  
                      i2u351_40 087A                        i2u343_40 0770                        i2u335_40 0684  
                      i2u319_40 24B6                        i2u431_41 2120                        i2u271_41 1C9A  
                      i2u263_41 1B92                        i2u255_41 1A0A                        i2u423_41 14AC  
                      i2u415_41 12AE                        i2u407_41 1168                        i2u351_41 0876  
                      i2u343_41 076C                        i2u335_41 067E                        i2u319_41 24B2  
                      i2u432_40 2144                        i2u272_40 1CCE                        i2u264_40 1BB4  
                      i2u256_40 1A1E                        i2u280_40 162C                        i2u424_40 14E2  
                      i2u416_40 12D4                        i2u408_40 1186                        i2u360_40 09B4  
                      i2u352_40 0896                        i2u344_40 0780                        i2u336_40 0686  
                      i2u440_40 2D8C                        i2u432_41 2140                        i2u272_41 1CCA  
                      i2u264_41 1BB0                        i2u256_41 1A1A                        i2u280_41 1628  
                      i2u424_41 14DE                        i2u416_41 12D0                        i2u408_41 1182  
                      i2u360_41 09B0                        i2u352_41 0892                        i2u344_41 077C  
                      i2u440_41 2D88                        i2u433_40 2154                        i2u273_40 1CFA  
                      i2u265_40 1BD4                        i2u257_40 1A5C                        i2u281_40 163C  
                      i2u425_40 14FC                        i2u417_40 1338                        i2u409_40 11E2  
                      i2u361_40 09D2                        i2u353_40 08B6                        i2u345_40 07A2  
                      i2u337_40 069C                        i2u433_41 2150                        i2u273_41 1CF6  
                      i2u265_41 1BD0                        i2u257_41 1A58                        i2u281_41 1638  
                      i2u425_41 14F8                        i2u417_41 1334                        i2u409_41 11DE  
                      i2u361_41 09CE                        i2u353_41 08B2                        i2u345_41 079E  
                      i2u337_41 0698                        _PIR1bits 0F9E                        i2u266_40 1BE4  
                      i2u258_40 1A9C                        i2u290_40 18FA                        i2u282_40 17B6  
                      i2u274_40 1572                        i2u426_40 1522                        i2u418_40 1388  
                      i2u370_40 0B5A                        i2u362_40 09F6                        i2u354_40 08D0  
                      i2u346_40 07B4                        i2u338_40 06C4                        i2u450_40 1F72  
                      i2u266_41 1BE0                        i2u258_41 1A98                        i2u290_41 18F6  
                      i2u274_41 156E                        i2u426_41 151E                        i2u418_41 1384  
                      i2u370_41 0B56                        i2u362_41 09F2                        i2u354_41 08CC  
                      i2u346_41 07B0                        i2u338_41 06C0                        i2u450_41 1F6E  
                      i2u282_45 17AC                        i2u427_40 2086                        i2u267_40 1C12  
                      i2u259_40 1B10                        i2u291_40 1928                        i2u283_40 1810  
                      i2u275_40 1584                        i2u419_40 13BA                        i2u371_40 0B6C  
                      i2u363_40 0A10                        i2u355_40 08EA                        i2u347_40 07EA  
                      i2u339_40 06DA                        i2u451_40 1F86                        i2u427_41 2082  
                      i2u267_41 1C0E                        i2u259_41 1B0C                        i2u291_41 1924  
                      i2u283_41 180C                        i2u275_41 1580                        i2u419_41 13B6  
                      i2u371_41 0B68                        i2u363_41 0A0C                        i2u355_41 08E6  
                      i2u347_41 07E6                        i2u339_41 06D6                        i2u451_41 1F82  
                      _PIR2bits 0FA1                        i2u428_40 20BA                        i2u268_40 1C28  
                      i2u292_40 1960                        i2u284_40 1830                        i2u276_40 1594  
                      i2u380_40 0D00                        i2u372_40 0BA0                        i2u364_40 0A2A  
                      i2u356_40 0944                        i2u348_40 0814                        i2u452_40 1F98  
                      i2u268_41 1C24                        i2u292_41 195C                        i2u284_41 182C  
                      i2u276_41 1590                        i2u380_41 0CFC                        i2u372_41 0B9C  
                      i2u364_41 0A26                        i2u356_41 0940                        i2u348_41 0810  
                      i2u452_41 1F94                        i2u428_45 20B0                _AngleToDutyCycle 227A  
                      i2u429_40 20E8                        i2u269_40 1C3C                        i2u293_40 2528  
                      i2u285_40 1840                        i2u277_40 15D4                        i2u381_40 0D22  
                      i2u373_40 0BCA                        i2u365_40 0A48                        i2u357_40 0954  
                      i2u349_40 083E                        i2u453_40 1FB4                        i2u429_41 20E4  
                      i2u269_41 1C38                        i2u293_41 2524                        i2u285_41 183C  
                      i2u277_41 15D0                        i2u381_41 0D1E                        i2u373_41 0BC6  
                      i2u365_41 0A44                        i2u357_41 0950                        i2u349_41 083A  
                      i2u453_41 1FB0                        i2u294_40 2566                        i2u286_40 186E  
                      i2u278_40 15E6                        i2u390_40 0E96                        i2u382_40 0D44  
                      i2u374_40 0C14                        i2u366_40 0A7C                        i2u358_40 096E  
                      i2u438_40 29A0                        i2u454_40 1FD0                        i2u446_40 1EDE  
                      i2u470_40 284E                        i2u294_41 2562                        i2u286_41 186A  
                      i2u278_41 15E2                        i2u390_41 0E92                        i2u382_41 0D40  
                      i2u374_41 0C10                        i2u366_41 0A78                        i2u358_41 096A  
                      i2u438_41 299C                        i2u454_41 1FCC                        i2u446_41 1EDA  
                      i2u470_41 284A                        i2u295_40 259A                        i2u287_40 1884  
                      i2u279_40 15F6                        i2u391_40 0EDC                        i2u383_40 0D70  
                      i2u375_40 0C3C                        i2u367_40 0AA6                        i2u359_40 0988  
                      i2u439_40 29C4                        i2u455_40 202A                        i2u447_40 1F08  
                      i2u471_40 285E                        i2u295_41 2596                        i2u287_41 1880  
                      i2u279_41 15F2                        i2u391_41 0ED8                        i2u383_41 0D6C  
                      i2u367_41 0AA2                        i2u359_41 0984                        i2u439_41 29C0  
                      i2u455_41 2026                        i2u447_41 1F04                        i2u471_41 285A  
                      i2u375_45 0C32                        i2u296_40 21A4                        i2u288_40 1898  
                      i2u392_40 0F0E                        i2u384_40 0D9C                        i2u376_40 0C86  
                      i2u368_40 0AF0                        i2u456_40 205A                        i2u448_40 1F26  
                      i2u472_40 286E                        i2u296_41 21A0                        i2u288_41 1894  
                      i2u392_41 0F0A                        i2u384_41 0D98                        i2u376_41 0C82  
                      i2u368_41 0AEC                        i2u456_41 2056                        i2u448_41 1F22  
                      i2u472_41 286A                        i2u297_40 21E2                        i2u289_40 18B2  
                      i2u393_40 0F2A                        i2u385_40 0DB8                        i2u377_40 0CB2  
                      i2u369_40 0B18                        i2u449_40 1F52                        i2u297_41 21DE  
                      i2u289_41 18AE                        i2u393_41 0F26                        i2u385_41 0DB4  
                      i2u377_41 0CAE                        i2u449_41 1F4E                        i2u369_45 0B0E  
                      i2u298_40 2200                        i2u394_40 0F58                        i2u386_40 0E1E  
                      i2u378_40 0CCA                        i2u298_41 21FC                        i2u394_41 0F54  
                      i2u386_41 0E1A                        i2u378_41 0CC6                        i2u299_40 2220  
                      i2u395_40 0F84                        i2u387_40 0E2E                        i2u379_40 0CE8  
                      i2u299_41 221C                        i2u395_41 0F80                        i2u387_41 0E2A  
                      i2u379_41 0CE4                        i2u388_40 0E50                        i2u388_41 0E4C  
                      i2u396_45 0FAC                        i2u389_40 0E72                        i2u389_41 0E6E  
                      i2u397_45 0FE6                        i2u398_40 1018                        i2u398_41 1014  
                      i2u399_40 1030                        i2u399_41 102C                        _RCONbits 0FD0  
                   strtof@digit 0028                     ??_GetString 00B3                     strtof@flags 0029  
                   strtof@expon 002A               ??_TMR1_Initialize 00B1       i1set_servo_angle@duty_val 00A4  
                    _ADCON0bits 0FC2                        i1___lmul 2A60                      _ADCON1bits 0FC1  
                    _ADCON2bits 0FC0               ___wmul@multiplier 0001                        i2___lmul 2ACC  
     __end_ofi1_set_servo_angle 2984                    ?_MyusartRead 0001               ___lmul@multiplier 0100  
                   _INTCON2bits 0FF1                       copy_data0 2B62           ?_INTERRUPT_Initialize 0001  
                ?i2_ClearBuffer 0001               i2_set_servo_angle 2984               ??_TMR2_Initialize 00B1  
                i2ClearBuffer@i 0001      __end_ofi2_AngleToDutyCycle 24FA               ?_SetCCP1DutyCycle 00B1  
            ?i2_set_servo_angle 0021                        __Hrparam 0000              ??_SetCCP1DutyCycle 0100  
                      __Lrparam 0000                    __Lsmallconst 0600             ??i2_set_servo_angle 0023  
       ??_OSCILLATOR_Initialize 00B1                 _UART_Initialize 2F7A                        ___xxtofl 1D0E  
                      __ptext10 2F96                        __ptext11 2FAE                        __ptext20 3028  
                      __ptext12 3020                        __ptext21 2D1C                        __ptext13 2FDA  
                      __ptext30 1EC2                        __ptext14 2EEA                        __ptext31 2984  
                      __ptext23 2912                        __ptext15 300A                        __ptext40 2BF6  
                      __ptext32 2CD8                        __ptext24 2C92                        __ptext16 2FEC  
                      __ptext41 2EBE                        __ptext33 242A                        __ptext25 2352  
                      __ptext17 2F36                        __ptext50 2B98                        __ptext42 1D0E  
                      __ptext34 26F0                        __ptext26 2A60                        __ptext18 302E  
                      __ptext51 2070                        __ptext43 2F10                        __ptext35 2D5A  
                      __ptext27 264A                        __ptext19 3030                        __ptext52 2FC4  
                      __ptext44 2D96                        __ptext36 063E                        __ptext28 2DCE  
                      __ptext45 1558                        __ptext37 2ACC                        __ptext46 2176  
                      __ptext38 2E36                        __ptext47 24FA                        __ptext39 2F58  
                      __ptext48 197E                        __ptext49 2E64       __end_ofi2_set_servo_angle 29F4  
                     isxdigit@c 0001                      strcpy@dest 0100                        _isxdigit 2BF6  
             ??_set_servo_angle 00B3         i1AngleToDutyCycle@angle 009B                        isa$xinst 0000  
                    strtof@eexp 002C                      strtof@dpos 0027                        int$flags 0074  
                    strtof@xpos 0026                        _mystring 0056                      _INTCONbits 0FF2  
         i2___lmul@multiplicand 0005                 _CCP1_Initialize 2FEC                        isdigit@c 0001  
        ??_INTERRUPT_Initialize 00B1                 ??i2_ClearBuffer 0001                   ??_ClearBuffer 00B1  
                      intlevel1 0000                        intlevel2 0000              UART_PrintHex@F3388 0601  
            i1_AngleToDutyCycle 2352                ___lldiv@dividend 010C         ?_PIN_MANAGER_Initialize 0001  
                     strcpy@src 0101                ??_ADC_Initialize 00B1                      _OSCCONbits 0FD3  
           ?i1_AngleToDutyCycle 0099                 _CCP2_Initialize 300A                       strtof@err 0024  
                     strtof@res 001B         __end_of_UART_Initialize 2F96                ___lldiv@quotient 0114  
               _TMR0_Initialize 2FAE            ??i1_AngleToDutyCycle 009B                        toupper@c 0001  
      __end_of_AngleToDutyCycle 2352                      _UART_Write 2FC4                        strtof@_u 002E  
__end_of_PIN_MANAGER_Initialize 3028             __end_of_ClearBuffer 2D5A                 _TMR1_Initialize 2F96  
